date,product_id,product,category,store_id,store,region,units,price,discount,promotion,holiday,weather,stock,supplier,lead_time,returns,unit_cost,stockout,revenue,profit
2025-09-03,P001,Daily essentials 01,Grocery,S01,Store 01,North,9,1875.58,0.0,False,False,Clear,300,SUP-01,5,0,1453.11,False,16880.22,3802.2300000000005
2025-09-04,P001,Daily essentials 01,Grocery,S01,Store 01,North,19,1875.58,0.0,False,False,Clear,281,SUP-01,5,0,1453.11,False,35636.02,8026.93
2025-09-05,P001,Daily essentials 01,Grocery,S01,Store 01,North,24,1781.8,0.05,True,False,Clear,257,SUP-01,5,1,1453.11,False,42763.2,7888.560000000001
2025-09-06,P001,Daily essentials 01,Grocery,S01,Store 01,North,14,1875.58,0.0,False,False,Clear,243,SUP-01,5,0,1453.11,False,26258.12,5914.58
2025-09-07,P001,Daily essentials 01,Grocery,S01,Store 01,North,16,1875.58,0.0,False,False,Clear,227,SUP-01,5,0,1453.11,False,30009.28,6759.52
2025-09-08,P001,Daily essentials 01,Grocery,S01,Store 01,North,16,1875.58,0.0,False,False,Clear,305,SUP-01,5,0,1453.11,False,30009.28,6759.52
2025-09-09,P001,Daily essentials 01,Grocery,S01,Store 01,North,14,1875.58,0.0,False,False,Clear,291,SUP-01,5,0,1453.11,False,26258.12,5914.58
2025-09-10,P001,Daily essentials 01,Grocery,S01,Store 01,North,19,1875.58,0.0,False,False,Rain,272,SUP-01,5,0,1453.11,False,35636.02,8026.93
2025-09-11,P001,Daily essentials 01,Grocery,S01,Store 01,North,19,1875.58,0.0,False,False,Clear,253,SUP-01,5,1,1453.11,False,35636.02,8026.93
2025-09-12,P001,Daily essentials 01,Grocery,S01,Store 01,North,11,1875.58,0.0,False,False,Clear,242,SUP-01,5,0,1453.11,False,20631.379999999997,4647.17
2025-09-13,P001,Daily essentials 01,Grocery,S01,Store 01,North,23,1875.58,0.0,False,False,Clear,311,SUP-01,5,0,1453.11,False,43138.34,9716.810000000001
2025-09-14,P001,Daily essentials 01,Grocery,S01,Store 01,North,19,1688.02,0.1,True,False,Clear,292,SUP-01,5,1,1453.11,False,32072.38,4463.290000000002
2025-09-15,P001,Daily essentials 01,Grocery,S01,Store 01,North,17,1688.02,0.1,True,False,Clear,275,SUP-01,5,0,1453.11,False,28696.34,3993.470000000001
2025-09-16,P001,Daily essentials 01,Grocery,S01,Store 01,North,17,1875.58,0.0,False,False,Clear,258,SUP-01,5,1,1453.11,False,31884.86,7181.990000000001
2025-09-17,P001,Daily essentials 01,Grocery,S01,Store 01,North,22,1781.8,0.05,True,False,Clear,236,SUP-01,5,0,1453.11,False,39199.6,7231.180000000001
2025-09-18,P001,Daily essentials 01,Grocery,S01,Store 01,North,16,1875.58,0.0,False,False,Clear,309,SUP-01,5,0,1453.11,False,30009.28,6759.52
2025-09-19,P001,Daily essentials 01,Grocery,S01,Store 01,North,7,1875.58,0.0,False,False,Clear,302,SUP-01,5,1,1453.11,False,13129.06,2957.29
2025-09-20,P001,Daily essentials 01,Grocery,S01,Store 01,North,15,1875.58,0.0,False,False,Clear,287,SUP-01,5,0,1453.11,False,28133.699999999997,6337.05
2025-09-21,P001,Daily essentials 01,Grocery,S01,Store 01,North,11,1875.58,0.0,False,False,Clear,276,SUP-01,5,0,1453.11,False,20631.379999999997,4647.17
2025-09-22,P001,Daily essentials 01,Grocery,S01,Store 01,North,15,1875.58,0.0,False,False,Clear,261,SUP-01,5,0,1453.11,False,28133.699999999997,6337.05
2025-09-23,P001,Daily essentials 01,Grocery,S01,Store 01,North,13,1875.58,0.0,False,False,Clear,338,SUP-01,5,0,1453.11,False,24382.54,5492.110000000001
2025-09-24,P001,Daily essentials 01,Grocery,S01,Store 01,North,7,1875.58,0.0,False,False,Clear,331,SUP-01,5,0,1453.11,False,13129.06,2957.29
2025-09-25,P001,Daily essentials 01,Grocery,S01,Store 01,North,12,1875.58,0.0,False,False,Rain,319,SUP-01,5,0,1453.11,False,22506.96,5069.64
2025-09-26,P001,Daily essentials 01,Grocery,S01,Store 01,North,11,1875.58,0.0,False,False,Clear,308,SUP-01,5,0,1453.11,False,20631.379999999997,4647.17
2025-09-27,P001,Daily essentials 01,Grocery,S01,Store 01,North,21,1875.58,0.0,False,False,Clear,287,SUP-01,5,0,1453.11,False,39387.18,8871.87
2025-09-28,P001,Daily essentials 01,Grocery,S01,Store 01,North,14,1875.58,0.0,False,False,Clear,355,SUP-01,5,1,1453.11,False,26258.12,5914.58
2025-09-29,P001,Daily essentials 01,Grocery,S01,Store 01,North,13,1875.58,0.0,False,False,Clear,342,SUP-01,5,0,1453.11,False,24382.54,5492.110000000001
2025-09-30,P001,Daily essentials 01,Grocery,S01,Store 01,North,15,1875.58,0.0,False,False,Clear,327,SUP-01,5,0,1453.11,False,28133.699999999997,6337.05
2025-10-01,P001,Daily essentials 01,Grocery,S01,Store 01,North,12,1875.58,0.0,False,False,Clear,315,SUP-01,5,0,1453.11,False,22506.96,5069.64
2025-10-02,P001,Daily essentials 01,Grocery,S01,Store 01,North,14,1875.58,0.0,False,True,Clear,301,SUP-01,5,0,1453.11,False,26258.12,5914.58
2025-10-03,P001,Daily essentials 01,Grocery,S01,Store 01,North,20,1875.58,0.0,False,False,Clear,369,SUP-01,5,1,1453.11,False,37511.6,8449.400000000001
2025-10-04,P001,Daily essentials 01,Grocery,S01,Store 01,North,13,1875.58,0.0,False,False,Clear,356,SUP-01,5,1,1453.11,False,24382.54,5492.110000000001
2025-10-05,P001,Daily essentials 01,Grocery,S01,Store 01,North,13,1875.58,0.0,False,False,Clear,343,SUP-01,5,0,1453.11,False,24382.54,5492.110000000001
2025-10-06,P001,Daily essentials 01,Grocery,S01,Store 01,North,11,1875.58,0.0,False,False,Clear,332,SUP-01,5,0,1453.11,False,20631.379999999997,4647.17
2025-10-07,P001,Daily essentials 01,Grocery,S01,Store 01,North,10,1875.58,0.0,False,False,Clear,322,SUP-01,5,0,1453.11,False,18755.8,4224.700000000001
2025-10-08,P001,Daily essentials 01,Grocery,S01,Store 01,North,20,1875.58,0.0,False,False,Clear,398,SUP-01,5,0,1453.11,False,37511.6,8449.400000000001
2025-10-09,P001,Daily essentials 01,Grocery,S01,Store 01,North,15,1875.58,0.0,False,False,Clear,383,SUP-01,5,0,1453.11,False,28133.699999999997,6337.05
2025-10-10,P001,Daily essentials 01,Grocery,S01,Store 01,North,14,1875.58,0.0,False,False,Clear,369,SUP-01,5,0,1453.11,False,26258.12,5914.58
2025-10-11,P001,Daily essentials 01,Grocery,S01,Store 01,North,13,1875.58,0.0,False,False,Clear,356,SUP-01,5,0,1453.11,False,24382.54,5492.110000000001
2025-10-12,P001,Daily essentials 01,Grocery,S01,Store 01,North,27,1875.58,0.0,False,False,Clear,329,SUP-01,5,0,1453.11,False,50640.659999999996,11406.69
2025-10-13,P001,Daily essentials 01,Grocery,S01,Store 01,North,14,1781.8,0.05,True,False,Clear,412,SUP-01,5,0,1453.11,False,24945.2,4601.660000000001
2025-10-14,P001,Daily essentials 01,Grocery,S01,Store 01,North,21,1875.58,0.0,False,False,Clear,391,SUP-01,5,0,1453.11,False,39387.18,8871.87
2025-10-15,P001,Daily essentials 01,Grocery,S01,Store 01,North,17,1875.58,0.0,False,False,Clear,374,SUP-01,5,0,1453.11,False,31884.86,7181.990000000001
2025-10-16,P001,Daily essentials 01,Grocery,S01,Store 01,North,9,1875.58,0.0,False,False,Clear,365,SUP-01,5,0,1453.11,False,16880.22,3802.2300000000005
2025-10-17,P001,Daily essentials 01,Grocery,S01,Store 01,North,12,1875.58,0.0,False,False,Clear,353,SUP-01,5,1,1453.11,False,22506.96,5069.64
2025-10-18,P001,Daily essentials 01,Grocery,S01,Store 01,North,11,1875.58,0.0,False,False,Clear,424,SUP-01,5,0,1453.11,False,20631.379999999997,4647.17
2025-10-19,P001,Daily essentials 01,Grocery,S01,Store 01,North,22,1688.02,0.1,True,False,Clear,402,SUP-01,5,0,1453.11,False,37136.44,5168.020000000002
2025-10-20,P001,Daily essentials 01,Grocery,S01,Store 01,North,17,1875.58,0.0,False,False,Clear,385,SUP-01,5,0,1453.11,False,31884.86,7181.990000000001
2025-10-21,P001,Daily essentials 01,Grocery,S01,Store 01,North,13,1875.58,0.0,False,False,Clear,372,SUP-01,5,0,1453.11,False,24382.54,5492.110000000001
2025-10-22,P001,Daily essentials 01,Grocery,S01,Store 01,North,7,1875.58,0.0,False,False,Clear,365,SUP-01,5,0,1453.11,False,13129.06,2957.29
2025-10-23,P001,Daily essentials 01,Grocery,S01,Store 01,North,15,1875.58,0.0,False,False,Clear,446,SUP-01,5,0,1453.11,False,28133.699999999997,6337.05
2025-10-24,P001,Daily essentials 01,Grocery,S01,Store 01,North,16,1875.58,0.0,False,False,Clear,430,SUP-01,5,0,1453.11,False,30009.28,6759.52
2025-10-25,P001,Daily essentials 01,Grocery,S01,Store 01,North,8,1875.58,0.0,False,False,Clear,422,SUP-01,5,0,1453.11,False,15004.64,3379.76
2025-10-26,P001,Daily essentials 01,Grocery,S01,Store 01,North,12,1875.58,0.0,False,False,Clear,410,SUP-01,5,0,1453.11,False,22506.96,5069.64
2025-10-27,P001,Daily essentials 01,Grocery,S01,Store 01,North,11,1875.58,0.0,False,False,Clear,399,SUP-01,5,0,1453.11,False,20631.379999999997,4647.17
2025-10-28,P001,Daily essentials 01,Grocery,S01,Store 01,North,15,1875.58,0.0,False,False,Clear,478,SUP-01,5,0,1453.11,False,28133.699999999997,6337.05
2025-10-29,P001,Daily essentials 01,Grocery,S01,Store 01,North,7,1875.58,0.0,False,False,Clear,471,SUP-01,5,0,1453.11,False,13129.06,2957.29
2025-10-30,P001,Daily essentials 01,Grocery,S01,Store 01,North,23,1594.24,0.15,True,False,Clear,448,SUP-01,5,2,1453.11,False,36667.52,3245.9900000000025
2025-10-31,P001,Daily essentials 01,Grocery,S01,Store 01,North,20,1875.58,0.0,False,False,Rain,428,SUP-01,5,0,1453.11,False,37511.6,8449.400000000001
2025-11-01,P001,Daily essentials 01,Grocery,S01,Store 01,North,11,1875.58,0.0,False,False,Clear,417,SUP-01,5,0,1453.11,False,20631.379999999997,4647.17
2025-11-02,P001,Daily essentials 01,Grocery,S01,Store 01,North,19,1875.58,0.0,False,False,Clear,489,SUP-01,5,0,1453.11,False,35636.02,8026.93
2025-11-03,P001,Daily essentials 01,Grocery,S01,Store 01,North,9,1875.58,0.0,False,False,Clear,480,SUP-01,5,0,1453.11,False,16880.22,3802.2300000000005
2025-11-04,P001,Daily essentials 01,Grocery,S01,Store 01,North,17,1875.58,0.0,False,False,Clear,463,SUP-01,5,1,1453.11,False,31884.86,7181.990000000001
2025-11-05,P001,Daily essentials 01,Grocery,S01,Store 01,North,13,1875.58,0.0,False,False,Clear,450,SUP-01,5,0,1453.11,False,24382.54,5492.110000000001
2025-11-06,P001,Daily essentials 01,Grocery,S01,Store 01,North,15,1875.58,0.0,False,False,Clear,435,SUP-01,5,0,1453.11,False,28133.699999999997,6337.05
2025-11-07,P001,Daily essentials 01,Grocery,S01,Store 01,North,19,1875.58,0.0,False,False,Clear,505,SUP-01,5,2,1453.11,False,35636.02,8026.93
2025-11-08,P001,Daily essentials 01,Grocery,S01,Store 01,North,13,1875.58,0.0,False,False,Clear,492,SUP-01,5,0,1453.11,False,24382.54,5492.110000000001
2025-11-09,P001,Daily essentials 01,Grocery,S01,Store 01,North,21,1875.58,0.0,False,False,Clear,471,SUP-01,5,0,1453.11,False,39387.18,8871.87
2025-11-10,P001,Daily essentials 01,Grocery,S01,Store 01,North,16,1875.58,0.0,False,False,Clear,455,SUP-01,5,0,1453.11,False,30009.28,6759.52
2025-11-11,P001,Daily essentials 01,Grocery,S01,Store 01,North,21,1875.58,0.0,False,False,Rain,434,SUP-01,5,1,1453.11,False,39387.18,8871.87
2025-11-12,P001,Daily essentials 01,Grocery,S01,Store 01,North,18,1875.58,0.0,False,False,Rain,500,SUP-01,5,1,1453.11,False,33760.44,7604.460000000001
2025-11-13,P001,Daily essentials 01,Grocery,S01,Store 01,North,17,1875.58,0.0,False,False,Rain,483,SUP-01,5,0,1453.11,False,31884.86,7181.990000000001
2025-11-14,P001,Daily essentials 01,Grocery,S01,Store 01,North,19,1875.58,0.0,False,False,Rain,464,SUP-01,5,1,1453.11,False,35636.02,8026.93
2025-11-15,P001,Daily essentials 01,Grocery,S01,Store 01,North,24,1875.58,0.0,False,False,Clear,440,SUP-01,5,1,1453.11,False,45013.92,10139.28
2025-11-16,P001,Daily essentials 01,Grocery,S01,Store 01,North,15,1688.02,0.1,True,False,Clear,425,SUP-01,5,0,1453.11,False,25320.3,3523.6500000000015
2025-11-17,P001,Daily essentials 01,Grocery,S01,Store 01,North,9,1875.58,0.0,False,False,Clear,502,SUP-01,5,0,1453.11,False,16880.22,3802.2300000000005
2025-11-18,P001,Daily essentials 01,Grocery,S01,Store 01,North,14,1875.58,0.0,False,False,Rain,488,SUP-01,5,0,1453.11,False,26258.12,5914.58
2025-11-19,P001,Daily essentials 01,Grocery,S01,Store 01,North,15,1875.58,0.0,False,False,Clear,473,SUP-01,5,0,1453.11,False,28133.699999999997,6337.05
2025-11-20,P001,Daily essentials 01,Grocery,S01,Store 01,North,12,1875.58,0.0,False,False,Clear,461,SUP-01,5,0,1453.11,False,22506.96,5069.64
2025-11-21,P001,Daily essentials 01,Grocery,S01,Store 01,North,19,1875.58,0.0,False,False,Clear,442,SUP-01,5,0,1453.11,False,35636.02,8026.93
2025-11-22,P001,Daily essentials 01,Grocery,S01,Store 01,North,21,1875.58,0.0,False,False,Clear,512,SUP-01,5,0,1453.11,False,39387.18,8871.87
2025-11-23,P001,Daily essentials 01,Grocery,S01,Store 01,North,8,1875.58,0.0,False,False,Clear,504,SUP-01,5,0,1453.11,False,15004.64,3379.76
2025-11-24,P001,Daily essentials 01,Grocery,S01,Store 01,North,12,1875.58,0.0,False,False,Clear,492,SUP-01,5,0,1453.11,False,22506.96,5069.64
2025-11-25,P001,Daily essentials 01,Grocery,S01,Store 01,North,9,1875.58,0.0,False,False,Clear,483,SUP-01,5,0,1453.11,False,16880.22,3802.2300000000005
2025-11-26,P001,Daily essentials 01,Grocery,S01,Store 01,North,12,1875.58,0.0,False,False,Clear,471,SUP-01,5,0,1453.11,False,22506.96,5069.64
2025-11-27,P001,Daily essentials 01,Grocery,S01,Store 01,North,9,1875.58,0.0,False,False,Clear,554,SUP-01,5,0,1453.11,False,16880.22,3802.2300000000005
2025-11-28,P001,Daily essentials 01,Grocery,S01,Store 01,North,12,1875.58,0.0,False,False,Clear,542,SUP-01,5,1,1453.11,False,22506.96,5069.64
2025-11-29,P001,Daily essentials 01,Grocery,S01,Store 01,North,14,1875.58,0.0,False,False,Clear,528,SUP-01,5,0,1453.11,False,26258.12,5914.58
2025-11-30,P001,Daily essentials 01,Grocery,S01,Store 01,North,9,1875.58,0.0,False,False,Rain,519,SUP-01,5,0,1453.11,False,16880.22,3802.2300000000005
2025-12-01,P001,Daily essentials 01,Grocery,S01,Store 01,North,11,1875.58,0.0,False,False,Clear,508,SUP-01,5,0,1453.11,False,20631.379999999997,4647.17
2025-12-02,P001,Daily essentials 01,Grocery,S01,Store 01,North,16,1781.8,0.05,True,False,Clear,585,SUP-01,5,0,1453.11,False,28508.8,5259.040000000001
2025-12-03,P001,Daily essentials 01,Grocery,S01,Store 01,North,12,1875.58,0.0,False,False,Clear,573,SUP-01,5,0,1453.11,False,22506.96,5069.64
2025-12-04,P001,Daily essentials 01,Grocery,S01,Store 01,North,15,1875.58,0.0,False,False,Clear,558,SUP-01,5,0,1453.11,False,28133.699999999997,6337.05
2025-12-05,P001,Daily essentials 01,Grocery,S01,Store 01,North,15,1875.58,0.0,False,False,Clear,543,SUP-01,5,2,1453.11,False,28133.699999999997,6337.05
2025-12-06,P001,Daily essentials 01,Grocery,S01,Store 01,North,16,1875.58,0.0,False,False,Clear,527,SUP-01,5,0,1453.11,False,30009.28,6759.52
2025-12-07,P001,Daily essentials 01,Grocery,S01,Store 01,North,13,1875.58,0.0,False,False,Clear,613,SUP-01,5,0,1453.11,False,24382.54,5492.110000000001
2025-12-08,P001,Daily essentials 01,Grocery,S01,Store 01,North,16,1875.58,0.0,False,False,Rain,597,SUP-01,5,0,1453.11,False,30009.28,6759.52
2025-12-09,P001,Daily essentials 01,Grocery,S01,Store 01,North,20,1875.58,0.0,False,False,Clear,577,SUP-01,5,0,1453.11,False,37511.6,8449.400000000001
2025-12-10,P001,Daily essentials 01,Grocery,S01,Store 01,North,8,1875.58,0.0,False,False,Clear,569,SUP-01,5,0,1453.11,False,15004.64,3379.76
2025-12-11,P001,Daily essentials 01,Grocery,S01,Store 01,North,15,1875.58,0.0,False,False,Clear,554,SUP-01,5,1,1453.11,False,28133.699999999997,6337.05
2025-12-12,P001,Daily essentials 01,Grocery,S01,Store 01,North,16,1875.58,0.0,False,False,Clear,626,SUP-01,5,0,1453.11,False,30009.28,6759.52
2025-12-13,P001,Daily essentials 01,Grocery,S01,Store 01,North,16,1875.58,0.0,False,False,Clear,610,SUP-01,5,0,1453.11,False,30009.28,6759.52
2025-12-14,P001,Daily essentials 01,Grocery,S01,Store 01,North,13,1875.58,0.0,False,False,Clear,597,SUP-01,5,1,1453.11,False,24382.54,5492.110000000001
2025-12-15,P001,Daily essentials 01,Grocery,S01,Store 01,North,15,1875.58,0.0,False,False,Clear,582,SUP-01,5,0,1453.11,False,28133.699999999997,6337.05
2025-12-16,P001,Daily essentials 01,Grocery,S01,Store 01,North,14,1875.58,0.0,False,False,Clear,568,SUP-01,5,1,1453.11,False,26258.12,5914.58
2025-12-17,P001,Daily essentials 01,Grocery,S01,Store 01,North,8,1875.58,0.0,False,False,Clear,650,SUP-01,5,0,1453.11,False,15004.64,3379.76
2025-12-18,P001,Daily essentials 01,Grocery,S01,Store 01,North,15,1875.58,0.0,False,False,Clear,635,SUP-01,5,0,1453.11,False,28133.699999999997,6337.05
2025-12-19,P001,Daily essentials 01,Grocery,S01,Store 01,North,15,1594.24,0.15,True,False,Clear,620,SUP-01,5,0,1453.11,False,23913.6,2116.9500000000016
2025-12-20,P001,Daily essentials 01,Grocery,S01,Store 01,North,20,1875.58,0.0,False,False,Clear,600,SUP-01,5,0,1453.11,False,37511.6,8449.400000000001
2025-12-21,P001,Daily essentials 01,Grocery,S01,Store 01,North,11,1500.46,0.2,True,False,Clear,589,SUP-01,5,0,1453.11,False,16505.06,520.8500000000015
2025-12-22,P001,Daily essentials 01,Grocery,S01,Store 01,North,4,1875.58,0.0,False,False,Rain,678,SUP-01,5,0,1453.11,False,7502.32,1689.88
2025-12-23,P001,Daily essentials 01,Grocery,S01,Store 01,North,13,1875.58,0.0,False,False,Clear,665,SUP-01,5,0,1453.11,False,24382.54,5492.110000000001
2025-12-24,P001,Daily essentials 01,Grocery,S01,Store 01,North,8,1875.58,0.0,False,False,Clear,657,SUP-01,5,0,1453.11,False,15004.64,3379.76
2025-12-25,P001,Daily essentials 01,Grocery,S01,Store 01,North,15,1875.58,0.0,False,True,Clear,642,SUP-01,5,0,1453.11,False,28133.699999999997,6337.05
2025-12-26,P001,Daily essentials 01,Grocery,S01,Store 01,North,5,1875.58,0.0,False,False,Clear,637,SUP-01,5,0,1453.11,False,9377.9,2112.3500000000004
2025-12-27,P001,Daily essentials 01,Grocery,S01,Store 01,North,11,1875.58,0.0,False,False,Clear,711,SUP-01,5,0,1453.11,False,20631.379999999997,4647.17
2025-12-28,P001,Daily essentials 01,Grocery,S01,Store 01,North,14,1875.58,0.0,False,False,Clear,697,SUP-01,5,1,1453.11,False,26258.12,5914.58
2025-12-29,P001,Daily essentials 01,Grocery,S01,Store 01,North,10,1875.58,0.0,False,False,Rain,687,SUP-01,5,0,1453.11,False,18755.8,4224.700000000001
2025-12-30,P001,Daily essentials 01,Grocery,S01,Store 01,North,14,1875.58,0.0,False,False,Clear,673,SUP-01,5,0,1453.11,False,26258.12,5914.58
2025-12-31,P001,Daily essentials 01,Grocery,S01,Store 01,North,13,1875.58,0.0,False,False,Clear,660,SUP-01,5,1,1453.11,False,24382.54,5492.110000000001
2025-09-03,P001,Daily essentials 01,Grocery,S02,Store 02,South,12,1875.58,0.0,False,False,Clear,140,SUP-01,13,0,1453.11,False,22506.96,5069.64
2025-09-04,P001,Daily essentials 01,Grocery,S02,Store 02,South,16,1875.58,0.0,False,False,Clear,124,SUP-01,13,0,1453.11,False,30009.28,6759.52
2025-09-05,P001,Daily essentials 01,Grocery,S02,Store 02,South,11,1875.58,0.0,False,False,Clear,113,SUP-01,13,2,1453.11,False,20631.379999999997,4647.17
2025-09-06,P001,Daily essentials 01,Grocery,S02,Store 02,South,10,1875.58,0.0,False,False,Clear,103,SUP-01,13,0,1453.11,False,18755.8,4224.700000000001
2025-09-07,P001,Daily essentials 01,Grocery,S02,Store 02,South,14,1875.58,0.0,False,False,Clear,89,SUP-01,13,0,1453.11,False,26258.12,5914.58
2025-09-08,P001,Daily essentials 01,Grocery,S02,Store 02,South,4,1875.58,0.0,False,False,Clear,85,SUP-01,13,0,1453.11,False,7502.32,1689.88
2025-09-09,P001,Daily essentials 01,Grocery,S02,Store 02,South,11,1875.58,0.0,False,False,Clear,74,SUP-01,13,0,1453.11,False,20631.379999999997,4647.17
2025-09-10,P001,Daily essentials 01,Grocery,S02,Store 02,South,19,1500.46,0.2,True,False,Clear,55,SUP-01,13,0,1453.11,False,28508.74,899.6500000000026
2025-09-11,P001,Daily essentials 01,Grocery,S02,Store 02,South,17,1875.58,0.0,False,False,Clear,38,SUP-01,13,0,1453.11,False,31884.86,7181.990000000001
2025-09-12,P001,Daily essentials 01,Grocery,S02,Store 02,South,12,1875.58,0.0,False,False,Clear,26,SUP-01,13,1,1453.11,False,22506.96,5069.64
2025-09-13,P001,Daily essentials 01,Grocery,S02,Store 02,South,11,1875.58,0.0,False,False,Clear,15,SUP-01,13,0,1453.11,False,20631.379999999997,4647.17
2025-09-14,P001,Daily essentials 01,Grocery,S02,Store 02,South,15,1875.58,0.0,False,False,Clear,0,SUP-01,13,0,1453.11,True,28133.699999999997,6337.05
2025-09-15,P001,Daily essentials 01,Grocery,S02,Store 02,South,0,1875.58,0.0,False,False,Clear,0,SUP-01,13,0,1453.11,True,0.0,0.0
2025-09-16,P001,Daily essentials 01,Grocery,S02,Store 02,South,4,1500.46,0.2,True,False,Clear,180,SUP-01,13,0,1453.11,False,6001.84,189.40000000000055
2025-09-17,P001,Daily essentials 01,Grocery,S02,Store 02,South,15,1875.58,0.0,False,False,Clear,165,SUP-01,13,1,1453.11,False,28133.699999999997,6337.05
2025-09-18,P001,Daily essentials 01,Grocery,S02,Store 02,South,10,1875.58,0.0,False,False,Clear,155,SUP-01,13,1,1453.11,False,18755.8,4224.700000000001
2025-09-19,P001,Daily essentials 01,Grocery,S02,Store 02,South,8,1875.58,0.0,False,False,Clear,147,SUP-01,13,0,1453.11,False,15004.64,3379.76
2025-09-20,P001,Daily essentials 01,Grocery,S02,Store 02,South,10,1875.58,0.0,False,False,Clear,137,SUP-01,13,0,1453.11,False,18755.8,4224.700000000001
2025-09-21,P001,Daily essentials 01,Grocery,S02,Store 02,South,10,1781.8,0.05,True,False,Clear,127,SUP-01,13,0,1453.11,False,17818.0,3286.9000000000005
2025-09-22,P001,Daily essentials 01,Grocery,S02,Store 02,South,8,1875.58,0.0,False,False,Clear,119,SUP-01,13,0,1453.11,False,15004.64,3379.76
2025-09-23,P001,Daily essentials 01,Grocery,S02,Store 02,South,8,1875.58,0.0,False,False,Clear,111,SUP-01,13,0,1453.11,False,15004.64,3379.76
2025-09-24,P001,Daily essentials 01,Grocery,S02,Store 02,South,9,1781.8,0.05,True,False,Clear,102,SUP-01,13,0,1453.11,False,16036.199999999999,2958.2100000000005
2025-09-25,P001,Daily essentials 01,Grocery,S02,Store 02,South,9,1875.58,0.0,False,False,Clear,93,SUP-01,13,0,1453.11,False,16880.22,3802.2300000000005
2025-09-26,P001,Daily essentials 01,Grocery,S02,Store 02,South,11,1875.58,0.0,False,False,Clear,82,SUP-01,13,0,1453.11,False,20631.379999999997,4647.17
2025-09-27,P001,Daily essentials 01,Grocery,S02,Store 02,South,13,1875.58,0.0,False,False,Clear,69,SUP-01,13,0,1453.11,False,24382.54,5492.110000000001
2025-09-28,P001,Daily essentials 01,Grocery,S02,Store 02,South,14,1875.58,0.0,False,False,Clear,55,SUP-01,13,0,1453.11,False,26258.12,5914.58
2025-09-29,P001,Daily essentials 01,Grocery,S02,Store 02,South,11,1594.24,0.15,True,False,Clear,228,SUP-01,13,0,1453.11,False,17536.64,1552.4300000000012
2025-09-30,P001,Daily essentials 01,Grocery,S02,Store 02,South,8,1875.58,0.0,False,False,Clear,220,SUP-01,13,1,1453.11,False,15004.64,3379.76
2025-10-01,P001,Daily essentials 01,Grocery,S02,Store 02,South,8,1875.58,0.0,False,False,Clear,212,SUP-01,13,0,1453.11,False,15004.64,3379.76
2025-10-02,P001,Daily essentials 01,Grocery,S02,Store 02,South,13,1875.58,0.0,False,True,Clear,199,SUP-01,13,0,1453.11,False,24382.54,5492.110000000001
2025-10-03,P001,Daily essentials 01,Grocery,S02,Store 02,South,18,1875.58,0.0,False,False,Clear,181,SUP-01,13,0,1453.11,False,33760.44,7604.460000000001
2025-10-04,P001,Daily essentials 01,Grocery,S02,Store 02,South,14,1875.58,0.0,False,False,Clear,167,SUP-01,13,0,1453.11,False,26258.12,5914.58
2025-10-05,P001,Daily essentials 01,Grocery,S02,Store 02,South,18,1875.58,0.0,False,False,Clear,149,SUP-01,13,0,1453.11,False,33760.44,7604.460000000001
2025-10-06,P001,Daily essentials 01,Grocery,S02,Store 02,South,11,1875.58,0.0,False,False,Clear,138,SUP-01,13,0,1453.11,False,20631.379999999997,4647.17
2025-10-07,P001,Daily essentials 01,Grocery,S02,Store 02,South,7,1875.58,0.0,False,False,Clear,131,SUP-01,13,0,1453.11,False,13129.06,2957.29
2025-10-08,P001,Daily essentials 01,Grocery,S02,Store 02,South,12,1875.58,0.0,False,False,Clear,119,SUP-01,13,0,1453.11,False,22506.96,5069.64
2025-10-09,P001,Daily essentials 01,Grocery,S02,Store 02,South,11,1875.58,0.0,False,False,Clear,108,SUP-01,13,0,1453.11,False,20631.379999999997,4647.17
2025-10-10,P001,Daily essentials 01,Grocery,S02,Store 02,South,16,1875.58,0.0,False,False,Clear,92,SUP-01,13,0,1453.11,False,30009.28,6759.52
2025-10-11,P001,Daily essentials 01,Grocery,S02,Store 02,South,14,1875.58,0.0,False,False,Clear,78,SUP-01,13,0,1453.11,False,26258.12,5914.58
2025-10-12,P001,Daily essentials 01,Grocery,S02,Store 02,South,23,1875.58,0.0,False,False,Clear,237,SUP-01,13,0,1453.11,False,43138.34,9716.810000000001
2025-10-13,P001,Daily essentials 01,Grocery,S02,Store 02,South,22,1688.02,0.1,True,False,Clear,215,SUP-01,13,0,1453.11,False,37136.44,5168.020000000002
2025-10-14,P001,Daily essentials 01,Grocery,S02,Store 02,South,12,1875.58,0.0,False,False,Clear,203,SUP-01,13,2,1453.11,False,22506.96,5069.64
2025-10-15,P001,Daily essentials 01,Grocery,S02,Store 02,South,11,1875.58,0.0,False,False,Clear,192,SUP-01,13,1,1453.11,False,20631.379999999997,4647.17
2025-10-16,P001,Daily essentials 01,Grocery,S02,Store 02,South,13,1781.8,0.05,True,False,Clear,179,SUP-01,13,0,1453.11,False,23163.399999999998,4272.970000000001
2025-10-17,P001,Daily essentials 01,Grocery,S02,Store 02,South,10,1875.58,0.0,False,False,Clear,169,SUP-01,13,0,1453.11,False,18755.8,4224.700000000001
2025-10-18,P001,Daily essentials 01,Grocery,S02,Store 02,South,5,1875.58,0.0,False,False,Clear,164,SUP-01,13,0,1453.11,False,9377.9,2112.3500000000004
2025-10-19,P001,Daily essentials 01,Grocery,S02,Store 02,South,11,1875.58,0.0,False,False,Clear,153,SUP-01,13,0,1453.11,False,20631.379999999997,4647.17
2025-10-20,P001,Daily essentials 01,Grocery,S02,Store 02,South,13,1875.58,0.0,False,False,Clear,140,SUP-01,13,0,1453.11,False,24382.54,5492.110000000001
2025-10-21,P001,Daily essentials 01,Grocery,S02,Store 02,South,12,1875.58,0.0,False,False,Clear,128,SUP-01,13,0,1453.11,False,22506.96,5069.64
2025-10-22,P001,Daily essentials 01,Grocery,S02,Store 02,South,7,1875.58,0.0,False,False,Clear,121,SUP-01,13,0,1453.11,False,13129.06,2957.29
2025-10-23,P001,Daily essentials 01,Grocery,S02,Store 02,South,13,1875.58,0.0,False,False,Clear,108,SUP-01,13,0,1453.11,False,24382.54,5492.110000000001
2025-10-24,P001,Daily essentials 01,Grocery,S02,Store 02,South,17,1875.58,0.0,False,False,Clear,91,SUP-01,13,0,1453.11,False,31884.86,7181.990000000001
2025-10-25,P001,Daily essentials 01,Grocery,S02,Store 02,South,8,1875.58,0.0,False,False,Clear,266,SUP-01,13,0,1453.11,False,15004.64,3379.76
2025-10-26,P001,Daily essentials 01,Grocery,S02,Store 02,South,14,1875.58,0.0,False,False,Clear,252,SUP-01,13,0,1453.11,False,26258.12,5914.58
2025-10-27,P001,Daily essentials 01,Grocery,S02,Store 02,South,7,1875.58,0.0,False,False,Clear,245,SUP-01,13,0,1453.11,False,13129.06,2957.29
2025-10-28,P001,Daily essentials 01,Grocery,S02,Store 02,South,7,1875.58,0.0,False,False,Clear,238,SUP-01,13,0,1453.11,False,13129.06,2957.29
2025-10-29,P001,Daily essentials 01,Grocery,S02,Store 02,South,13,1875.58,0.0,False,False,Clear,225,SUP-01,13,0,1453.11,False,24382.54,5492.110000000001
2025-10-30,P001,Daily essentials 01,Grocery,S02,Store 02,South,11,1875.58,0.0,False,False,Rain,214,SUP-01,13,0,1453.11,False,20631.379999999997,4647.17
2025-10-31,P001,Daily essentials 01,Grocery,S02,Store 02,South,12,1781.8,0.05,True,False,Clear,202,SUP-01,13,0,1453.11,False,21381.6,3944.2800000000007
2025-11-01,P001,Daily essentials 01,Grocery,S02,Store 02,South,8,1875.58,0.0,False,False,Clear,194,SUP-01,13,0,1453.11,False,15004.64,3379.76
2025-11-02,P001,Daily essentials 01,Grocery,S02,Store 02,South,16,1875.58,0.0,False,False,Clear,178,SUP-01,13,0,1453.11,False,30009.28,6759.52
2025-11-03,P001,Daily essentials 01,Grocery,S02,Store 02,South,13,1875.58,0.0,False,False,Clear,165,SUP-01,13,0,1453.11,False,24382.54,5492.110000000001
2025-11-04,P001,Daily essentials 01,Grocery,S02,Store 02,South,8,1875.58,0.0,False,False,Rain,157,SUP-01,13,0,1453.11,False,15004.64,3379.76
2025-11-05,P001,Daily essentials 01,Grocery,S02,Store 02,South,11,1781.8,0.05,True,False,Clear,146,SUP-01,13,0,1453.11,False,19599.8,3615.5900000000006
2025-11-06,P001,Daily essentials 01,Grocery,S02,Store 02,South,7,1875.58,0.0,False,False,Clear,139,SUP-01,13,0,1453.11,False,13129.06,2957.29
2025-11-07,P001,Daily essentials 01,Grocery,S02,Store 02,South,8,1875.58,0.0,False,False,Clear,317,SUP-01,13,0,1453.11,False,15004.64,3379.76
2025-11-08,P001,Daily essentials 01,Grocery,S02,Store 02,South,15,1875.58,0.0,False,False,Rain,302,SUP-01,13,0,1453.11,False,28133.699999999997,6337.05
2025-11-09,P001,Daily essentials 01,Grocery,S02,Store 02,South,18,1500.46,0.2,True,False,Clear,284,SUP-01,13,0,1453.11,False,27008.28,852.3000000000025
2025-11-10,P001,Daily essentials 01,Grocery,S02,Store 02,South,13,1875.58,0.0,False,False,Clear,271,SUP-01,13,0,1453.11,False,24382.54,5492.110000000001
2025-11-11,P001,Daily essentials 01,Grocery,S02,Store 02,South,13,1875.58,0.0,False,False,Rain,258,SUP-01,13,0,1453.11,False,24382.54,5492.110000000001
2025-11-12,P001,Daily essentials 01,Grocery,S02,Store 02,South,17,1875.58,0.0,False,False,Clear,241,SUP-01,13,0,1453.11,False,31884.86,7181.990000000001
2025-11-13,P001,Daily essentials 01,Grocery,S02,Store 02,South,5,1875.58,0.0,False,False,Clear,236,SUP-01,13,0,1453.11,False,9377.9,2112.3500000000004
2025-11-14,P001,Daily essentials 01,Grocery,S02,Store 02,South,8,1875.58,0.0,False,False,Clear,228,SUP-01,13,0,1453.11,False,15004.64,3379.76
2025-11-15,P001,Daily essentials 01,Grocery,S02,Store 02,South,11,1875.58,0.0,False,False,Clear,217,SUP-01,13,0,1453.11,False,20631.379999999997,4647.17
2025-11-16,P001,Daily essentials 01,Grocery,S02,Store 02,South,14,1875.58,0.0,False,False,Clear,203,SUP-01,13,1,1453.11,False,26258.12,5914.58
2025-11-17,P001,Daily essentials 01,Grocery,S02,Store 02,South,6,1875.58,0.0,False,False,Clear,197,SUP-01,13,0,1453.11,False,11253.48,2534.82
2025-11-18,P001,Daily essentials 01,Grocery,S02,Store 02,South,13,1875.58,0.0,False,False,Clear,184,SUP-01,13,1,1453.11,False,24382.54,5492.110000000001
2025-11-19,P001,Daily essentials 01,Grocery,S02,Store 02,South,8,1875.58,0.0,False,False,Clear,176,SUP-01,13,0,1453.11,False,15004.64,3379.76
2025-11-20,P001,Daily essentials 01,Grocery,S02,Store 02,South,11,1875.58,0.0,False,False,Clear,333,SUP-01,13,0,1453.11,False,20631.379999999997,4647.17
2025-11-21,P001,Daily essentials 01,Grocery,S02,Store 02,South,12,1875.58,0.0,False,False,Clear,321,SUP-01,13,0,1453.11,False,22506.96,5069.64
2025-11-22,P001,Daily essentials 01,Grocery,S02,Store 02,South,14,1875.58,0.0,False,False,Rain,307,SUP-01,13,0,1453.11,False,26258.12,5914.58
2025-11-23,P001,Daily essentials 01,Grocery,S02,Store 02,South,14,1875.58,0.0,False,False,Rain,293,SUP-01,13,0,1453.11,False,26258.12,5914.58
2025-11-24,P001,Daily essentials 01,Grocery,S02,Store 02,South,11,1875.58,0.0,False,False,Rain,282,SUP-01,13,1,1453.11,False,20631.379999999997,4647.17
2025-11-25,P001,Daily essentials 01,Grocery,S02,Store 02,South,7,1875.58,0.0,False,False,Clear,275,SUP-01,13,0,1453.11,False,13129.06,2957.29
2025-11-26,P001,Daily essentials 01,Grocery,S02,Store 02,South,7,1875.58,0.0,False,False,Clear,268,SUP-01,13,0,1453.11,False,13129.06,2957.29
2025-11-27,P001,Daily essentials 01,Grocery,S02,Store 02,South,6,1875.58,0.0,False,False,Clear,262,SUP-01,13,0,1453.11,False,11253.48,2534.82
2025-11-28,P001,Daily essentials 01,Grocery,S02,Store 02,South,6,1875.58,0.0,False,False,Clear,256,SUP-01,13,0,1453.11,False,11253.48,2534.82
2025-11-29,P001,Daily essentials 01,Grocery,S02,Store 02,South,10,1875.58,0.0,False,False,Clear,246,SUP-01,13,0,1453.11,False,18755.8,4224.700000000001
2025-11-30,P001,Daily essentials 01,Grocery,S02,Store 02,South,8,1875.58,0.0,False,False,Rain,238,SUP-01,13,1,1453.11,False,15004.64,3379.76
2025-12-01,P001,Daily essentials 01,Grocery,S02,Store 02,South,17,1875.58,0.0,False,False,Clear,221,SUP-01,13,0,1453.11,False,31884.86,7181.990000000001
2025-12-02,P001,Daily essentials 01,Grocery,S02,Store 02,South,16,1875.58,0.0,False,False,Clear,205,SUP-01,13,0,1453.11,False,30009.28,6759.52
2025-12-03,P001,Daily essentials 01,Grocery,S02,Store 02,South,3,1875.58,0.0,False,False,Clear,366,SUP-01,13,0,1453.11,False,5626.74,1267.41
2025-12-04,P001,Daily essentials 01,Grocery,S02,Store 02,South,11,1875.58,0.0,False,False,Clear,355,SUP-01,13,0,1453.11,False,20631.379999999997,4647.17
2025-12-05,P001,Daily essentials 01,Grocery,S02,Store 02,South,10,1875.58,0.0,False,False,Clear,345,SUP-01,13,0,1453.11,False,18755.8,4224.700000000001
2025-12-06,P001,Daily essentials 01,Grocery,S02,Store 02,South,12,1875.58,0.0,False,False,Clear,333,SUP-01,13,0,1453.11,False,22506.96,5069.64
2025-12-07,P001,Daily essentials 01,Grocery,S02,Store 02,South,15,1875.58,0.0,False,False,Clear,318,SUP-01,13,0,1453.11,False,28133.699999999997,6337.05
2025-12-08,P001,Daily essentials 01,Grocery,S02,Store 02,South,8,1875.58,0.0,False,False,Clear,310,SUP-01,13,0,1453.11,False,15004.64,3379.76
2025-12-09,P001,Daily essentials 01,Grocery,S02,Store 02,South,12,1875.58,0.0,False,False,Rain,298,SUP-01,13,0,1453.11,False,22506.96,5069.64
2025-12-10,P001,Daily essentials 01,Grocery,S02,Store 02,South,9,1875.58,0.0,False,False,Clear,289,SUP-01,13,0,1453.11,False,16880.22,3802.2300000000005
2025-12-11,P001,Daily essentials 01,Grocery,S02,Store 02,South,17,1875.58,0.0,False,False,Clear,272,SUP-01,13,0,1453.11,False,31884.86,7181.990000000001
2025-12-12,P001,Daily essentials 01,Grocery,S02,Store 02,South,15,1875.58,0.0,False,False,Clear,257,SUP-01,13,0,1453.11,False,28133.699999999997,6337.05
2025-12-13,P001,Daily essentials 01,Grocery,S02,Store 02,South,12,1875.58,0.0,False,False,Clear,245,SUP-01,13,0,1453.11,False,22506.96,5069.64
2025-12-14,P001,Daily essentials 01,Grocery,S02,Store 02,South,12,1875.58,0.0,False,False,Clear,233,SUP-01,13,0,1453.11,False,22506.96,5069.64
2025-12-15,P001,Daily essentials 01,Grocery,S02,Store 02,South,8,1875.58,0.0,False,False,Clear,225,SUP-01,13,0,1453.11,False,15004.64,3379.76
2025-12-16,P001,Daily essentials 01,Grocery,S02,Store 02,South,8,1875.58,0.0,False,False,Clear,413,SUP-01,13,0,1453.11,False,15004.64,3379.76
2025-12-17,P001,Daily essentials 01,Grocery,S02,Store 02,South,10,1875.58,0.0,False,False,Clear,403,SUP-01,13,0,1453.11,False,18755.8,4224.700000000001
2025-12-18,P001,Daily essentials 01,Grocery,S02,Store 02,South,8,1875.58,0.0,False,False,Clear,395,SUP-01,13,0,1453.11,False,15004.64,3379.76
2025-12-19,P001,Daily essentials 01,Grocery,S02,Store 02,South,10,1875.58,0.0,False,False,Clear,385,SUP-01,13,0,1453.11,False,18755.8,4224.700000000001
2025-12-20,P001,Daily essentials 01,Grocery,S02,Store 02,South,8,1875.58,0.0,False,False,Clear,377,SUP-01,13,0,1453.11,False,15004.64,3379.76
2025-12-21,P001,Daily essentials 01,Grocery,S02,Store 02,South,10,1875.58,0.0,False,False,Clear,367,SUP-01,13,1,1453.11,False,18755.8,4224.700000000001
2025-12-22,P001,Daily essentials 01,Grocery,S02,Store 02,South,6,1875.58,0.0,False,False,Clear,361,SUP-01,13,0,1453.11,False,11253.48,2534.82
2025-12-23,P001,Daily essentials 01,Grocery,S02,Store 02,South,11,1875.58,0.0,False,False,Clear,350,SUP-01,13,0,1453.11,False,20631.379999999997,4647.17
2025-12-24,P001,Daily essentials 01,Grocery,S02,Store 02,South,6,1875.58,0.0,False,False,Clear,344,SUP-01,13,0,1453.11,False,11253.48,2534.82
2025-12-25,P001,Daily essentials 01,Grocery,S02,Store 02,South,7,1875.58,0.0,False,True,Clear,337,SUP-01,13,0,1453.11,False,13129.06,2957.29
2025-12-26,P001,Daily essentials 01,Grocery,S02,Store 02,South,11,1875.58,0.0,False,False,Clear,326,SUP-01,13,0,1453.11,False,20631.379999999997,4647.17
2025-12-27,P001,Daily essentials 01,Grocery,S02,Store 02,South,4,1594.24,0.15,True,False,Clear,322,SUP-01,13,0,1453.11,False,6376.96,564.5200000000004
2025-12-28,P001,Daily essentials 01,Grocery,S02,Store 02,South,16,1781.8,0.05,True,False,Clear,306,SUP-01,13,0,1453.11,False,28508.8,5259.040000000001
2025-12-29,P001,Daily essentials 01,Grocery,S02,Store 02,South,13,1875.58,0.0,False,False,Clear,462,SUP-01,13,0,1453.11,False,24382.54,5492.110000000001
2025-12-30,P001,Daily essentials 01,Grocery,S02,Store 02,South,10,1875.58,0.0,False,False,Clear,452,SUP-01,13,0,1453.11,False,18755.8,4224.700000000001
2025-12-31,P001,Daily essentials 01,Grocery,S02,Store 02,South,11,1875.58,0.0,False,False,Clear,441,SUP-01,13,0,1453.11,False,20631.379999999997,4647.17
2025-09-03,P001,Daily essentials 01,Grocery,S03,Store 03,East,18,1875.58,0.0,False,False,Clear,164,SUP-01,7,0,1453.11,False,33760.44,7604.460000000001
2025-09-04,P001,Daily essentials 01,Grocery,S03,Store 03,East,15,1875.58,0.0,False,False,Clear,149,SUP-01,7,0,1453.11,False,28133.699999999997,6337.05
2025-09-05,P001,Daily essentials 01,Grocery,S03,Store 03,East,12,1875.58,0.0,False,False,Clear,137,SUP-01,7,0,1453.11,False,22506.96,5069.64
2025-09-06,P001,Daily essentials 01,Grocery,S03,Store 03,East,20,1875.58,0.0,False,False,Rain,117,SUP-01,7,2,1453.11,False,37511.6,8449.400000000001
2025-09-07,P001,Daily essentials 01,Grocery,S03,Store 03,East,25,1875.58,0.0,False,False,Clear,92,SUP-01,7,1,1453.11,False,46889.5,10561.75
2025-09-08,P001,Daily essentials 01,Grocery,S03,Store 03,East,23,1875.58,0.0,False,False,Clear,69,SUP-01,7,1,1453.11,False,43138.34,9716.810000000001
2025-09-09,P001,Daily essentials 01,Grocery,S03,Store 03,East,19,1875.58,0.0,False,False,Clear,50,SUP-01,7,0,1453.11,False,35636.02,8026.93
2025-09-10,P001,Daily essentials 01,Grocery,S03,Store 03,East,18,1875.58,0.0,False,False,Clear,156,SUP-01,7,0,1453.11,False,33760.44,7604.460000000001
2025-09-11,P001,Daily essentials 01,Grocery,S03,Store 03,East,32,1500.46,0.2,True,False,Clear,124,SUP-01,7,1,1453.11,False,48014.72,1515.2000000000044
2025-09-12,P001,Daily essentials 01,Grocery,S03,Store 03,East,13,1875.58,0.0,False,False,Clear,111,SUP-01,7,0,1453.11,False,24382.54,5492.110000000001
2025-09-13,P001,Daily essentials 01,Grocery,S03,Store 03,East,22,1875.58,0.0,False,False,Clear,89,SUP-01,7,1,1453.11,False,41262.759999999995,9294.34
2025-09-14,P001,Daily essentials 01,Grocery,S03,Store 03,East,18,1875.58,0.0,False,False,Clear,71,SUP-01,7,0,1453.11,False,33760.44,7604.460000000001
2025-09-15,P001,Daily essentials 01,Grocery,S03,Store 03,East,14,1875.58,0.0,False,False,Clear,57,SUP-01,7,0,1453.11,False,26258.12,5914.58
2025-09-16,P001,Daily essentials 01,Grocery,S03,Store 03,East,22,1875.58,0.0,False,False,Clear,35,SUP-01,7,0,1453.11,False,41262.759999999995,9294.34
2025-09-17,P001,Daily essentials 01,Grocery,S03,Store 03,East,10,1875.58,0.0,False,False,Clear,175,SUP-01,7,0,1453.11,False,18755.8,4224.700000000001
2025-09-18,P001,Daily essentials 01,Grocery,S03,Store 03,East,15,1875.58,0.0,False,False,Clear,160,SUP-01,7,0,1453.11,False,28133.699999999997,6337.05
2025-09-19,P001,Daily essentials 01,Grocery,S03,Store 03,East,14,1875.58,0.0,False,False,Clear,146,SUP-01,7,0,1453.11,False,26258.12,5914.58
2025-09-20,P001,Daily essentials 01,Grocery,S03,Store 03,East,11,1875.58,0.0,False,False,Clear,135,SUP-01,7,0,1453.11,False,20631.379999999997,4647.17
2025-09-21,P001,Daily essentials 01,Grocery,S03,Store 03,East,19,1875.58,0.0,False,False,Clear,116,SUP-01,7,0,1453.11,False,35636.02,8026.93
2025-09-22,P001,Daily essentials 01,Grocery,S03,Store 03,East,19,1688.02,0.1,True,False,Clear,97,SUP-01,7,0,1453.11,False,32072.38,4463.290000000002
2025-09-23,P001,Daily essentials 01,Grocery,S03,Store 03,East,10,1875.58,0.0,False,False,Clear,87,SUP-01,7,0,1453.11,False,18755.8,4224.700000000001
2025-09-24,P001,Daily essentials 01,Grocery,S03,Store 03,East,13,1875.58,0.0,False,False,Clear,200,SUP-01,7,0,1453.11,False,24382.54,5492.110000000001
2025-09-25,P001,Daily essentials 01,Grocery,S03,Store 03,East,6,1875.58,0.0,False,False,Rain,194,SUP-01,7,0,1453.11,False,11253.48,2534.82
2025-09-26,P001,Daily essentials 01,Grocery,S03,Store 03,East,11,1875.58,0.0,False,False,Clear,183,SUP-01,7,0,1453.11,False,20631.379999999997,4647.17
2025-09-27,P001,Daily essentials 01,Grocery,S03,Store 03,East,17,1875.58,0.0,False,False,Clear,166,SUP-01,7,0,1453.11,False,31884.86,7181.990000000001
2025-09-28,P001,Daily essentials 01,Grocery,S03,Store 03,East,14,1875.58,0.0,False,False,Clear,152,SUP-01,7,0,1453.11,False,26258.12,5914.58
2025-09-29,P001,Daily essentials 01,Grocery,S03,Store 03,East,16,1688.02,0.1,True,False,Clear,136,SUP-01,7,0,1453.11,False,27008.32,3758.5600000000013
2025-09-30,P001,Daily essentials 01,Grocery,S03,Store 03,East,12,1875.58,0.0,False,False,Rain,124,SUP-01,7,0,1453.11,False,22506.96,5069.64
2025-10-01,P001,Daily essentials 01,Grocery,S03,Store 03,East,16,1594.24,0.15,True,False,Clear,251,SUP-01,7,0,1453.11,False,25507.84,2258.0800000000017
2025-10-02,P001,Daily essentials 01,Grocery,S03,Store 03,East,26,1875.58,0.0,False,True,Clear,225,SUP-01,7,0,1453.11,False,48765.08,10984.220000000001
2025-10-03,P001,Daily essentials 01,Grocery,S03,Store 03,East,13,1875.58,0.0,False,False,Clear,212,SUP-01,7,0,1453.11,False,24382.54,5492.110000000001
2025-10-04,P001,Daily essentials 01,Grocery,S03,Store 03,East,14,1875.58,0.0,False,False,Clear,198,SUP-01,7,0,1453.11,False,26258.12,5914.58
2025-10-05,P001,Daily essentials 01,Grocery,S03,Store 03,East,26,1875.58,0.0,False,False,Clear,172,SUP-01,7,0,1453.11,False,48765.08,10984.220000000001
2025-10-06,P001,Daily essentials 01,Grocery,S03,Store 03,East,20,1875.58,0.0,False,False,Clear,152,SUP-01,7,0,1453.11,False,37511.6,8449.400000000001
2025-10-07,P001,Daily essentials 01,Grocery,S03,Store 03,East,16,1875.58,0.0,False,False,Clear,136,SUP-01,7,0,1453.11,False,30009.28,6759.52
2025-10-08,P001,Daily essentials 01,Grocery,S03,Store 03,East,14,1875.58,0.0,False,False,Clear,250,SUP-01,7,1,1453.11,False,26258.12,5914.58
2025-10-09,P001,Daily essentials 01,Grocery,S03,Store 03,East,20,1875.58,0.0,False,False,Clear,230,SUP-01,7,0,1453.11,False,37511.6,8449.400000000001
2025-10-10,P001,Daily essentials 01,Grocery,S03,Store 03,East,19,1875.58,0.0,False,False,Rain,211,SUP-01,7,0,1453.11,False,35636.02,8026.93
2025-10-11,P001,Daily essentials 01,Grocery,S03,Store 03,East,14,1875.58,0.0,False,False,Clear,197,SUP-01,7,0,1453.11,False,26258.12,5914.58
2025-10-12,P001,Daily essentials 01,Grocery,S03,Store 03,East,32,1688.02,0.1,True,False,Clear,165,SUP-01,7,0,1453.11,False,54016.64,7517.120000000003
2025-10-13,P001,Daily essentials 01,Grocery,S03,Store 03,East,11,1875.58,0.0,False,False,Clear,154,SUP-01,7,0,1453.11,False,20631.379999999997,4647.17
2025-10-14,P001,Daily essentials 01,Grocery,S03,Store 03,East,25,1875.58,0.0,False,False,Clear,129,SUP-01,7,0,1453.11,False,46889.5,10561.75
2025-10-15,P001,Daily essentials 01,Grocery,S03,Store 03,East,12,1875.58,0.0,False,False,Rain,249,SUP-01,7,0,1453.11,False,22506.96,5069.64
2025-10-16,P001,Daily essentials 01,Grocery,S03,Store 03,East,17,1875.58,0.0,False,False,Clear,232,SUP-01,7,1,1453.11,False,31884.86,7181.990000000001
2025-10-17,P001,Daily essentials 01,Grocery,S03,Store 03,East,9,1875.58,0.0,False,False,Clear,223,SUP-01,7,0,1453.11,False,16880.22,3802.2300000000005
2025-10-18,P001,Daily essentials 01,Grocery,S03,Store 03,East,17,1500.46,0.2,True,False,Clear,206,SUP-01,7,0,1453.11,False,25507.82,804.9500000000023
2025-10-19,P001,Daily essentials 01,Grocery,S03,Store 03,East,23,1875.58,0.0,False,False,Rain,183,SUP-01,7,1,1453.11,False,43138.34,9716.810000000001
2025-10-20,P001,Daily essentials 01,Grocery,S03,Store 03,East,21,1875.58,0.0,False,False,Clear,162,SUP-01,7,1,1453.11,False,39387.18,8871.87
2025-10-21,P001,Daily essentials 01,Grocery,S03,Store 03,East,14,1875.58,0.0,False,False,Clear,148,SUP-01,7,0,1453.11,False,26258.12,5914.58
2025-10-22,P001,Daily essentials 01,Grocery,S03,Store 03,East,15,1875.58,0.0,False,False,Clear,276,SUP-01,7,1,1453.11,False,28133.699999999997,6337.05
2025-10-23,P001,Daily essentials 01,Grocery,S03,Store 03,East,14,1875.58,0.0,False,False,Clear,262,SUP-01,7,0,1453.11,False,26258.12,5914.58
2025-10-24,P001,Daily essentials 01,Grocery,S03,Store 03,East,10,1875.58,0.0,False,False,Clear,252,SUP-01,7,0,1453.11,False,18755.8,4224.700000000001
2025-10-25,P001,Daily essentials 01,Grocery,S03,Store 03,East,11,1875.58,0.0,False,False,Clear,241,SUP-01,7,1,1453.11,False,20631.379999999997,4647.17
2025-10-26,P001,Daily essentials 01,Grocery,S03,Store 03,East,15,1594.24,0.15,True,False,Clear,226,SUP-01,7,0,1453.11,False,23913.6,2116.9500000000016
2025-10-27,P001,Daily essentials 01,Grocery,S03,Store 03,East,10,1875.58,0.0,False,False,Clear,216,SUP-01,7,0,1453.11,False,18755.8,4224.700000000001
2025-10-28,P001,Daily essentials 01,Grocery,S03,Store 03,East,12,1875.58,0.0,False,False,Clear,204,SUP-01,7,0,1453.11,False,22506.96,5069.64
2025-10-29,P001,Daily essentials 01,Grocery,S03,Store 03,East,13,1594.24,0.15,True,False,Clear,326,SUP-01,7,0,1453.11,False,20725.12,1834.6900000000014
2025-10-30,P001,Daily essentials 01,Grocery,S03,Store 03,East,11,1875.58,0.0,False,False,Rain,315,SUP-01,7,0,1453.11,False,20631.379999999997,4647.17
2025-10-31,P001,Daily essentials 01,Grocery,S03,Store 03,East,12,1875.58,0.0,False,False,Clear,303,SUP-01,7,0,1453.11,False,22506.96,5069.64
2025-11-01,P001,Daily essentials 01,Grocery,S03,Store 03,East,17,1875.58,0.0,False,False,Clear,286,SUP-01,7,0,1453.11,False,31884.86,7181.990000000001
2025-11-02,P001,Daily essentials 01,Grocery,S03,Store 03,East,10,1875.58,0.0,False,False,Rain,276,SUP-01,7,1,1453.11,False,18755.8,4224.700000000001
2025-11-03,P001,Daily essentials 01,Grocery,S03,Store 03,East,18,1875.58,0.0,False,False,Clear,258,SUP-01,7,1,1453.11,False,33760.44,7604.460000000001
2025-11-04,P001,Daily essentials 01,Grocery,S03,Store 03,East,31,1875.58,0.0,False,False,Clear,227,SUP-01,7,0,1453.11,False,58142.979999999996,13096.570000000002
2025-11-05,P001,Daily essentials 01,Grocery,S03,Store 03,East,20,1875.58,0.0,False,False,Clear,343,SUP-01,7,2,1453.11,False,37511.6,8449.400000000001
2025-11-06,P001,Daily essentials 01,Grocery,S03,Store 03,East,13,1875.58,0.0,False,False,Clear,330,SUP-01,7,0,1453.11,False,24382.54,5492.110000000001
2025-11-07,P001,Daily essentials 01,Grocery,S03,Store 03,East,13,1875.58,0.0,False,False,Clear,317,SUP-01,7,1,1453.11,False,24382.54,5492.110000000001
2025-11-08,P001,Daily essentials 01,Grocery,S03,Store 03,East,24,1875.58,0.0,False,False,Clear,293,SUP-01,7,0,1453.11,False,45013.92,10139.28
2025-11-09,P001,Daily essentials 01,Grocery,S03,Store 03,East,16,1875.58,0.0,False,False,Clear,277,SUP-01,7,0,1453.11,False,30009.28,6759.52
2025-11-10,P001,Daily essentials 01,Grocery,S03,Store 03,East,12,1875.58,0.0,False,False,Clear,265,SUP-01,7,0,1453.11,False,22506.96,5069.64
2025-11-11,P001,Daily essentials 01,Grocery,S03,Store 03,East,19,1875.58,0.0,False,False,Clear,246,SUP-01,7,0,1453.11,False,35636.02,8026.93
2025-11-12,P001,Daily essentials 01,Grocery,S03,Store 03,East,14,1875.58,0.0,False,False,Clear,368,SUP-01,7,0,1453.11,False,26258.12,5914.58
2025-11-13,P001,Daily essentials 01,Grocery,S03,Store 03,East,23,1875.58,0.0,False,False,Clear,345,SUP-01,7,1,1453.11,False,43138.34,9716.810000000001
2025-11-14,P001,Daily essentials 01,Grocery,S03,Store 03,East,13,1875.58,0.0,False,False,Clear,332,SUP-01,7,0,1453.11,False,24382.54,5492.110000000001
2025-11-15,P001,Daily essentials 01,Grocery,S03,Store 03,East,19,1875.58,0.0,False,False,Clear,313,SUP-01,7,1,1453.11,False,35636.02,8026.93
2025-11-16,P001,Daily essentials 01,Grocery,S03,Store 03,East,17,1500.46,0.2,True,False,Clear,296,SUP-01,7,0,1453.11,False,25507.82,804.9500000000023
2025-11-17,P001,Daily essentials 01,Grocery,S03,Store 03,East,12,1875.58,0.0,False,False,Clear,284,SUP-01,7,0,1453.11,False,22506.96,5069.64
2025-11-18,P001,Daily essentials 01,Grocery,S03,Store 03,East,25,1781.8,0.05,True,False,Clear,259,SUP-01,7,0,1453.11,False,44545.0,8217.250000000002
2025-11-19,P001,Daily essentials 01,Grocery,S03,Store 03,East,18,1875.58,0.0,False,False,Clear,385,SUP-01,7,1,1453.11,False,33760.44,7604.460000000001
2025-11-20,P001,Daily essentials 01,Grocery,S03,Store 03,East,15,1875.58,0.0,False,False,Rain,370,SUP-01,7,0,1453.11,False,28133.699999999997,6337.05
2025-11-21,P001,Daily essentials 01,Grocery,S03,Store 03,East,15,1875.58,0.0,False,False,Rain,355,SUP-01,7,1,1453.11,False,28133.699999999997,6337.05
2025-11-22,P001,Daily essentials 01,Grocery,S03,Store 03,East,13,1875.58,0.0,False,False,Clear,342,SUP-01,7,0,1453.11,False,24382.54,5492.110000000001
2025-11-23,P001,Daily essentials 01,Grocery,S03,Store 03,East,12,1875.58,0.0,False,False,Clear,330,SUP-01,7,0,1453.11,False,22506.96,5069.64
2025-11-24,P001,Daily essentials 01,Grocery,S03,Store 03,East,9,1875.58,0.0,False,False,Clear,321,SUP-01,7,0,1453.11,False,16880.22,3802.2300000000005
2025-11-25,P001,Daily essentials 01,Grocery,S03,Store 03,East,7,1875.58,0.0,False,False,Clear,314,SUP-01,7,0,1453.11,False,13129.06,2957.29
2025-11-26,P001,Daily essentials 01,Grocery,S03,Store 03,East,15,1875.58,0.0,False,False,Clear,436,SUP-01,7,0,1453.11,False,28133.699999999997,6337.05
2025-11-27,P001,Daily essentials 01,Grocery,S03,Store 03,East,7,1875.58,0.0,False,False,Rain,429,SUP-01,7,0,1453.11,False,13129.06,2957.29
2025-11-28,P001,Daily essentials 01,Grocery,S03,Store 03,East,16,1875.58,0.0,False,False,Clear,413,SUP-01,7,0,1453.11,False,30009.28,6759.52
2025-11-29,P001,Daily essentials 01,Grocery,S03,Store 03,East,20,1875.58,0.0,False,False,Clear,393,SUP-01,7,0,1453.11,False,37511.6,8449.400000000001
2025-11-30,P001,Daily essentials 01,Grocery,S03,Store 03,East,14,1875.58,0.0,False,False,Clear,379,SUP-01,7,0,1453.11,False,26258.12,5914.58
2025-12-01,P001,Daily essentials 01,Grocery,S03,Store 03,East,18,1875.58,0.0,False,False,Rain,361,SUP-01,7,1,1453.11,False,33760.44,7604.460000000001
2025-12-02,P001,Daily essentials 01,Grocery,S03,Store 03,East,12,1875.58,0.0,False,False,Clear,349,SUP-01,7,0,1453.11,False,22506.96,5069.64
2025-12-03,P001,Daily essentials 01,Grocery,S03,Store 03,East,20,1875.58,0.0,False,False,Rain,471,SUP-01,7,0,1453.11,False,37511.6,8449.400000000001
2025-12-04,P001,Daily essentials 01,Grocery,S03,Store 03,East,13,1875.58,0.0,False,False,Clear,458,SUP-01,7,0,1453.11,False,24382.54,5492.110000000001
2025-12-05,P001,Daily essentials 01,Grocery,S03,Store 03,East,20,1875.58,0.0,False,False,Clear,438,SUP-01,7,0,1453.11,False,37511.6,8449.400000000001
2025-12-06,P001,Daily essentials 01,Grocery,S03,Store 03,East,15,1875.58,0.0,False,False,Clear,423,SUP-01,7,0,1453.11,False,28133.699999999997,6337.05
2025-12-07,P001,Daily essentials 01,Grocery,S03,Store 03,East,14,1875.58,0.0,False,False,Clear,409,SUP-01,7,0,1453.11,False,26258.12,5914.58
2025-12-08,P001,Daily essentials 01,Grocery,S03,Store 03,East,16,1875.58,0.0,False,False,Clear,393,SUP-01,7,0,1453.11,False,30009.28,6759.52
2025-12-09,P001,Daily essentials 01,Grocery,S03,Store 03,East,16,1875.58,0.0,False,False,Rain,377,SUP-01,7,1,1453.11,False,30009.28,6759.52
2025-12-10,P001,Daily essentials 01,Grocery,S03,Store 03,East,16,1875.58,0.0,False,False,Clear,499,SUP-01,7,0,1453.11,False,30009.28,6759.52
2025-12-11,P001,Daily essentials 01,Grocery,S03,Store 03,East,17,1875.58,0.0,False,False,Clear,482,SUP-01,7,0,1453.11,False,31884.86,7181.990000000001
2025-12-12,P001,Daily essentials 01,Grocery,S03,Store 03,East,18,1875.58,0.0,False,False,Clear,464,SUP-01,7,0,1453.11,False,33760.44,7604.460000000001
2025-12-13,P001,Daily essentials 01,Grocery,S03,Store 03,East,14,1875.58,0.0,False,False,Clear,450,SUP-01,7,1,1453.11,False,26258.12,5914.58
2025-12-14,P001,Daily essentials 01,Grocery,S03,Store 03,East,20,1875.58,0.0,False,False,Clear,430,SUP-01,7,0,1453.11,False,37511.6,8449.400000000001
2025-12-15,P001,Daily essentials 01,Grocery,S03,Store 03,East,8,1781.8,0.05,True,False,Clear,422,SUP-01,7,0,1453.11,False,14254.4,2629.5200000000004
2025-12-16,P001,Daily essentials 01,Grocery,S03,Store 03,East,14,1875.58,0.0,False,False,Clear,408,SUP-01,7,0,1453.11,False,26258.12,5914.58
2025-12-17,P001,Daily essentials 01,Grocery,S03,Store 03,East,13,1875.58,0.0,False,False,Rain,542,SUP-01,7,2,1453.11,False,24382.54,5492.110000000001
2025-12-18,P001,Daily essentials 01,Grocery,S03,Store 03,East,9,1875.58,0.0,False,False,Clear,533,SUP-01,7,0,1453.11,False,16880.22,3802.2300000000005
2025-12-19,P001,Daily essentials 01,Grocery,S03,Store 03,East,12,1875.58,0.0,False,False,Rain,521,SUP-01,7,0,1453.11,False,22506.96,5069.64
2025-12-20,P001,Daily essentials 01,Grocery,S03,Store 03,East,8,1875.58,0.0,False,False,Clear,513,SUP-01,7,1,1453.11,False,15004.64,3379.76
2025-12-21,P001,Daily essentials 01,Grocery,S03,Store 03,East,14,1875.58,0.0,False,False,Clear,499,SUP-01,7,0,1453.11,False,26258.12,5914.58
2025-12-22,P001,Daily essentials 01,Grocery,S03,Store 03,East,7,1875.58,0.0,False,False,Clear,492,SUP-01,7,0,1453.11,False,13129.06,2957.29
2025-12-23,P001,Daily essentials 01,Grocery,S03,Store 03,East,12,1875.58,0.0,False,False,Rain,480,SUP-01,7,0,1453.11,False,22506.96,5069.64
2025-12-24,P001,Daily essentials 01,Grocery,S03,Store 03,East,9,1875.58,0.0,False,False,Clear,596,SUP-01,7,0,1453.11,False,16880.22,3802.2300000000005
2025-12-25,P001,Daily essentials 01,Grocery,S03,Store 03,East,23,1594.24,0.15,True,True,Clear,573,SUP-01,7,0,1453.11,False,36667.52,3245.9900000000025
2025-12-26,P001,Daily essentials 01,Grocery,S03,Store 03,East,11,1875.58,0.0,False,False,Clear,562,SUP-01,7,2,1453.11,False,20631.379999999997,4647.17
2025-12-27,P001,Daily essentials 01,Grocery,S03,Store 03,East,18,1875.58,0.0,False,False,Clear,544,SUP-01,7,0,1453.11,False,33760.44,7604.460000000001
2025-12-28,P001,Daily essentials 01,Grocery,S03,Store 03,East,12,1875.58,0.0,False,False,Clear,532,SUP-01,7,0,1453.11,False,22506.96,5069.64
2025-12-29,P001,Daily essentials 01,Grocery,S03,Store 03,East,9,1875.58,0.0,False,False,Clear,523,SUP-01,7,0,1453.11,False,16880.22,3802.2300000000005
2025-12-30,P001,Daily essentials 01,Grocery,S03,Store 03,East,8,1875.58,0.0,False,False,Clear,515,SUP-01,7,0,1453.11,False,15004.64,3379.76
2025-12-31,P001,Daily essentials 01,Grocery,S03,Store 03,East,16,1875.58,0.0,False,False,Clear,622,SUP-01,7,0,1453.11,False,30009.28,6759.52
2025-09-03,P001,Daily essentials 01,Grocery,S04,Store 04,West,13,1875.58,0.0,False,False,Clear,60,SUP-01,7,1,1453.11,False,24382.54,5492.110000000001
2025-09-04,P001,Daily essentials 01,Grocery,S04,Store 04,West,11,1875.58,0.0,False,False,Clear,49,SUP-01,7,0,1453.11,False,20631.379999999997,4647.17
2025-09-05,P001,Daily essentials 01,Grocery,S04,Store 04,West,11,1875.58,0.0,False,False,Clear,38,SUP-01,7,0,1453.11,False,20631.379999999997,4647.17
2025-09-06,P001,Daily essentials 01,Grocery,S04,Store 04,West,8,1875.58,0.0,False,False,Rain,30,SUP-01,7,0,1453.11,False,15004.64,3379.76
2025-09-07,P001,Daily essentials 01,Grocery,S04,Store 04,West,16,1875.58,0.0,False,False,Clear,14,SUP-01,7,0,1453.11,False,30009.28,6759.52
2025-09-08,P001,Daily essentials 01,Grocery,S04,Store 04,West,13,1875.58,0.0,False,False,Clear,1,SUP-01,7,0,1453.11,False,24382.54,5492.110000000001
2025-09-09,P001,Daily essentials 01,Grocery,S04,Store 04,West,1,1875.58,0.0,False,False,Clear,0,SUP-01,7,0,1453.11,True,1875.58,422.47
2025-09-10,P001,Daily essentials 01,Grocery,S04,Store 04,West,9,1875.58,0.0,False,False,Rain,75,SUP-01,7,0,1453.11,False,16880.22,3802.2300000000005
2025-09-11,P001,Daily essentials 01,Grocery,S04,Store 04,West,13,1875.58,0.0,False,False,Clear,62,SUP-01,7,0,1453.11,False,24382.54,5492.110000000001
2025-09-12,P001,Daily essentials 01,Grocery,S04,Store 04,West,15,1875.58,0.0,False,False,Clear,47,SUP-01,7,0,1453.11,False,28133.699999999997,6337.05
2025-09-13,P001,Daily essentials 01,Grocery,S04,Store 04,West,11,1875.58,0.0,False,False,Clear,36,SUP-01,7,1,1453.11,False,20631.379999999997,4647.17
2025-09-14,P001,Daily essentials 01,Grocery,S04,Store 04,West,14,1875.58,0.0,False,False,Clear,22,SUP-01,7,0,1453.11,False,26258.12,5914.58
2025-09-15,P001,Daily essentials 01,Grocery,S04,Store 04,West,12,1875.58,0.0,False,False,Clear,10,SUP-01,7,0,1453.11,False,22506.96,5069.64
2025-09-16,P001,Daily essentials 01,Grocery,S04,Store 04,West,10,1875.58,0.0,False,False,Clear,0,SUP-01,7,0,1453.11,True,18755.8,4224.700000000001
2025-09-17,P001,Daily essentials 01,Grocery,S04,Store 04,West,11,1875.58,0.0,False,False,Clear,67,SUP-01,7,0,1453.11,False,20631.379999999997,4647.17
2025-09-18,P001,Daily essentials 01,Grocery,S04,Store 04,West,18,1875.58,0.0,False,False,Clear,49,SUP-01,7,0,1453.11,False,33760.44,7604.460000000001
2025-09-19,P001,Daily essentials 01,Grocery,S04,Store 04,West,10,1875.58,0.0,False,False,Clear,39,SUP-01,7,1,1453.11,False,18755.8,4224.700000000001
2025-09-20,P001,Daily essentials 01,Grocery,S04,Store 04,West,12,1875.58,0.0,False,False,Rain,27,SUP-01,7,0,1453.11,False,22506.96,5069.64
2025-09-21,P001,Daily essentials 01,Grocery,S04,Store 04,West,8,1875.58,0.0,False,False,Clear,19,SUP-01,7,0,1453.11,False,15004.64,3379.76
2025-09-22,P001,Daily essentials 01,Grocery,S04,Store 04,West,12,1875.58,0.0,False,False,Rain,7,SUP-01,7,0,1453.11,False,22506.96,5069.64
2025-09-23,P001,Daily essentials 01,Grocery,S04,Store 04,West,7,1875.58,0.0,False,False,Clear,0,SUP-01,7,0,1453.11,False,13129.06,2957.29
2025-09-24,P001,Daily essentials 01,Grocery,S04,Store 04,West,10,1875.58,0.0,False,False,Rain,70,SUP-01,7,0,1453.11,False,18755.8,4224.700000000001
2025-09-25,P001,Daily essentials 01,Grocery,S04,Store 04,West,7,1875.58,0.0,False,False,Rain,63,SUP-01,7,2,1453.11,False,13129.06,2957.29
2025-09-26,P001,Daily essentials 01,Grocery,S04,Store 04,West,10,1875.58,0.0,False,False,Rain,53,SUP-01,7,0,1453.11,False,18755.8,4224.700000000001
2025-09-27,P001,Daily essentials 01,Grocery,S04,Store 04,West,10,1875.58,0.0,False,False,Clear,43,SUP-01,7,0,1453.11,False,18755.8,4224.700000000001
2025-09-28,P001,Daily essentials 01,Grocery,S04,Store 04,West,8,1875.58,0.0,False,False,Clear,35,SUP-01,7,0,1453.11,False,15004.64,3379.76
2025-09-29,P001,Daily essentials 01,Grocery,S04,Store 04,West,15,1875.58,0.0,False,False,Clear,20,SUP-01,7,0,1453.11,False,28133.699999999997,6337.05
2025-09-30,P001,Daily essentials 01,Grocery,S04,Store 04,West,11,1781.8,0.05,True,False,Clear,9,SUP-01,7,0,1453.11,False,19599.8,3615.5900000000006
2025-10-01,P001,Daily essentials 01,Grocery,S04,Store 04,West,18,1875.58,0.0,False,False,Clear,83,SUP-01,7,0,1453.11,False,33760.44,7604.460000000001
2025-10-02,P001,Daily essentials 01,Grocery,S04,Store 04,West,9,1875.58,0.0,False,True,Clear,74,SUP-01,7,0,1453.11,False,16880.22,3802.2300000000005
2025-10-03,P001,Daily essentials 01,Grocery,S04,Store 04,West,10,1875.58,0.0,False,False,Rain,64,SUP-01,7,1,1453.11,False,18755.8,4224.700000000001
2025-10-04,P001,Daily essentials 01,Grocery,S04,Store 04,West,12,1875.58,0.0,False,False,Clear,52,SUP-01,7,0,1453.11,False,22506.96,5069.64
2025-10-05,P001,Daily essentials 01,Grocery,S04,Store 04,West,13,1875.58,0.0,False,False,Clear,39,SUP-01,7,0,1453.11,False,24382.54,5492.110000000001
2025-10-06,P001,Daily essentials 01,Grocery,S04,Store 04,West,9,1875.58,0.0,False,False,Clear,30,SUP-01,7,0,1453.11,False,16880.22,3802.2300000000005
2025-10-07,P001,Daily essentials 01,Grocery,S04,Store 04,West,9,1875.58,0.0,False,False,Clear,21,SUP-01,7,0,1453.11,False,16880.22,3802.2300000000005
2025-10-08,P001,Daily essentials 01,Grocery,S04,Store 04,West,10,1875.58,0.0,False,False,Clear,104,SUP-01,7,1,1453.11,False,18755.8,4224.700000000001
2025-10-09,P001,Daily essentials 01,Grocery,S04,Store 04,West,16,1875.58,0.0,False,False,Clear,88,SUP-01,7,0,1453.11,False,30009.28,6759.52
2025-10-10,P001,Daily essentials 01,Grocery,S04,Store 04,West,14,1875.58,0.0,False,False,Clear,74,SUP-01,7,1,1453.11,False,26258.12,5914.58
2025-10-11,P001,Daily essentials 01,Grocery,S04,Store 04,West,11,1875.58,0.0,False,False,Clear,63,SUP-01,7,0,1453.11,False,20631.379999999997,4647.17
2025-10-12,P001,Daily essentials 01,Grocery,S04,Store 04,West,14,1875.58,0.0,False,False,Clear,49,SUP-01,7,0,1453.11,False,26258.12,5914.58
2025-10-13,P001,Daily essentials 01,Grocery,S04,Store 04,West,7,1875.58,0.0,False,False,Rain,42,SUP-01,7,0,1453.11,False,13129.06,2957.29
2025-10-14,P001,Daily essentials 01,Grocery,S04,Store 04,West,12,1875.58,0.0,False,False,Clear,30,SUP-01,7,0,1453.11,False,22506.96,5069.64
2025-10-15,P001,Daily essentials 01,Grocery,S04,Store 04,West,11,1875.58,0.0,False,False,Clear,105,SUP-01,7,0,1453.11,False,20631.379999999997,4647.17
2025-10-16,P001,Daily essentials 01,Grocery,S04,Store 04,West,13,1875.58,0.0,False,False,Clear,92,SUP-01,7,0,1453.11,False,24382.54,5492.110000000001
2025-10-17,P001,Daily essentials 01,Grocery,S04,Store 04,West,10,1875.58,0.0,False,False,Clear,82,SUP-01,7,0,1453.11,False,18755.8,4224.700000000001
2025-10-18,P001,Daily essentials 01,Grocery,S04,Store 04,West,14,1875.58,0.0,False,False,Clear,68,SUP-01,7,0,1453.11,False,26258.12,5914.58
2025-10-19,P001,Daily essentials 01,Grocery,S04,Store 04,West,6,1875.58,0.0,False,False,Clear,62,SUP-01,7,0,1453.11,False,11253.48,2534.82
2025-10-20,P001,Daily essentials 01,Grocery,S04,Store 04,West,11,1875.58,0.0,False,False,Rain,51,SUP-01,7,0,1453.11,False,20631.379999999997,4647.17
2025-10-21,P001,Daily essentials 01,Grocery,S04,Store 04,West,13,1875.58,0.0,False,False,Clear,38,SUP-01,7,0,1453.11,False,24382.54,5492.110000000001
2025-10-22,P001,Daily essentials 01,Grocery,S04,Store 04,West,7,1875.58,0.0,False,False,Clear,119,SUP-01,7,0,1453.11,False,13129.06,2957.29
2025-10-23,P001,Daily essentials 01,Grocery,S04,Store 04,West,13,1781.8,0.05,True,False,Clear,106,SUP-01,7,0,1453.11,False,23163.399999999998,4272.970000000001
2025-10-24,P001,Daily essentials 01,Grocery,S04,Store 04,West,10,1875.58,0.0,False,False,Clear,96,SUP-01,7,0,1453.11,False,18755.8,4224.700000000001
2025-10-25,P001,Daily essentials 01,Grocery,S04,Store 04,West,11,1875.58,0.0,False,False,Clear,85,SUP-01,7,0,1453.11,False,20631.379999999997,4647.17
2025-10-26,P001,Daily essentials 01,Grocery,S04,Store 04,West,11,1875.58,0.0,False,False,Clear,74,SUP-01,7,0,1453.11,False,20631.379999999997,4647.17
2025-10-27,P001,Daily essentials 01,Grocery,S04,Store 04,West,6,1875.58,0.0,False,False,Rain,68,SUP-01,7,1,1453.11,False,11253.48,2534.82
2025-10-28,P001,Daily essentials 01,Grocery,S04,Store 04,West,4,1875.58,0.0,False,False,Clear,64,SUP-01,7,0,1453.11,False,7502.32,1689.88
2025-10-29,P001,Daily essentials 01,Grocery,S04,Store 04,West,1,1875.58,0.0,False,False,Clear,141,SUP-01,7,0,1453.11,False,1875.58,422.47
2025-10-30,P001,Daily essentials 01,Grocery,S04,Store 04,West,4,1875.58,0.0,False,False,Clear,137,SUP-01,7,0,1453.11,False,7502.32,1689.88
2025-10-31,P001,Daily essentials 01,Grocery,S04,Store 04,West,11,1875.58,0.0,False,False,Clear,126,SUP-01,7,0,1453.11,False,20631.379999999997,4647.17
2025-11-01,P001,Daily essentials 01,Grocery,S04,Store 04,West,21,1500.46,0.2,True,False,Clear,105,SUP-01,7,0,1453.11,False,31509.66,994.3500000000029
2025-11-02,P001,Daily essentials 01,Grocery,S04,Store 04,West,13,1875.58,0.0,False,False,Clear,92,SUP-01,7,0,1453.11,False,24382.54,5492.110000000001
2025-11-03,P001,Daily essentials 01,Grocery,S04,Store 04,West,4,1875.58,0.0,False,False,Clear,88,SUP-01,7,0,1453.11,False,7502.32,1689.88
2025-11-04,P001,Daily essentials 01,Grocery,S04,Store 04,West,13,1875.58,0.0,False,False,Clear,75,SUP-01,7,0,1453.11,False,24382.54,5492.110000000001
2025-11-05,P001,Daily essentials 01,Grocery,S04,Store 04,West,13,1875.58,0.0,False,False,Clear,143,SUP-01,7,0,1453.11,False,24382.54,5492.110000000001
2025-11-06,P001,Daily essentials 01,Grocery,S04,Store 04,West,11,1781.8,0.05,True,False,Clear,132,SUP-01,7,0,1453.11,False,19599.8,3615.5900000000006
2025-11-07,P001,Daily essentials 01,Grocery,S04,Store 04,West,9,1875.58,0.0,False,False,Clear,123,SUP-01,7,1,1453.11,False,16880.22,3802.2300000000005
2025-11-08,P001,Daily essentials 01,Grocery,S04,Store 04,West,17,1875.58,0.0,False,False,Clear,106,SUP-01,7,1,1453.11,False,31884.86,7181.990000000001
2025-11-09,P001,Daily essentials 01,Grocery,S04,Store 04,West,9,1875.58,0.0,False,False,Clear,97,SUP-01,7,0,1453.11,False,16880.22,3802.2300000000005
2025-11-10,P001,Daily essentials 01,Grocery,S04,Store 04,West,22,1875.58,0.0,False,False,Clear,75,SUP-01,7,0,1453.11,False,41262.759999999995,9294.34
2025-11-11,P001,Daily essentials 01,Grocery,S04,Store 04,West,10,1875.58,0.0,False,False,Clear,65,SUP-01,7,0,1453.11,False,18755.8,4224.700000000001
2025-11-12,P001,Daily essentials 01,Grocery,S04,Store 04,West,13,1875.58,0.0,False,False,Clear,144,SUP-01,7,0,1453.11,False,24382.54,5492.110000000001
2025-11-13,P001,Daily essentials 01,Grocery,S04,Store 04,West,13,1875.58,0.0,False,False,Clear,131,SUP-01,7,1,1453.11,False,24382.54,5492.110000000001
2025-11-14,P001,Daily essentials 01,Grocery,S04,Store 04,West,6,1875.58,0.0,False,False,Clear,125,SUP-01,7,0,1453.11,False,11253.48,2534.82
2025-11-15,P001,Daily essentials 01,Grocery,S04,Store 04,West,16,1500.46,0.2,True,False,Clear,109,SUP-01,7,0,1453.11,False,24007.36,757.6000000000022
2025-11-16,P001,Daily essentials 01,Grocery,S04,Store 04,West,10,1875.58,0.0,False,False,Clear,99,SUP-01,7,0,1453.11,False,18755.8,4224.700000000001
2025-11-17,P001,Daily essentials 01,Grocery,S04,Store 04,West,10,1875.58,0.0,False,False,Clear,89,SUP-01,7,0,1453.11,False,18755.8,4224.700000000001
2025-11-18,P001,Daily essentials 01,Grocery,S04,Store 04,West,12,1875.58,0.0,False,False,Clear,77,SUP-01,7,0,1453.11,False,22506.96,5069.64
2025-11-19,P001,Daily essentials 01,Grocery,S04,Store 04,West,10,1875.58,0.0,False,False,Clear,146,SUP-01,7,0,1453.11,False,18755.8,4224.700000000001
2025-11-20,P001,Daily essentials 01,Grocery,S04,Store 04,West,14,1875.58,0.0,False,False,Clear,132,SUP-01,7,0,1453.11,False,26258.12,5914.58
2025-11-21,P001,Daily essentials 01,Grocery,S04,Store 04,West,10,1875.58,0.0,False,False,Clear,122,SUP-01,7,1,1453.11,False,18755.8,4224.700000000001
2025-11-22,P001,Daily essentials 01,Grocery,S04,Store 04,West,12,1875.58,0.0,False,False,Clear,110,SUP-01,7,0,1453.11,False,22506.96,5069.64
2025-11-23,P001,Daily essentials 01,Grocery,S04,Store 04,West,9,1875.58,0.0,False,False,Clear,101,SUP-01,7,1,1453.11,False,16880.22,3802.2300000000005
2025-11-24,P001,Daily essentials 01,Grocery,S04,Store 04,West,11,1875.58,0.0,False,False,Clear,90,SUP-01,7,0,1453.11,False,20631.379999999997,4647.17
2025-11-25,P001,Daily essentials 01,Grocery,S04,Store 04,West,6,1875.58,0.0,False,False,Clear,84,SUP-01,7,0,1453.11,False,11253.48,2534.82
2025-11-26,P001,Daily essentials 01,Grocery,S04,Store 04,West,9,1875.58,0.0,False,False,Clear,164,SUP-01,7,0,1453.11,False,16880.22,3802.2300000000005
2025-11-27,P001,Daily essentials 01,Grocery,S04,Store 04,West,8,1875.58,0.0,False,False,Clear,156,SUP-01,7,0,1453.11,False,15004.64,3379.76
2025-11-28,P001,Daily essentials 01,Grocery,S04,Store 04,West,5,1875.58,0.0,False,False,Clear,151,SUP-01,7,1,1453.11,False,9377.9,2112.3500000000004
2025-11-29,P001,Daily essentials 01,Grocery,S04,Store 04,West,12,1875.58,0.0,False,False,Rain,139,SUP-01,7,0,1453.11,False,22506.96,5069.64
2025-11-30,P001,Daily essentials 01,Grocery,S04,Store 04,West,5,1875.58,0.0,False,False,Clear,134,SUP-01,7,1,1453.11,False,9377.9,2112.3500000000004
2025-12-01,P001,Daily essentials 01,Grocery,S04,Store 04,West,5,1875.58,0.0,False,False,Clear,129,SUP-01,7,0,1453.11,False,9377.9,2112.3500000000004
2025-12-02,P001,Daily essentials 01,Grocery,S04,Store 04,West,6,1875.58,0.0,False,False,Clear,123,SUP-01,7,0,1453.11,False,11253.48,2534.82
2025-12-03,P001,Daily essentials 01,Grocery,S04,Store 04,West,15,1781.8,0.05,True,False,Rain,191,SUP-01,7,0,1453.11,False,26727.0,4930.35
2025-12-04,P001,Daily essentials 01,Grocery,S04,Store 04,West,16,1875.58,0.0,False,False,Clear,175,SUP-01,7,1,1453.11,False,30009.28,6759.52
2025-12-05,P001,Daily essentials 01,Grocery,S04,Store 04,West,17,1875.58,0.0,False,False,Rain,158,SUP-01,7,0,1453.11,False,31884.86,7181.990000000001
2025-12-06,P001,Daily essentials 01,Grocery,S04,Store 04,West,7,1875.58,0.0,False,False,Clear,151,SUP-01,7,0,1453.11,False,13129.06,2957.29
2025-12-07,P001,Daily essentials 01,Grocery,S04,Store 04,West,11,1875.58,0.0,False,False,Clear,140,SUP-01,7,0,1453.11,False,20631.379999999997,4647.17
2025-12-08,P001,Daily essentials 01,Grocery,S04,Store 04,West,13,1875.58,0.0,False,False,Clear,127,SUP-01,7,0,1453.11,False,24382.54,5492.110000000001
2025-12-09,P001,Daily essentials 01,Grocery,S04,Store 04,West,13,1875.58,0.0,False,False,Rain,114,SUP-01,7,0,1453.11,False,24382.54,5492.110000000001
2025-12-10,P001,Daily essentials 01,Grocery,S04,Store 04,West,6,1875.58,0.0,False,False,Clear,186,SUP-01,7,1,1453.11,False,11253.48,2534.82
2025-12-11,P001,Daily essentials 01,Grocery,S04,Store 04,West,9,1875.58,0.0,False,False,Clear,177,SUP-01,7,0,1453.11,False,16880.22,3802.2300000000005
2025-12-12,P001,Daily essentials 01,Grocery,S04,Store 04,West,16,1875.58,0.0,False,False,Clear,161,SUP-01,7,1,1453.11,False,30009.28,6759.52
2025-12-13,P001,Daily essentials 01,Grocery,S04,Store 04,West,12,1875.58,0.0,False,False,Rain,149,SUP-01,7,0,1453.11,False,22506.96,5069.64
2025-12-14,P001,Daily essentials 01,Grocery,S04,Store 04,West,13,1875.58,0.0,False,False,Clear,136,SUP-01,7,0,1453.11,False,24382.54,5492.110000000001
2025-12-15,P001,Daily essentials 01,Grocery,S04,Store 04,West,13,1594.24,0.15,True,False,Clear,123,SUP-01,7,0,1453.11,False,20725.12,1834.6900000000014
2025-12-16,P001,Daily essentials 01,Grocery,S04,Store 04,West,13,1875.58,0.0,False,False,Rain,110,SUP-01,7,0,1453.11,False,24382.54,5492.110000000001
2025-12-17,P001,Daily essentials 01,Grocery,S04,Store 04,West,13,1875.58,0.0,False,False,Clear,173,SUP-01,7,1,1453.11,False,24382.54,5492.110000000001
2025-12-18,P001,Daily essentials 01,Grocery,S04,Store 04,West,4,1875.58,0.0,False,False,Rain,169,SUP-01,7,0,1453.11,False,7502.32,1689.88
2025-12-19,P001,Daily essentials 01,Grocery,S04,Store 04,West,7,1875.58,0.0,False,False,Rain,162,SUP-01,7,0,1453.11,False,13129.06,2957.29
2025-12-20,P001,Daily essentials 01,Grocery,S04,Store 04,West,11,1875.58,0.0,False,False,Clear,151,SUP-01,7,0,1453.11,False,20631.379999999997,4647.17
2025-12-21,P001,Daily essentials 01,Grocery,S04,Store 04,West,12,1875.58,0.0,False,False,Rain,139,SUP-01,7,0,1453.11,False,22506.96,5069.64
2025-12-22,P001,Daily essentials 01,Grocery,S04,Store 04,West,10,1781.8,0.05,True,False,Clear,129,SUP-01,7,0,1453.11,False,17818.0,3286.9000000000005
2025-12-23,P001,Daily essentials 01,Grocery,S04,Store 04,West,9,1875.58,0.0,False,False,Clear,120,SUP-01,7,0,1453.11,False,16880.22,3802.2300000000005
2025-12-24,P001,Daily essentials 01,Grocery,S04,Store 04,West,14,1688.02,0.1,True,False,Rain,191,SUP-01,7,0,1453.11,False,23632.28,3288.740000000001
2025-12-25,P001,Daily essentials 01,Grocery,S04,Store 04,West,13,1875.58,0.0,False,True,Rain,178,SUP-01,7,1,1453.11,False,24382.54,5492.110000000001
2025-12-26,P001,Daily essentials 01,Grocery,S04,Store 04,West,5,1875.58,0.0,False,False,Clear,173,SUP-01,7,0,1453.11,False,9377.9,2112.3500000000004
2025-12-27,P001,Daily essentials 01,Grocery,S04,Store 04,West,9,1875.58,0.0,False,False,Clear,164,SUP-01,7,0,1453.11,False,16880.22,3802.2300000000005
2025-12-28,P001,Daily essentials 01,Grocery,S04,Store 04,West,9,1875.58,0.0,False,False,Clear,155,SUP-01,7,1,1453.11,False,16880.22,3802.2300000000005
2025-12-29,P001,Daily essentials 01,Grocery,S04,Store 04,West,8,1875.58,0.0,False,False,Clear,147,SUP-01,7,0,1453.11,False,15004.64,3379.76
2025-12-30,P001,Daily essentials 01,Grocery,S04,Store 04,West,10,1875.58,0.0,False,False,Clear,137,SUP-01,7,0,1453.11,False,18755.8,4224.700000000001
2025-12-31,P001,Daily essentials 01,Grocery,S04,Store 04,West,6,1875.58,0.0,False,False,Clear,212,SUP-01,7,0,1453.11,False,11253.48,2534.82
2025-09-03,P002,Signature blend 02,Apparel,S01,Store 01,North,15,1517.74,0.0,False,False,Clear,146,SUP-02,12,1,909.61,False,22766.1,9121.95
2025-09-04,P002,Signature blend 02,Apparel,S01,Store 01,North,16,1517.74,0.0,False,False,Clear,130,SUP-02,12,0,909.61,False,24283.84,9730.08
2025-09-05,P002,Signature blend 02,Apparel,S01,Store 01,North,17,1517.74,0.0,False,False,Clear,113,SUP-02,12,0,909.61,False,25801.58,10338.21
2025-09-06,P002,Signature blend 02,Apparel,S01,Store 01,North,18,1517.74,0.0,False,False,Clear,95,SUP-02,12,0,909.61,False,27319.32,10946.34
2025-09-07,P002,Signature blend 02,Apparel,S01,Store 01,North,12,1517.74,0.0,False,False,Clear,83,SUP-02,12,0,909.61,False,18212.88,7297.5599999999995
2025-09-08,P002,Signature blend 02,Apparel,S01,Store 01,North,20,1517.74,0.0,False,False,Rain,63,SUP-02,12,0,909.61,False,30354.8,12162.6
2025-09-09,P002,Signature blend 02,Apparel,S01,Store 01,North,17,1517.74,0.0,False,False,Clear,46,SUP-02,12,0,909.61,False,25801.58,10338.21
2025-09-10,P002,Signature blend 02,Apparel,S01,Store 01,North,18,1517.74,0.0,False,False,Clear,28,SUP-02,12,0,909.61,False,27319.32,10946.34
2025-09-11,P002,Signature blend 02,Apparel,S01,Store 01,North,14,1517.74,0.0,False,False,Clear,14,SUP-02,12,0,909.61,False,21248.36,8513.82
2025-09-12,P002,Signature blend 02,Apparel,S01,Store 01,North,13,1517.74,0.0,False,False,Clear,1,SUP-02,12,0,909.61,False,19730.62,7905.69
2025-09-13,P002,Signature blend 02,Apparel,S01,Store 01,North,1,1517.74,0.0,False,False,Clear,0,SUP-02,12,0,909.61,True,1517.74,608.13
2025-09-14,P002,Signature blend 02,Apparel,S01,Store 01,North,0,1517.74,0.0,False,False,Clear,0,SUP-02,12,0,909.61,True,0.0,0.0
2025-09-15,P002,Signature blend 02,Apparel,S01,Store 01,North,13,1517.74,0.0,False,False,Clear,158,SUP-02,12,0,909.61,False,19730.62,7905.69
2025-09-16,P002,Signature blend 02,Apparel,S01,Store 01,North,13,1517.74,0.0,False,False,Clear,145,SUP-02,12,0,909.61,False,19730.62,7905.69
2025-09-17,P002,Signature blend 02,Apparel,S01,Store 01,North,13,1517.74,0.0,False,False,Clear,132,SUP-02,12,0,909.61,False,19730.62,7905.69
2025-09-18,P002,Signature blend 02,Apparel,S01,Store 01,North,11,1517.74,0.0,False,False,Clear,121,SUP-02,12,0,909.61,False,16695.14,6689.43
2025-09-19,P002,Signature blend 02,Apparel,S01,Store 01,North,9,1517.74,0.0,False,False,Clear,112,SUP-02,12,0,909.61,False,13659.66,5473.17
2025-09-20,P002,Signature blend 02,Apparel,S01,Store 01,North,10,1517.74,0.0,False,False,Clear,102,SUP-02,12,0,909.61,False,15177.4,6081.3
2025-09-21,P002,Signature blend 02,Apparel,S01,Store 01,North,11,1517.74,0.0,False,False,Clear,91,SUP-02,12,1,909.61,False,16695.14,6689.43
2025-09-22,P002,Signature blend 02,Apparel,S01,Store 01,North,11,1517.74,0.0,False,False,Clear,80,SUP-02,12,0,909.61,False,16695.14,6689.43
2025-09-23,P002,Signature blend 02,Apparel,S01,Store 01,North,14,1517.74,0.0,False,False,Clear,66,SUP-02,12,0,909.61,False,21248.36,8513.82
2025-09-24,P002,Signature blend 02,Apparel,S01,Store 01,North,10,1517.74,0.0,False,False,Clear,56,SUP-02,12,0,909.61,False,15177.4,6081.3
2025-09-25,P002,Signature blend 02,Apparel,S01,Store 01,North,18,1517.74,0.0,False,False,Clear,38,SUP-02,12,0,909.61,False,27319.32,10946.34
2025-09-26,P002,Signature blend 02,Apparel,S01,Store 01,North,9,1517.74,0.0,False,False,Clear,29,SUP-02,12,0,909.61,False,13659.66,5473.17
2025-09-27,P002,Signature blend 02,Apparel,S01,Store 01,North,15,1517.74,0.0,False,False,Clear,190,SUP-02,12,0,909.61,False,22766.1,9121.95
2025-09-28,P002,Signature blend 02,Apparel,S01,Store 01,North,16,1517.74,0.0,False,False,Clear,174,SUP-02,12,0,909.61,False,24283.84,9730.08
2025-09-29,P002,Signature blend 02,Apparel,S01,Store 01,North,14,1517.74,0.0,False,False,Clear,160,SUP-02,12,0,909.61,False,21248.36,8513.82
2025-09-30,P002,Signature blend 02,Apparel,S01,Store 01,North,15,1517.74,0.0,False,False,Rain,145,SUP-02,12,0,909.61,False,22766.1,9121.95
2025-10-01,P002,Signature blend 02,Apparel,S01,Store 01,North,11,1517.74,0.0,False,False,Clear,134,SUP-02,12,0,909.61,False,16695.14,6689.43
2025-10-02,P002,Signature blend 02,Apparel,S01,Store 01,North,28,1365.97,0.1,True,True,Clear,106,SUP-02,12,0,909.61,False,38247.16,12778.08
2025-10-03,P002,Signature blend 02,Apparel,S01,Store 01,North,14,1517.74,0.0,False,False,Clear,92,SUP-02,12,1,909.61,False,21248.36,8513.82
2025-10-04,P002,Signature blend 02,Apparel,S01,Store 01,North,15,1517.74,0.0,False,False,Rain,77,SUP-02,12,0,909.61,False,22766.1,9121.95
2025-10-05,P002,Signature blend 02,Apparel,S01,Store 01,North,17,1517.74,0.0,False,False,Clear,60,SUP-02,12,0,909.61,False,25801.58,10338.21
2025-10-06,P002,Signature blend 02,Apparel,S01,Store 01,North,21,1517.74,0.0,False,False,Clear,39,SUP-02,12,0,909.61,False,31872.54,12770.73
2025-10-07,P002,Signature blend 02,Apparel,S01,Store 01,North,10,1517.74,0.0,False,False,Clear,29,SUP-02,12,0,909.61,False,15177.4,6081.3
2025-10-08,P002,Signature blend 02,Apparel,S01,Store 01,North,13,1517.74,0.0,False,False,Clear,16,SUP-02,12,0,909.61,False,19730.62,7905.69
2025-10-09,P002,Signature blend 02,Apparel,S01,Store 01,North,16,1517.74,0.0,False,False,Clear,164,SUP-02,12,0,909.61,False,24283.84,9730.08
2025-10-10,P002,Signature blend 02,Apparel,S01,Store 01,North,15,1517.74,0.0,False,False,Clear,149,SUP-02,12,0,909.61,False,22766.1,9121.95
2025-10-11,P002,Signature blend 02,Apparel,S01,Store 01,North,18,1517.74,0.0,False,False,Clear,131,SUP-02,12,0,909.61,False,27319.32,10946.34
2025-10-12,P002,Signature blend 02,Apparel,S01,Store 01,North,17,1517.74,0.0,False,False,Clear,114,SUP-02,12,0,909.61,False,25801.58,10338.21
2025-10-13,P002,Signature blend 02,Apparel,S01,Store 01,North,17,1365.97,0.1,True,False,Clear,97,SUP-02,12,0,909.61,False,23221.49,7758.12
2025-10-14,P002,Signature blend 02,Apparel,S01,Store 01,North,6,1517.74,0.0,False,False,Clear,91,SUP-02,12,0,909.61,False,9106.44,3648.7799999999997
2025-10-15,P002,Signature blend 02,Apparel,S01,Store 01,North,13,1517.74,0.0,False,False,Clear,78,SUP-02,12,0,909.61,False,19730.62,7905.69
2025-10-16,P002,Signature blend 02,Apparel,S01,Store 01,North,21,1517.74,0.0,False,False,Clear,57,SUP-02,12,0,909.61,False,31872.54,12770.73
2025-10-17,P002,Signature blend 02,Apparel,S01,Store 01,North,17,1517.74,0.0,False,False,Clear,40,SUP-02,12,0,909.61,False,25801.58,10338.21
2025-10-18,P002,Signature blend 02,Apparel,S01,Store 01,North,11,1517.74,0.0,False,False,Clear,29,SUP-02,12,0,909.61,False,16695.14,6689.43
2025-10-19,P002,Signature blend 02,Apparel,S01,Store 01,North,13,1517.74,0.0,False,False,Clear,16,SUP-02,12,0,909.61,False,19730.62,7905.69
2025-10-20,P002,Signature blend 02,Apparel,S01,Store 01,North,9,1517.74,0.0,False,False,Clear,7,SUP-02,12,0,909.61,False,13659.66,5473.17
2025-10-21,P002,Signature blend 02,Apparel,S01,Store 01,North,14,1517.74,0.0,False,False,Clear,168,SUP-02,12,0,909.61,False,21248.36,8513.82
2025-10-22,P002,Signature blend 02,Apparel,S01,Store 01,North,9,1517.74,0.0,False,False,Rain,159,SUP-02,12,0,909.61,False,13659.66,5473.17
2025-10-23,P002,Signature blend 02,Apparel,S01,Store 01,North,11,1517.74,0.0,False,False,Clear,148,SUP-02,12,0,909.61,False,16695.14,6689.43
2025-10-24,P002,Signature blend 02,Apparel,S01,Store 01,North,11,1517.74,0.0,False,False,Clear,137,SUP-02,12,0,909.61,False,16695.14,6689.43
2025-10-25,P002,Signature blend 02,Apparel,S01,Store 01,North,20,1517.74,0.0,False,False,Clear,117,SUP-02,12,0,909.61,False,30354.8,12162.6
2025-10-26,P002,Signature blend 02,Apparel,S01,Store 01,North,9,1517.74,0.0,False,False,Clear,108,SUP-02,12,0,909.61,False,13659.66,5473.17
2025-10-27,P002,Signature blend 02,Apparel,S01,Store 01,North,13,1517.74,0.0,False,False,Clear,95,SUP-02,12,0,909.61,False,19730.62,7905.69
2025-10-28,P002,Signature blend 02,Apparel,S01,Store 01,North,10,1517.74,0.0,False,False,Clear,85,SUP-02,12,0,909.61,False,15177.4,6081.3
2025-10-29,P002,Signature blend 02,Apparel,S01,Store 01,North,15,1517.74,0.0,False,False,Clear,70,SUP-02,12,1,909.61,False,22766.1,9121.95
2025-10-30,P002,Signature blend 02,Apparel,S01,Store 01,North,9,1517.74,0.0,False,False,Clear,61,SUP-02,12,0,909.61,False,13659.66,5473.17
2025-10-31,P002,Signature blend 02,Apparel,S01,Store 01,North,14,1517.74,0.0,False,False,Clear,47,SUP-02,12,0,909.61,False,21248.36,8513.82
2025-11-01,P002,Signature blend 02,Apparel,S01,Store 01,North,19,1517.74,0.0,False,False,Clear,28,SUP-02,12,0,909.61,False,28837.06,11554.47
2025-11-02,P002,Signature blend 02,Apparel,S01,Store 01,North,15,1517.74,0.0,False,False,Clear,209,SUP-02,12,0,909.61,False,22766.1,9121.95
2025-11-03,P002,Signature blend 02,Apparel,S01,Store 01,North,15,1517.74,0.0,False,False,Clear,194,SUP-02,12,0,909.61,False,22766.1,9121.95
2025-11-04,P002,Signature blend 02,Apparel,S01,Store 01,North,13,1517.74,0.0,False,False,Clear,181,SUP-02,12,0,909.61,False,19730.62,7905.69
2025-11-05,P002,Signature blend 02,Apparel,S01,Store 01,North,26,1517.74,0.0,False,False,Clear,155,SUP-02,12,1,909.61,False,39461.24,15811.38
2025-11-06,P002,Signature blend 02,Apparel,S01,Store 01,North,13,1517.74,0.0,False,False,Clear,142,SUP-02,12,0,909.61,False,19730.62,7905.69
2025-11-07,P002,Signature blend 02,Apparel,S01,Store 01,North,17,1517.74,0.0,False,False,Clear,125,SUP-02,12,1,909.61,False,25801.58,10338.21
2025-11-08,P002,Signature blend 02,Apparel,S01,Store 01,North,11,1517.74,0.0,False,False,Clear,114,SUP-02,12,0,909.61,False,16695.14,6689.43
2025-11-09,P002,Signature blend 02,Apparel,S01,Store 01,North,27,1517.74,0.0,False,False,Clear,87,SUP-02,12,0,909.61,False,40978.98,16419.51
2025-11-10,P002,Signature blend 02,Apparel,S01,Store 01,North,15,1517.74,0.0,False,False,Rain,72,SUP-02,12,0,909.61,False,22766.1,9121.95
2025-11-11,P002,Signature blend 02,Apparel,S01,Store 01,North,17,1517.74,0.0,False,False,Rain,55,SUP-02,12,2,909.61,False,25801.58,10338.21
2025-11-12,P002,Signature blend 02,Apparel,S01,Store 01,North,11,1517.74,0.0,False,False,Clear,44,SUP-02,12,0,909.61,False,16695.14,6689.43
2025-11-13,P002,Signature blend 02,Apparel,S01,Store 01,North,20,1517.74,0.0,False,False,Clear,24,SUP-02,12,0,909.61,False,30354.8,12162.6
2025-11-14,P002,Signature blend 02,Apparel,S01,Store 01,North,9,1517.74,0.0,False,False,Clear,207,SUP-02,12,0,909.61,False,13659.66,5473.17
2025-11-15,P002,Signature blend 02,Apparel,S01,Store 01,North,20,1517.74,0.0,False,False,Clear,187,SUP-02,12,1,909.61,False,30354.8,12162.6
2025-11-16,P002,Signature blend 02,Apparel,S01,Store 01,North,19,1517.74,0.0,False,False,Clear,168,SUP-02,12,0,909.61,False,28837.06,11554.47
2025-11-17,P002,Signature blend 02,Apparel,S01,Store 01,North,12,1517.74,0.0,False,False,Clear,156,SUP-02,12,0,909.61,False,18212.88,7297.5599999999995
2025-11-18,P002,Signature blend 02,Apparel,S01,Store 01,North,10,1517.74,0.0,False,False,Clear,146,SUP-02,12,0,909.61,False,15177.4,6081.3
2025-11-19,P002,Signature blend 02,Apparel,S01,Store 01,North,15,1517.74,0.0,False,False,Clear,131,SUP-02,12,1,909.61,False,22766.1,9121.95
2025-11-20,P002,Signature blend 02,Apparel,S01,Store 01,North,11,1517.74,0.0,False,False,Clear,120,SUP-02,12,0,909.61,False,16695.14,6689.43
2025-11-21,P002,Signature blend 02,Apparel,S01,Store 01,North,13,1517.74,0.0,False,False,Rain,107,SUP-02,12,0,909.61,False,19730.62,7905.69
2025-11-22,P002,Signature blend 02,Apparel,S01,Store 01,North,9,1517.74,0.0,False,False,Clear,98,SUP-02,12,0,909.61,False,13659.66,5473.17
2025-11-23,P002,Signature blend 02,Apparel,S01,Store 01,North,8,1517.74,0.0,False,False,Clear,90,SUP-02,12,0,909.61,False,12141.92,4865.04
2025-11-24,P002,Signature blend 02,Apparel,S01,Store 01,North,19,1517.74,0.0,False,False,Clear,71,SUP-02,12,0,909.61,False,28837.06,11554.47
2025-11-25,P002,Signature blend 02,Apparel,S01,Store 01,North,20,1517.74,0.0,False,False,Clear,51,SUP-02,12,0,909.61,False,30354.8,12162.6
2025-11-26,P002,Signature blend 02,Apparel,S01,Store 01,North,15,1517.74,0.0,False,False,Clear,211,SUP-02,12,0,909.61,False,22766.1,9121.95
2025-11-27,P002,Signature blend 02,Apparel,S01,Store 01,North,13,1517.74,0.0,False,False,Clear,198,SUP-02,12,1,909.61,False,19730.62,7905.69
2025-11-28,P002,Signature blend 02,Apparel,S01,Store 01,North,10,1517.74,0.0,False,False,Rain,188,SUP-02,12,0,909.61,False,15177.4,6081.3
2025-11-29,P002,Signature blend 02,Apparel,S01,Store 01,North,17,1517.74,0.0,False,False,Clear,171,SUP-02,12,0,909.61,False,25801.58,10338.21
2025-11-30,P002,Signature blend 02,Apparel,S01,Store 01,North,14,1517.74,0.0,False,False,Clear,157,SUP-02,12,0,909.61,False,21248.36,8513.82
2025-12-01,P002,Signature blend 02,Apparel,S01,Store 01,North,9,1517.74,0.0,False,False,Rain,148,SUP-02,12,0,909.61,False,13659.66,5473.17
2025-12-02,P002,Signature blend 02,Apparel,S01,Store 01,North,15,1517.74,0.0,False,False,Clear,133,SUP-02,12,0,909.61,False,22766.1,9121.95
2025-12-03,P002,Signature blend 02,Apparel,S01,Store 01,North,21,1517.74,0.0,False,False,Clear,112,SUP-02,12,0,909.61,False,31872.54,12770.73
2025-12-04,P002,Signature blend 02,Apparel,S01,Store 01,North,11,1517.74,0.0,False,False,Clear,101,SUP-02,12,0,909.61,False,16695.14,6689.43
2025-12-05,P002,Signature blend 02,Apparel,S01,Store 01,North,24,1517.74,0.0,False,False,Clear,77,SUP-02,12,0,909.61,False,36425.76,14595.119999999999
2025-12-06,P002,Signature blend 02,Apparel,S01,Store 01,North,19,1517.74,0.0,False,False,Clear,58,SUP-02,12,0,909.61,False,28837.06,11554.47
2025-12-07,P002,Signature blend 02,Apparel,S01,Store 01,North,17,1517.74,0.0,False,False,Clear,41,SUP-02,12,1,909.61,False,25801.58,10338.21
2025-12-08,P002,Signature blend 02,Apparel,S01,Store 01,North,18,1517.74,0.0,False,False,Clear,218,SUP-02,12,0,909.61,False,27319.32,10946.34
2025-12-09,P002,Signature blend 02,Apparel,S01,Store 01,North,16,1517.74,0.0,False,False,Clear,202,SUP-02,12,0,909.61,False,24283.84,9730.08
2025-12-10,P002,Signature blend 02,Apparel,S01,Store 01,North,14,1517.74,0.0,False,False,Clear,188,SUP-02,12,0,909.61,False,21248.36,8513.82
2025-12-11,P002,Signature blend 02,Apparel,S01,Store 01,North,22,1517.74,0.0,False,False,Clear,166,SUP-02,12,0,909.61,False,33390.28,13378.86
2025-12-12,P002,Signature blend 02,Apparel,S01,Store 01,North,13,1517.74,0.0,False,False,Clear,153,SUP-02,12,1,909.61,False,19730.62,7905.69
2025-12-13,P002,Signature blend 02,Apparel,S01,Store 01,North,16,1517.74,0.0,False,False,Clear,137,SUP-02,12,1,909.61,False,24283.84,9730.08
2025-12-14,P002,Signature blend 02,Apparel,S01,Store 01,North,14,1517.74,0.0,False,False,Clear,123,SUP-02,12,1,909.61,False,21248.36,8513.82
2025-12-15,P002,Signature blend 02,Apparel,S01,Store 01,North,14,1517.74,0.0,False,False,Clear,109,SUP-02,12,0,909.61,False,21248.36,8513.82
2025-12-16,P002,Signature blend 02,Apparel,S01,Store 01,North,18,1517.74,0.0,False,False,Clear,91,SUP-02,12,0,909.61,False,27319.32,10946.34
2025-12-17,P002,Signature blend 02,Apparel,S01,Store 01,North,8,1517.74,0.0,False,False,Clear,83,SUP-02,12,0,909.61,False,12141.92,4865.04
2025-12-18,P002,Signature blend 02,Apparel,S01,Store 01,North,8,1517.74,0.0,False,False,Clear,75,SUP-02,12,0,909.61,False,12141.92,4865.04
2025-12-19,P002,Signature blend 02,Apparel,S01,Store 01,North,10,1517.74,0.0,False,False,Clear,65,SUP-02,12,1,909.61,False,15177.4,6081.3
2025-12-20,P002,Signature blend 02,Apparel,S01,Store 01,North,7,1517.74,0.0,False,False,Clear,224,SUP-02,12,0,909.61,False,10624.18,4256.91
2025-12-21,P002,Signature blend 02,Apparel,S01,Store 01,North,10,1517.74,0.0,False,False,Clear,214,SUP-02,12,0,909.61,False,15177.4,6081.3
2025-12-22,P002,Signature blend 02,Apparel,S01,Store 01,North,17,1517.74,0.0,False,False,Clear,197,SUP-02,12,0,909.61,False,25801.58,10338.21
2025-12-23,P002,Signature blend 02,Apparel,S01,Store 01,North,18,1517.74,0.0,False,False,Clear,179,SUP-02,12,0,909.61,False,27319.32,10946.34
2025-12-24,P002,Signature blend 02,Apparel,S01,Store 01,North,12,1517.74,0.0,False,False,Clear,167,SUP-02,12,0,909.61,False,18212.88,7297.5599999999995
2025-12-25,P002,Signature blend 02,Apparel,S01,Store 01,North,19,1517.74,0.0,False,True,Clear,148,SUP-02,12,0,909.61,False,28837.06,11554.47
2025-12-26,P002,Signature blend 02,Apparel,S01,Store 01,North,9,1517.74,0.0,False,False,Clear,139,SUP-02,12,0,909.61,False,13659.66,5473.17
2025-12-27,P002,Signature blend 02,Apparel,S01,Store 01,North,19,1517.74,0.0,False,False,Clear,120,SUP-02,12,0,909.61,False,28837.06,11554.47
2025-12-28,P002,Signature blend 02,Apparel,S01,Store 01,North,20,1517.74,0.0,False,False,Rain,100,SUP-02,12,0,909.61,False,30354.8,12162.6
2025-12-29,P002,Signature blend 02,Apparel,S01,Store 01,North,14,1517.74,0.0,False,False,Clear,86,SUP-02,12,0,909.61,False,21248.36,8513.82
2025-12-30,P002,Signature blend 02,Apparel,S01,Store 01,North,14,1517.74,0.0,False,False,Clear,72,SUP-02,12,0,909.61,False,21248.36,8513.82
2025-12-31,P002,Signature blend 02,Apparel,S01,Store 01,North,17,1517.74,0.0,False,False,Rain,55,SUP-02,12,1,909.61,False,25801.58,10338.21
2025-09-03,P002,Signature blend 02,Apparel,S02,Store 02,South,15,1517.74,0.0,False,False,Clear,63,SUP-02,3,0,909.61,False,22766.1,9121.95
2025-09-04,P002,Signature blend 02,Apparel,S02,Store 02,South,14,1214.19,0.2,True,False,Clear,49,SUP-02,3,1,909.61,False,16998.66,4264.120000000001
2025-09-05,P002,Signature blend 02,Apparel,S02,Store 02,South,9,1517.74,0.0,False,False,Clear,40,SUP-02,3,0,909.61,False,13659.66,5473.17
2025-09-06,P002,Signature blend 02,Apparel,S02,Store 02,South,15,1517.74,0.0,False,False,Clear,58,SUP-02,3,0,909.61,False,22766.1,9121.95
2025-09-07,P002,Signature blend 02,Apparel,S02,Store 02,South,7,1517.74,0.0,False,False,Clear,51,SUP-02,3,0,909.61,False,10624.18,4256.91
2025-09-08,P002,Signature blend 02,Apparel,S02,Store 02,South,16,1365.97,0.1,True,False,Clear,35,SUP-02,3,1,909.61,False,21855.52,7301.76
2025-09-09,P002,Signature blend 02,Apparel,S02,Store 02,South,7,1517.74,0.0,False,False,Rain,58,SUP-02,3,0,909.61,False,10624.18,4256.91
2025-09-10,P002,Signature blend 02,Apparel,S02,Store 02,South,7,1517.74,0.0,False,False,Clear,51,SUP-02,3,0,909.61,False,10624.18,4256.91
2025-09-11,P002,Signature blend 02,Apparel,S02,Store 02,South,9,1517.74,0.0,False,False,Clear,42,SUP-02,3,0,909.61,False,13659.66,5473.17
2025-09-12,P002,Signature blend 02,Apparel,S02,Store 02,South,6,1517.74,0.0,False,False,Clear,65,SUP-02,3,0,909.61,False,9106.44,3648.7799999999997
2025-09-13,P002,Signature blend 02,Apparel,S02,Store 02,South,7,1517.74,0.0,False,False,Clear,58,SUP-02,3,0,909.61,False,10624.18,4256.91
2025-09-14,P002,Signature blend 02,Apparel,S02,Store 02,South,17,1365.97,0.1,True,False,Clear,41,SUP-02,3,0,909.61,False,23221.49,7758.12
2025-09-15,P002,Signature blend 02,Apparel,S02,Store 02,South,10,1517.74,0.0,False,False,Clear,65,SUP-02,3,0,909.61,False,15177.4,6081.3
2025-09-16,P002,Signature blend 02,Apparel,S02,Store 02,South,6,1517.74,0.0,False,False,Clear,59,SUP-02,3,1,909.61,False,9106.44,3648.7799999999997
2025-09-17,P002,Signature blend 02,Apparel,S02,Store 02,South,12,1517.74,0.0,False,False,Clear,47,SUP-02,3,0,909.61,False,18212.88,7297.5599999999995
2025-09-18,P002,Signature blend 02,Apparel,S02,Store 02,South,4,1517.74,0.0,False,False,Clear,77,SUP-02,3,0,909.61,False,6070.96,2432.52
2025-09-19,P002,Signature blend 02,Apparel,S02,Store 02,South,4,1517.74,0.0,False,False,Clear,73,SUP-02,3,0,909.61,False,6070.96,2432.52
2025-09-20,P002,Signature blend 02,Apparel,S02,Store 02,South,9,1517.74,0.0,False,False,Clear,64,SUP-02,3,0,909.61,False,13659.66,5473.17
2025-09-21,P002,Signature blend 02,Apparel,S02,Store 02,South,6,1517.74,0.0,False,False,Clear,92,SUP-02,3,0,909.61,False,9106.44,3648.7799999999997
2025-09-22,P002,Signature blend 02,Apparel,S02,Store 02,South,6,1517.74,0.0,False,False,Clear,86,SUP-02,3,0,909.61,False,9106.44,3648.7799999999997
2025-09-23,P002,Signature blend 02,Apparel,S02,Store 02,South,5,1517.74,0.0,False,False,Rain,81,SUP-02,3,0,909.61,False,7588.7,3040.65
2025-09-24,P002,Signature blend 02,Apparel,S02,Store 02,South,10,1517.74,0.0,False,False,Clear,101,SUP-02,3,0,909.61,False,15177.4,6081.3
2025-09-25,P002,Signature blend 02,Apparel,S02,Store 02,South,15,1290.08,0.15,True,False,Clear,86,SUP-02,3,1,909.61,False,19351.199999999997,5707.049999999998
2025-09-26,P002,Signature blend 02,Apparel,S02,Store 02,South,10,1517.74,0.0,False,False,Rain,76,SUP-02,3,0,909.61,False,15177.4,6081.3
2025-09-27,P002,Signature blend 02,Apparel,S02,Store 02,South,6,1517.74,0.0,False,False,Clear,100,SUP-02,3,0,909.61,False,9106.44,3648.7799999999997
2025-09-28,P002,Signature blend 02,Apparel,S02,Store 02,South,9,1517.74,0.0,False,False,Clear,91,SUP-02,3,0,909.61,False,13659.66,5473.17
2025-09-29,P002,Signature blend 02,Apparel,S02,Store 02,South,10,1517.74,0.0,False,False,Clear,81,SUP-02,3,0,909.61,False,15177.4,6081.3
2025-09-30,P002,Signature blend 02,Apparel,S02,Store 02,South,9,1517.74,0.0,False,False,Clear,103,SUP-02,3,0,909.61,False,13659.66,5473.17
2025-10-01,P002,Signature blend 02,Apparel,S02,Store 02,South,8,1517.74,0.0,False,False,Rain,95,SUP-02,3,0,909.61,False,12141.92,4865.04
2025-10-02,P002,Signature blend 02,Apparel,S02,Store 02,South,14,1290.08,0.15,True,True,Clear,81,SUP-02,3,0,909.61,False,18061.12,5326.579999999999
2025-10-03,P002,Signature blend 02,Apparel,S02,Store 02,South,9,1517.74,0.0,False,False,Rain,101,SUP-02,3,0,909.61,False,13659.66,5473.17
2025-10-04,P002,Signature blend 02,Apparel,S02,Store 02,South,11,1517.74,0.0,False,False,Clear,90,SUP-02,3,0,909.61,False,16695.14,6689.43
2025-10-05,P002,Signature blend 02,Apparel,S02,Store 02,South,11,1517.74,0.0,False,False,Clear,79,SUP-02,3,0,909.61,False,16695.14,6689.43
2025-10-06,P002,Signature blend 02,Apparel,S02,Store 02,South,17,1517.74,0.0,False,False,Clear,93,SUP-02,3,0,909.61,False,25801.58,10338.21
2025-10-07,P002,Signature blend 02,Apparel,S02,Store 02,South,13,1517.74,0.0,False,False,Clear,80,SUP-02,3,0,909.61,False,19730.62,7905.69
2025-10-08,P002,Signature blend 02,Apparel,S02,Store 02,South,10,1517.74,0.0,False,False,Clear,70,SUP-02,3,0,909.61,False,15177.4,6081.3
2025-10-09,P002,Signature blend 02,Apparel,S02,Store 02,South,7,1517.74,0.0,False,False,Clear,96,SUP-02,3,1,909.61,False,10624.18,4256.91
2025-10-10,P002,Signature blend 02,Apparel,S02,Store 02,South,8,1517.74,0.0,False,False,Clear,88,SUP-02,3,0,909.61,False,12141.92,4865.04
2025-10-11,P002,Signature blend 02,Apparel,S02,Store 02,South,13,1517.74,0.0,False,False,Clear,75,SUP-02,3,1,909.61,False,19730.62,7905.69
2025-10-12,P002,Signature blend 02,Apparel,S02,Store 02,South,13,1517.74,0.0,False,False,Clear,92,SUP-02,3,1,909.61,False,19730.62,7905.69
2025-10-13,P002,Signature blend 02,Apparel,S02,Store 02,South,9,1517.74,0.0,False,False,Clear,83,SUP-02,3,0,909.61,False,13659.66,5473.17
2025-10-14,P002,Signature blend 02,Apparel,S02,Store 02,South,6,1517.74,0.0,False,False,Clear,77,SUP-02,3,0,909.61,False,9106.44,3648.7799999999997
2025-10-15,P002,Signature blend 02,Apparel,S02,Store 02,South,9,1517.74,0.0,False,False,Clear,97,SUP-02,3,0,909.61,False,13659.66,5473.17
2025-10-16,P002,Signature blend 02,Apparel,S02,Store 02,South,11,1517.74,0.0,False,False,Clear,86,SUP-02,3,0,909.61,False,16695.14,6689.43
2025-10-17,P002,Signature blend 02,Apparel,S02,Store 02,South,5,1517.74,0.0,False,False,Clear,81,SUP-02,3,0,909.61,False,7588.7,3040.65
2025-10-18,P002,Signature blend 02,Apparel,S02,Store 02,South,4,1517.74,0.0,False,False,Clear,110,SUP-02,3,0,909.61,False,6070.96,2432.52
2025-10-19,P002,Signature blend 02,Apparel,S02,Store 02,South,8,1517.74,0.0,False,False,Rain,102,SUP-02,3,0,909.61,False,12141.92,4865.04
2025-10-20,P002,Signature blend 02,Apparel,S02,Store 02,South,8,1517.74,0.0,False,False,Rain,94,SUP-02,3,0,909.61,False,12141.92,4865.04
2025-10-21,P002,Signature blend 02,Apparel,S02,Store 02,South,13,1517.74,0.0,False,False,Clear,116,SUP-02,3,0,909.61,False,19730.62,7905.69
2025-10-22,P002,Signature blend 02,Apparel,S02,Store 02,South,12,1517.74,0.0,False,False,Clear,104,SUP-02,3,0,909.61,False,18212.88,7297.5599999999995
2025-10-23,P002,Signature blend 02,Apparel,S02,Store 02,South,9,1517.74,0.0,False,False,Clear,95,SUP-02,3,0,909.61,False,13659.66,5473.17
2025-10-24,P002,Signature blend 02,Apparel,S02,Store 02,South,7,1517.74,0.0,False,False,Clear,119,SUP-02,3,0,909.61,False,10624.18,4256.91
2025-10-25,P002,Signature blend 02,Apparel,S02,Store 02,South,3,1517.74,0.0,False,False,Clear,116,SUP-02,3,0,909.61,False,4553.22,1824.3899999999999
2025-10-26,P002,Signature blend 02,Apparel,S02,Store 02,South,7,1517.74,0.0,False,False,Clear,109,SUP-02,3,0,909.61,False,10624.18,4256.91
2025-10-27,P002,Signature blend 02,Apparel,S02,Store 02,South,7,1517.74,0.0,False,False,Clear,135,SUP-02,3,1,909.61,False,10624.18,4256.91
2025-10-28,P002,Signature blend 02,Apparel,S02,Store 02,South,13,1290.08,0.15,True,False,Clear,122,SUP-02,3,0,909.61,False,16771.04,4946.109999999999
2025-10-29,P002,Signature blend 02,Apparel,S02,Store 02,South,6,1517.74,0.0,False,False,Clear,116,SUP-02,3,0,909.61,False,9106.44,3648.7799999999997
2025-10-30,P002,Signature blend 02,Apparel,S02,Store 02,South,20,1214.19,0.2,True,False,Clear,129,SUP-02,3,0,909.61,False,24283.800000000003,6091.6
2025-10-31,P002,Signature blend 02,Apparel,S02,Store 02,South,8,1517.74,0.0,False,False,Clear,121,SUP-02,3,0,909.61,False,12141.92,4865.04
2025-11-01,P002,Signature blend 02,Apparel,S02,Store 02,South,10,1517.74,0.0,False,False,Clear,111,SUP-02,3,0,909.61,False,15177.4,6081.3
2025-11-02,P002,Signature blend 02,Apparel,S02,Store 02,South,12,1517.74,0.0,False,False,Clear,131,SUP-02,3,0,909.61,False,18212.88,7297.5599999999995
2025-11-03,P002,Signature blend 02,Apparel,S02,Store 02,South,10,1517.74,0.0,False,False,Clear,121,SUP-02,3,0,909.61,False,15177.4,6081.3
2025-11-04,P002,Signature blend 02,Apparel,S02,Store 02,South,14,1214.19,0.2,True,False,Clear,107,SUP-02,3,0,909.61,False,16998.66,4264.120000000001
2025-11-05,P002,Signature blend 02,Apparel,S02,Store 02,South,12,1517.74,0.0,False,False,Clear,126,SUP-02,3,0,909.61,False,18212.88,7297.5599999999995
2025-11-06,P002,Signature blend 02,Apparel,S02,Store 02,South,11,1517.74,0.0,False,False,Clear,115,SUP-02,3,0,909.61,False,16695.14,6689.43
2025-11-07,P002,Signature blend 02,Apparel,S02,Store 02,South,19,1214.19,0.2,True,False,Clear,96,SUP-02,3,0,909.61,False,23069.61,5787.02
2025-11-08,P002,Signature blend 02,Apparel,S02,Store 02,South,19,1517.74,0.0,False,False,Clear,107,SUP-02,3,1,909.61,False,28837.06,11554.47
2025-11-09,P002,Signature blend 02,Apparel,S02,Store 02,South,5,1517.74,0.0,False,False,Clear,102,SUP-02,3,0,909.61,False,7588.7,3040.65
2025-11-10,P002,Signature blend 02,Apparel,S02,Store 02,South,14,1517.74,0.0,False,False,Rain,88,SUP-02,3,0,909.61,False,21248.36,8513.82
2025-11-11,P002,Signature blend 02,Apparel,S02,Store 02,South,6,1517.74,0.0,False,False,Clear,114,SUP-02,3,0,909.61,False,9106.44,3648.7799999999997
2025-11-12,P002,Signature blend 02,Apparel,S02,Store 02,South,11,1517.74,0.0,False,False,Rain,103,SUP-02,3,2,909.61,False,16695.14,6689.43
2025-11-13,P002,Signature blend 02,Apparel,S02,Store 02,South,12,1517.74,0.0,False,False,Rain,91,SUP-02,3,0,909.61,False,18212.88,7297.5599999999995
2025-11-14,P002,Signature blend 02,Apparel,S02,Store 02,South,11,1365.97,0.1,True,False,Clear,110,SUP-02,3,0,909.61,False,15025.67,5019.96
2025-11-15,P002,Signature blend 02,Apparel,S02,Store 02,South,16,1517.74,0.0,False,False,Clear,94,SUP-02,3,1,909.61,False,24283.84,9730.08
2025-11-16,P002,Signature blend 02,Apparel,S02,Store 02,South,13,1517.74,0.0,False,False,Clear,81,SUP-02,3,0,909.61,False,19730.62,7905.69
2025-11-17,P002,Signature blend 02,Apparel,S02,Store 02,South,19,1214.19,0.2,True,False,Clear,92,SUP-02,3,0,909.61,False,23069.61,5787.02
2025-11-18,P002,Signature blend 02,Apparel,S02,Store 02,South,8,1517.74,0.0,False,False,Clear,84,SUP-02,3,0,909.61,False,12141.92,4865.04
2025-11-19,P002,Signature blend 02,Apparel,S02,Store 02,South,6,1517.74,0.0,False,False,Clear,78,SUP-02,3,0,909.61,False,9106.44,3648.7799999999997
2025-11-20,P002,Signature blend 02,Apparel,S02,Store 02,South,10,1517.74,0.0,False,False,Clear,101,SUP-02,3,0,909.61,False,15177.4,6081.3
2025-11-21,P002,Signature blend 02,Apparel,S02,Store 02,South,2,1517.74,0.0,False,False,Clear,99,SUP-02,3,0,909.61,False,3035.48,1216.26
2025-11-22,P002,Signature blend 02,Apparel,S02,Store 02,South,8,1517.74,0.0,False,False,Clear,91,SUP-02,3,0,909.61,False,12141.92,4865.04
2025-11-23,P002,Signature blend 02,Apparel,S02,Store 02,South,8,1517.74,0.0,False,False,Rain,116,SUP-02,3,0,909.61,False,12141.92,4865.04
2025-11-24,P002,Signature blend 02,Apparel,S02,Store 02,South,10,1517.74,0.0,False,False,Clear,106,SUP-02,3,0,909.61,False,15177.4,6081.3
2025-11-25,P002,Signature blend 02,Apparel,S02,Store 02,South,11,1517.74,0.0,False,False,Clear,95,SUP-02,3,0,909.61,False,16695.14,6689.43
2025-11-26,P002,Signature blend 02,Apparel,S02,Store 02,South,11,1517.74,0.0,False,False,Clear,117,SUP-02,3,0,909.61,False,16695.14,6689.43
2025-11-27,P002,Signature blend 02,Apparel,S02,Store 02,South,13,1517.74,0.0,False,False,Clear,104,SUP-02,3,0,909.61,False,19730.62,7905.69
2025-11-28,P002,Signature blend 02,Apparel,S02,Store 02,South,8,1517.74,0.0,False,False,Clear,96,SUP-02,3,0,909.61,False,12141.92,4865.04
2025-11-29,P002,Signature blend 02,Apparel,S02,Store 02,South,13,1517.74,0.0,False,False,Clear,114,SUP-02,3,0,909.61,False,19730.62,7905.69
2025-11-30,P002,Signature blend 02,Apparel,S02,Store 02,South,17,1517.74,0.0,False,False,Clear,97,SUP-02,3,0,909.61,False,25801.58,10338.21
2025-12-01,P002,Signature blend 02,Apparel,S02,Store 02,South,14,1517.74,0.0,False,False,Clear,83,SUP-02,3,0,909.61,False,21248.36,8513.82
2025-12-02,P002,Signature blend 02,Apparel,S02,Store 02,South,8,1517.74,0.0,False,False,Clear,105,SUP-02,3,1,909.61,False,12141.92,4865.04
2025-12-03,P002,Signature blend 02,Apparel,S02,Store 02,South,16,1517.74,0.0,False,False,Clear,89,SUP-02,3,0,909.61,False,24283.84,9730.08
2025-12-04,P002,Signature blend 02,Apparel,S02,Store 02,South,8,1517.74,0.0,False,False,Clear,81,SUP-02,3,0,909.61,False,12141.92,4865.04
2025-12-05,P002,Signature blend 02,Apparel,S02,Store 02,South,14,1365.97,0.1,True,False,Clear,96,SUP-02,3,0,909.61,False,19123.58,6389.04
2025-12-06,P002,Signature blend 02,Apparel,S02,Store 02,South,23,1441.85,0.05,True,False,Clear,73,SUP-02,3,0,909.61,False,33162.549999999996,12241.519999999997
2025-12-07,P002,Signature blend 02,Apparel,S02,Store 02,South,20,1517.74,0.0,False,False,Clear,53,SUP-02,3,0,909.61,False,30354.8,12162.6
2025-12-08,P002,Signature blend 02,Apparel,S02,Store 02,South,10,1517.74,0.0,False,False,Rain,73,SUP-02,3,1,909.61,False,15177.4,6081.3
2025-12-09,P002,Signature blend 02,Apparel,S02,Store 02,South,19,1365.97,0.1,True,False,Clear,54,SUP-02,3,0,909.61,False,25953.43,8670.84
2025-12-10,P002,Signature blend 02,Apparel,S02,Store 02,South,7,1517.74,0.0,False,False,Clear,47,SUP-02,3,0,909.61,False,10624.18,4256.91
2025-12-11,P002,Signature blend 02,Apparel,S02,Store 02,South,12,1517.74,0.0,False,False,Clear,64,SUP-02,3,0,909.61,False,18212.88,7297.5599999999995
2025-12-12,P002,Signature blend 02,Apparel,S02,Store 02,South,12,1517.74,0.0,False,False,Clear,52,SUP-02,3,0,909.61,False,18212.88,7297.5599999999995
2025-12-13,P002,Signature blend 02,Apparel,S02,Store 02,South,8,1517.74,0.0,False,False,Clear,44,SUP-02,3,0,909.61,False,12141.92,4865.04
2025-12-14,P002,Signature blend 02,Apparel,S02,Store 02,South,11,1517.74,0.0,False,False,Clear,64,SUP-02,3,1,909.61,False,16695.14,6689.43
2025-12-15,P002,Signature blend 02,Apparel,S02,Store 02,South,7,1517.74,0.0,False,False,Rain,57,SUP-02,3,0,909.61,False,10624.18,4256.91
2025-12-16,P002,Signature blend 02,Apparel,S02,Store 02,South,9,1517.74,0.0,False,False,Clear,48,SUP-02,3,0,909.61,False,13659.66,5473.17
2025-12-17,P002,Signature blend 02,Apparel,S02,Store 02,South,9,1517.74,0.0,False,False,Rain,71,SUP-02,3,0,909.61,False,13659.66,5473.17
2025-12-18,P002,Signature blend 02,Apparel,S02,Store 02,South,8,1517.74,0.0,False,False,Clear,63,SUP-02,3,0,909.61,False,12141.92,4865.04
2025-12-19,P002,Signature blend 02,Apparel,S02,Store 02,South,8,1517.74,0.0,False,False,Rain,55,SUP-02,3,0,909.61,False,12141.92,4865.04
2025-12-20,P002,Signature blend 02,Apparel,S02,Store 02,South,16,1517.74,0.0,False,False,Clear,68,SUP-02,3,0,909.61,False,24283.84,9730.08
2025-12-21,P002,Signature blend 02,Apparel,S02,Store 02,South,12,1517.74,0.0,False,False,Clear,56,SUP-02,3,0,909.61,False,18212.88,7297.5599999999995
2025-12-22,P002,Signature blend 02,Apparel,S02,Store 02,South,8,1517.74,0.0,False,False,Clear,48,SUP-02,3,0,909.61,False,12141.92,4865.04
2025-12-23,P002,Signature blend 02,Apparel,S02,Store 02,South,6,1517.74,0.0,False,False,Clear,74,SUP-02,3,0,909.61,False,9106.44,3648.7799999999997
2025-12-24,P002,Signature blend 02,Apparel,S02,Store 02,South,9,1517.74,0.0,False,False,Clear,65,SUP-02,3,0,909.61,False,13659.66,5473.17
2025-12-25,P002,Signature blend 02,Apparel,S02,Store 02,South,11,1517.74,0.0,False,True,Clear,54,SUP-02,3,2,909.61,False,16695.14,6689.43
2025-12-26,P002,Signature blend 02,Apparel,S02,Store 02,South,10,1517.74,0.0,False,False,Clear,74,SUP-02,3,0,909.61,False,15177.4,6081.3
2025-12-27,P002,Signature blend 02,Apparel,S02,Store 02,South,15,1441.85,0.05,True,False,Rain,59,SUP-02,3,0,909.61,False,21627.75,7983.5999999999985
2025-12-28,P002,Signature blend 02,Apparel,S02,Store 02,South,17,1517.74,0.0,False,False,Clear,42,SUP-02,3,0,909.61,False,25801.58,10338.21
2025-12-29,P002,Signature blend 02,Apparel,S02,Store 02,South,9,1517.74,0.0,False,False,Clear,65,SUP-02,3,0,909.61,False,13659.66,5473.17
2025-12-30,P002,Signature blend 02,Apparel,S02,Store 02,South,11,1517.74,0.0,False,False,Rain,54,SUP-02,3,0,909.61,False,16695.14,6689.43
2025-12-31,P002,Signature blend 02,Apparel,S02,Store 02,South,5,1517.74,0.0,False,False,Clear,49,SUP-02,3,0,909.61,False,7588.7,3040.65
2025-09-03,P002,Signature blend 02,Apparel,S03,Store 03,East,13,1517.74,0.0,False,False,Clear,249,SUP-02,9,0,909.61,False,19730.62,7905.69
2025-09-04,P002,Signature blend 02,Apparel,S03,Store 03,East,15,1517.74,0.0,False,False,Clear,234,SUP-02,9,0,909.61,False,22766.1,9121.95
2025-09-05,P002,Signature blend 02,Apparel,S03,Store 03,East,10,1517.74,0.0,False,False,Clear,224,SUP-02,9,0,909.61,False,15177.4,6081.3
2025-09-06,P002,Signature blend 02,Apparel,S03,Store 03,East,25,1517.74,0.0,False,False,Clear,199,SUP-02,9,0,909.61,False,37943.5,15203.25
2025-09-07,P002,Signature blend 02,Apparel,S03,Store 03,East,13,1517.74,0.0,False,False,Clear,186,SUP-02,9,0,909.61,False,19730.62,7905.69
2025-09-08,P002,Signature blend 02,Apparel,S03,Store 03,East,12,1517.74,0.0,False,False,Clear,174,SUP-02,9,0,909.61,False,18212.88,7297.5599999999995
2025-09-09,P002,Signature blend 02,Apparel,S03,Store 03,East,15,1517.74,0.0,False,False,Clear,159,SUP-02,9,0,909.61,False,22766.1,9121.95
2025-09-10,P002,Signature blend 02,Apparel,S03,Store 03,East,7,1517.74,0.0,False,False,Clear,152,SUP-02,9,0,909.61,False,10624.18,4256.91
2025-09-11,P002,Signature blend 02,Apparel,S03,Store 03,East,15,1517.74,0.0,False,False,Clear,137,SUP-02,9,0,909.61,False,22766.1,9121.95
2025-09-12,P002,Signature blend 02,Apparel,S03,Store 03,East,15,1517.74,0.0,False,False,Rain,258,SUP-02,9,0,909.61,False,22766.1,9121.95
2025-09-13,P002,Signature blend 02,Apparel,S03,Store 03,East,20,1517.74,0.0,False,False,Clear,238,SUP-02,9,1,909.61,False,30354.8,12162.6
2025-09-14,P002,Signature blend 02,Apparel,S03,Store 03,East,11,1517.74,0.0,False,False,Clear,227,SUP-02,9,1,909.61,False,16695.14,6689.43
2025-09-15,P002,Signature blend 02,Apparel,S03,Store 03,East,11,1517.74,0.0,False,False,Clear,216,SUP-02,9,0,909.61,False,16695.14,6689.43
2025-09-16,P002,Signature blend 02,Apparel,S03,Store 03,East,10,1517.74,0.0,False,False,Clear,206,SUP-02,9,0,909.61,False,15177.4,6081.3
2025-09-17,P002,Signature blend 02,Apparel,S03,Store 03,East,13,1517.74,0.0,False,False,Clear,193,SUP-02,9,0,909.61,False,19730.62,7905.69
2025-09-18,P002,Signature blend 02,Apparel,S03,Store 03,East,9,1517.74,0.0,False,False,Clear,184,SUP-02,9,0,909.61,False,13659.66,5473.17
2025-09-19,P002,Signature blend 02,Apparel,S03,Store 03,East,9,1517.74,0.0,False,False,Clear,175,SUP-02,9,0,909.61,False,13659.66,5473.17
2025-09-20,P002,Signature blend 02,Apparel,S03,Store 03,East,9,1517.74,0.0,False,False,Clear,166,SUP-02,9,0,909.61,False,13659.66,5473.17
2025-09-21,P002,Signature blend 02,Apparel,S03,Store 03,East,14,1517.74,0.0,False,False,Clear,276,SUP-02,9,0,909.61,False,21248.36,8513.82
2025-09-22,P002,Signature blend 02,Apparel,S03,Store 03,East,9,1517.74,0.0,False,False,Clear,267,SUP-02,9,0,909.61,False,13659.66,5473.17
2025-09-23,P002,Signature blend 02,Apparel,S03,Store 03,East,9,1365.97,0.1,True,False,Clear,258,SUP-02,9,1,909.61,False,12293.73,4107.24
2025-09-24,P002,Signature blend 02,Apparel,S03,Store 03,East,8,1517.74,0.0,False,False,Clear,250,SUP-02,9,0,909.61,False,12141.92,4865.04
2025-09-25,P002,Signature blend 02,Apparel,S03,Store 03,East,9,1517.74,0.0,False,False,Clear,241,SUP-02,9,0,909.61,False,13659.66,5473.17
2025-09-26,P002,Signature blend 02,Apparel,S03,Store 03,East,9,1517.74,0.0,False,False,Clear,232,SUP-02,9,0,909.61,False,13659.66,5473.17
2025-09-27,P002,Signature blend 02,Apparel,S03,Store 03,East,17,1517.74,0.0,False,False,Clear,215,SUP-02,9,0,909.61,False,25801.58,10338.21
2025-09-28,P002,Signature blend 02,Apparel,S03,Store 03,East,16,1517.74,0.0,False,False,Clear,199,SUP-02,9,0,909.61,False,24283.84,9730.08
2025-09-29,P002,Signature blend 02,Apparel,S03,Store 03,East,7,1517.74,0.0,False,False,Clear,192,SUP-02,9,1,909.61,False,10624.18,4256.91
2025-09-30,P002,Signature blend 02,Apparel,S03,Store 03,East,13,1517.74,0.0,False,False,Clear,314,SUP-02,9,0,909.61,False,19730.62,7905.69
2025-10-01,P002,Signature blend 02,Apparel,S03,Store 03,East,16,1517.74,0.0,False,False,Clear,298,SUP-02,9,0,909.61,False,24283.84,9730.08
2025-10-02,P002,Signature blend 02,Apparel,S03,Store 03,East,23,1517.74,0.0,False,True,Clear,275,SUP-02,9,0,909.61,False,34908.02,13986.99
2025-10-03,P002,Signature blend 02,Apparel,S03,Store 03,East,12,1517.74,0.0,False,False,Clear,263,SUP-02,9,0,909.61,False,18212.88,7297.5599999999995
2025-10-04,P002,Signature blend 02,Apparel,S03,Store 03,East,25,1517.74,0.0,False,False,Clear,238,SUP-02,9,0,909.61,False,37943.5,15203.25
2025-10-05,P002,Signature blend 02,Apparel,S03,Store 03,East,17,1517.74,0.0,False,False,Clear,221,SUP-02,9,0,909.61,False,25801.58,10338.21
2025-10-06,P002,Signature blend 02,Apparel,S03,Store 03,East,12,1517.74,0.0,False,False,Clear,209,SUP-02,9,0,909.61,False,18212.88,7297.5599999999995
2025-10-07,P002,Signature blend 02,Apparel,S03,Store 03,East,14,1517.74,0.0,False,False,Clear,195,SUP-02,9,0,909.61,False,21248.36,8513.82
2025-10-08,P002,Signature blend 02,Apparel,S03,Store 03,East,19,1517.74,0.0,False,False,Clear,176,SUP-02,9,0,909.61,False,28837.06,11554.47
2025-10-09,P002,Signature blend 02,Apparel,S03,Store 03,East,10,1517.74,0.0,False,False,Clear,290,SUP-02,9,0,909.61,False,15177.4,6081.3
2025-10-10,P002,Signature blend 02,Apparel,S03,Store 03,East,27,1441.85,0.05,True,False,Clear,263,SUP-02,9,2,909.61,False,38929.95,14370.479999999998
2025-10-11,P002,Signature blend 02,Apparel,S03,Store 03,East,18,1517.74,0.0,False,False,Clear,245,SUP-02,9,0,909.61,False,27319.32,10946.34
2025-10-12,P002,Signature blend 02,Apparel,S03,Store 03,East,19,1517.74,0.0,False,False,Clear,226,SUP-02,9,1,909.61,False,28837.06,11554.47
2025-10-13,P002,Signature blend 02,Apparel,S03,Store 03,East,9,1517.74,0.0,False,False,Clear,217,SUP-02,9,0,909.61,False,13659.66,5473.17
2025-10-14,P002,Signature blend 02,Apparel,S03,Store 03,East,22,1517.74,0.0,False,False,Clear,195,SUP-02,9,1,909.61,False,33390.28,13378.86
2025-10-15,P002,Signature blend 02,Apparel,S03,Store 03,East,12,1517.74,0.0,False,False,Clear,183,SUP-02,9,0,909.61,False,18212.88,7297.5599999999995
2025-10-16,P002,Signature blend 02,Apparel,S03,Store 03,East,19,1517.74,0.0,False,False,Clear,164,SUP-02,9,0,909.61,False,28837.06,11554.47
2025-10-17,P002,Signature blend 02,Apparel,S03,Store 03,East,7,1517.74,0.0,False,False,Rain,157,SUP-02,9,0,909.61,False,10624.18,4256.91
2025-10-18,P002,Signature blend 02,Apparel,S03,Store 03,East,17,1517.74,0.0,False,False,Clear,267,SUP-02,9,0,909.61,False,25801.58,10338.21
2025-10-19,P002,Signature blend 02,Apparel,S03,Store 03,East,13,1290.08,0.15,True,False,Clear,254,SUP-02,9,0,909.61,False,16771.04,4946.109999999999
2025-10-20,P002,Signature blend 02,Apparel,S03,Store 03,East,0,1517.74,0.0,False,False,Clear,254,SUP-02,9,0,909.61,False,0.0,0.0
2025-10-21,P002,Signature blend 02,Apparel,S03,Store 03,East,16,1517.74,0.0,False,False,Clear,238,SUP-02,9,0,909.61,False,24283.84,9730.08
2025-10-22,P002,Signature blend 02,Apparel,S03,Store 03,East,13,1517.74,0.0,False,False,Clear,225,SUP-02,9,0,909.61,False,19730.62,7905.69
2025-10-23,P002,Signature blend 02,Apparel,S03,Store 03,East,20,1517.74,0.0,False,False,Clear,205,SUP-02,9,0,909.61,False,30354.8,12162.6
2025-10-24,P002,Signature blend 02,Apparel,S03,Store 03,East,11,1517.74,0.0,False,False,Clear,194,SUP-02,9,0,909.61,False,16695.14,6689.43
2025-10-25,P002,Signature blend 02,Apparel,S03,Store 03,East,9,1517.74,0.0,False,False,Clear,185,SUP-02,9,0,909.61,False,13659.66,5473.17
2025-10-26,P002,Signature blend 02,Apparel,S03,Store 03,East,14,1517.74,0.0,False,False,Rain,171,SUP-02,9,0,909.61,False,21248.36,8513.82
2025-10-27,P002,Signature blend 02,Apparel,S03,Store 03,East,9,1517.74,0.0,False,False,Clear,279,SUP-02,9,0,909.61,False,13659.66,5473.17
2025-10-28,P002,Signature blend 02,Apparel,S03,Store 03,East,12,1517.74,0.0,False,False,Clear,267,SUP-02,9,0,909.61,False,18212.88,7297.5599999999995
2025-10-29,P002,Signature blend 02,Apparel,S03,Store 03,East,17,1517.74,0.0,False,False,Clear,250,SUP-02,9,1,909.61,False,25801.58,10338.21
2025-10-30,P002,Signature blend 02,Apparel,S03,Store 03,East,18,1517.74,0.0,False,False,Clear,232,SUP-02,9,0,909.61,False,27319.32,10946.34
2025-10-31,P002,Signature blend 02,Apparel,S03,Store 03,East,15,1517.74,0.0,False,False,Clear,217,SUP-02,9,0,909.61,False,22766.1,9121.95
2025-11-01,P002,Signature blend 02,Apparel,S03,Store 03,East,20,1517.74,0.0,False,False,Rain,197,SUP-02,9,0,909.61,False,30354.8,12162.6
2025-11-02,P002,Signature blend 02,Apparel,S03,Store 03,East,13,1517.74,0.0,False,False,Clear,184,SUP-02,9,1,909.61,False,19730.62,7905.69
2025-11-03,P002,Signature blend 02,Apparel,S03,Store 03,East,18,1517.74,0.0,False,False,Clear,166,SUP-02,9,1,909.61,False,27319.32,10946.34
2025-11-04,P002,Signature blend 02,Apparel,S03,Store 03,East,13,1517.74,0.0,False,False,Clear,153,SUP-02,9,0,909.61,False,19730.62,7905.69
2025-11-05,P002,Signature blend 02,Apparel,S03,Store 03,East,11,1517.74,0.0,False,False,Clear,268,SUP-02,9,1,909.61,False,16695.14,6689.43
2025-11-06,P002,Signature blend 02,Apparel,S03,Store 03,East,18,1517.74,0.0,False,False,Clear,250,SUP-02,9,0,909.61,False,27319.32,10946.34
2025-11-07,P002,Signature blend 02,Apparel,S03,Store 03,East,25,1517.74,0.0,False,False,Clear,225,SUP-02,9,0,909.61,False,37943.5,15203.25
2025-11-08,P002,Signature blend 02,Apparel,S03,Store 03,East,17,1517.74,0.0,False,False,Rain,208,SUP-02,9,0,909.61,False,25801.58,10338.21
2025-11-09,P002,Signature blend 02,Apparel,S03,Store 03,East,17,1517.74,0.0,False,False,Clear,191,SUP-02,9,0,909.61,False,25801.58,10338.21
2025-11-10,P002,Signature blend 02,Apparel,S03,Store 03,East,20,1214.19,0.2,True,False,Clear,171,SUP-02,9,0,909.61,False,24283.800000000003,6091.6
2025-11-11,P002,Signature blend 02,Apparel,S03,Store 03,East,17,1517.74,0.0,False,False,Clear,154,SUP-02,9,0,909.61,False,25801.58,10338.21
2025-11-12,P002,Signature blend 02,Apparel,S03,Store 03,East,16,1517.74,0.0,False,False,Clear,138,SUP-02,9,0,909.61,False,24283.84,9730.08
2025-11-13,P002,Signature blend 02,Apparel,S03,Store 03,East,7,1517.74,0.0,False,False,Clear,131,SUP-02,9,0,909.61,False,10624.18,4256.91
2025-11-14,P002,Signature blend 02,Apparel,S03,Store 03,East,6,1517.74,0.0,False,False,Clear,249,SUP-02,9,0,909.61,False,9106.44,3648.7799999999997
2025-11-15,P002,Signature blend 02,Apparel,S03,Store 03,East,21,1214.19,0.2,True,False,Rain,228,SUP-02,9,0,909.61,False,25497.99,6396.180000000001
2025-11-16,P002,Signature blend 02,Apparel,S03,Store 03,East,13,1517.74,0.0,False,False,Clear,215,SUP-02,9,0,909.61,False,19730.62,7905.69
2025-11-17,P002,Signature blend 02,Apparel,S03,Store 03,East,9,1517.74,0.0,False,False,Clear,206,SUP-02,9,0,909.61,False,13659.66,5473.17
2025-11-18,P002,Signature blend 02,Apparel,S03,Store 03,East,16,1517.74,0.0,False,False,Clear,190,SUP-02,9,0,909.61,False,24283.84,9730.08
2025-11-19,P002,Signature blend 02,Apparel,S03,Store 03,East,15,1517.74,0.0,False,False,Clear,175,SUP-02,9,0,909.61,False,22766.1,9121.95
2025-11-20,P002,Signature blend 02,Apparel,S03,Store 03,East,15,1441.85,0.05,True,False,Clear,160,SUP-02,9,0,909.61,False,21627.75,7983.5999999999985
2025-11-21,P002,Signature blend 02,Apparel,S03,Store 03,East,16,1517.74,0.0,False,False,Clear,144,SUP-02,9,1,909.61,False,24283.84,9730.08
2025-11-22,P002,Signature blend 02,Apparel,S03,Store 03,East,12,1517.74,0.0,False,False,Clear,132,SUP-02,9,0,909.61,False,18212.88,7297.5599999999995
2025-11-23,P002,Signature blend 02,Apparel,S03,Store 03,East,14,1517.74,0.0,False,False,Clear,241,SUP-02,9,1,909.61,False,21248.36,8513.82
2025-11-24,P002,Signature blend 02,Apparel,S03,Store 03,East,13,1517.74,0.0,False,False,Rain,228,SUP-02,9,0,909.61,False,19730.62,7905.69
2025-11-25,P002,Signature blend 02,Apparel,S03,Store 03,East,13,1517.74,0.0,False,False,Clear,215,SUP-02,9,0,909.61,False,19730.62,7905.69
2025-11-26,P002,Signature blend 02,Apparel,S03,Store 03,East,10,1517.74,0.0,False,False,Clear,205,SUP-02,9,1,909.61,False,15177.4,6081.3
2025-11-27,P002,Signature blend 02,Apparel,S03,Store 03,East,11,1365.97,0.1,True,False,Clear,194,SUP-02,9,0,909.61,False,15025.67,5019.96
2025-11-28,P002,Signature blend 02,Apparel,S03,Store 03,East,17,1517.74,0.0,False,False,Clear,177,SUP-02,9,2,909.61,False,25801.58,10338.21
2025-11-29,P002,Signature blend 02,Apparel,S03,Store 03,East,13,1517.74,0.0,False,False,Rain,164,SUP-02,9,2,909.61,False,19730.62,7905.69
2025-11-30,P002,Signature blend 02,Apparel,S03,Store 03,East,21,1517.74,0.0,False,False,Clear,143,SUP-02,9,0,909.61,False,31872.54,12770.73
2025-12-01,P002,Signature blend 02,Apparel,S03,Store 03,East,21,1517.74,0.0,False,False,Clear,122,SUP-02,9,0,909.61,False,31872.54,12770.73
2025-12-02,P002,Signature blend 02,Apparel,S03,Store 03,East,13,1517.74,0.0,False,False,Clear,240,SUP-02,9,1,909.61,False,19730.62,7905.69
2025-12-03,P002,Signature blend 02,Apparel,S03,Store 03,East,17,1517.74,0.0,False,False,Clear,223,SUP-02,9,1,909.61,False,25801.58,10338.21
2025-12-04,P002,Signature blend 02,Apparel,S03,Store 03,East,18,1517.74,0.0,False,False,Clear,205,SUP-02,9,1,909.61,False,27319.32,10946.34
2025-12-05,P002,Signature blend 02,Apparel,S03,Store 03,East,25,1214.19,0.2,True,False,Clear,180,SUP-02,9,0,909.61,False,30354.75,7614.500000000001
2025-12-06,P002,Signature blend 02,Apparel,S03,Store 03,East,19,1517.74,0.0,False,False,Rain,161,SUP-02,9,0,909.61,False,28837.06,11554.47
2025-12-07,P002,Signature blend 02,Apparel,S03,Store 03,East,19,1517.74,0.0,False,False,Clear,142,SUP-02,9,0,909.61,False,28837.06,11554.47
2025-12-08,P002,Signature blend 02,Apparel,S03,Store 03,East,19,1517.74,0.0,False,False,Clear,123,SUP-02,9,1,909.61,False,28837.06,11554.47
2025-12-09,P002,Signature blend 02,Apparel,S03,Store 03,East,12,1517.74,0.0,False,False,Clear,111,SUP-02,9,0,909.61,False,18212.88,7297.5599999999995
2025-12-10,P002,Signature blend 02,Apparel,S03,Store 03,East,21,1517.74,0.0,False,False,Clear,90,SUP-02,9,1,909.61,False,31872.54,12770.73
2025-12-11,P002,Signature blend 02,Apparel,S03,Store 03,East,19,1517.74,0.0,False,False,Clear,206,SUP-02,9,0,909.61,False,28837.06,11554.47
2025-12-12,P002,Signature blend 02,Apparel,S03,Store 03,East,18,1517.74,0.0,False,False,Clear,188,SUP-02,9,0,909.61,False,27319.32,10946.34
2025-12-13,P002,Signature blend 02,Apparel,S03,Store 03,East,15,1517.74,0.0,False,False,Clear,173,SUP-02,9,0,909.61,False,22766.1,9121.95
2025-12-14,P002,Signature blend 02,Apparel,S03,Store 03,East,16,1517.74,0.0,False,False,Clear,157,SUP-02,9,0,909.61,False,24283.84,9730.08
2025-12-15,P002,Signature blend 02,Apparel,S03,Store 03,East,17,1365.97,0.1,True,False,Clear,140,SUP-02,9,0,909.61,False,23221.49,7758.12
2025-12-16,P002,Signature blend 02,Apparel,S03,Store 03,East,16,1517.74,0.0,False,False,Clear,124,SUP-02,9,0,909.61,False,24283.84,9730.08
2025-12-17,P002,Signature blend 02,Apparel,S03,Store 03,East,14,1517.74,0.0,False,False,Clear,110,SUP-02,9,0,909.61,False,21248.36,8513.82
2025-12-18,P002,Signature blend 02,Apparel,S03,Store 03,East,8,1517.74,0.0,False,False,Clear,102,SUP-02,9,0,909.61,False,12141.92,4865.04
2025-12-19,P002,Signature blend 02,Apparel,S03,Store 03,East,13,1517.74,0.0,False,False,Clear,89,SUP-02,9,0,909.61,False,19730.62,7905.69
2025-12-20,P002,Signature blend 02,Apparel,S03,Store 03,East,8,1517.74,0.0,False,False,Clear,208,SUP-02,9,0,909.61,False,12141.92,4865.04
2025-12-21,P002,Signature blend 02,Apparel,S03,Store 03,East,12,1517.74,0.0,False,False,Clear,196,SUP-02,9,0,909.61,False,18212.88,7297.5599999999995
2025-12-22,P002,Signature blend 02,Apparel,S03,Store 03,East,19,1517.74,0.0,False,False,Clear,177,SUP-02,9,0,909.61,False,28837.06,11554.47
2025-12-23,P002,Signature blend 02,Apparel,S03,Store 03,East,16,1517.74,0.0,False,False,Rain,161,SUP-02,9,0,909.61,False,24283.84,9730.08
2025-12-24,P002,Signature blend 02,Apparel,S03,Store 03,East,13,1517.74,0.0,False,False,Clear,148,SUP-02,9,0,909.61,False,19730.62,7905.69
2025-12-25,P002,Signature blend 02,Apparel,S03,Store 03,East,19,1517.74,0.0,False,True,Clear,129,SUP-02,9,0,909.61,False,28837.06,11554.47
2025-12-26,P002,Signature blend 02,Apparel,S03,Store 03,East,8,1517.74,0.0,False,False,Clear,121,SUP-02,9,0,909.61,False,12141.92,4865.04
2025-12-27,P002,Signature blend 02,Apparel,S03,Store 03,East,11,1517.74,0.0,False,False,Clear,110,SUP-02,9,0,909.61,False,16695.14,6689.43
2025-12-28,P002,Signature blend 02,Apparel,S03,Store 03,East,19,1517.74,0.0,False,False,Clear,91,SUP-02,9,0,909.61,False,28837.06,11554.47
2025-12-29,P002,Signature blend 02,Apparel,S03,Store 03,East,24,1517.74,0.0,False,False,Clear,182,SUP-02,9,0,909.61,False,36425.76,14595.119999999999
2025-12-30,P002,Signature blend 02,Apparel,S03,Store 03,East,16,1517.74,0.0,False,False,Rain,166,SUP-02,9,1,909.61,False,24283.84,9730.08
2025-12-31,P002,Signature blend 02,Apparel,S03,Store 03,East,16,1517.74,0.0,False,False,Rain,150,SUP-02,9,1,909.61,False,24283.84,9730.08
2025-09-03,P002,Signature blend 02,Apparel,S04,Store 04,West,7,1517.74,0.0,False,False,Clear,123,SUP-02,12,0,909.61,False,10624.18,4256.91
2025-09-04,P002,Signature blend 02,Apparel,S04,Store 04,West,6,1517.74,0.0,False,False,Clear,117,SUP-02,12,0,909.61,False,9106.44,3648.7799999999997
2025-09-05,P002,Signature blend 02,Apparel,S04,Store 04,West,7,1517.74,0.0,False,False,Clear,110,SUP-02,12,0,909.61,False,10624.18,4256.91
2025-09-06,P002,Signature blend 02,Apparel,S04,Store 04,West,8,1517.74,0.0,False,False,Clear,102,SUP-02,12,0,909.61,False,12141.92,4865.04
2025-09-07,P002,Signature blend 02,Apparel,S04,Store 04,West,7,1517.74,0.0,False,False,Clear,95,SUP-02,12,0,909.61,False,10624.18,4256.91
2025-09-08,P002,Signature blend 02,Apparel,S04,Store 04,West,10,1441.85,0.05,True,False,Clear,85,SUP-02,12,0,909.61,False,14418.5,5322.399999999999
2025-09-09,P002,Signature blend 02,Apparel,S04,Store 04,West,9,1517.74,0.0,False,False,Clear,76,SUP-02,12,0,909.61,False,13659.66,5473.17
2025-09-10,P002,Signature blend 02,Apparel,S04,Store 04,West,7,1517.74,0.0,False,False,Clear,69,SUP-02,12,1,909.61,False,10624.18,4256.91
2025-09-11,P002,Signature blend 02,Apparel,S04,Store 04,West,12,1517.74,0.0,False,False,Clear,57,SUP-02,12,0,909.61,False,18212.88,7297.5599999999995
2025-09-12,P002,Signature blend 02,Apparel,S04,Store 04,West,7,1517.74,0.0,False,False,Clear,50,SUP-02,12,0,909.61,False,10624.18,4256.91
2025-09-13,P002,Signature blend 02,Apparel,S04,Store 04,West,11,1517.74,0.0,False,False,Clear,39,SUP-02,12,0,909.61,False,16695.14,6689.43
2025-09-14,P002,Signature blend 02,Apparel,S04,Store 04,West,7,1517.74,0.0,False,False,Clear,32,SUP-02,12,0,909.61,False,10624.18,4256.91
2025-09-15,P002,Signature blend 02,Apparel,S04,Store 04,West,5,1517.74,0.0,False,False,Clear,121,SUP-02,12,0,909.61,False,7588.7,3040.65
2025-09-16,P002,Signature blend 02,Apparel,S04,Store 04,West,1,1517.74,0.0,False,False,Clear,120,SUP-02,12,0,909.61,False,1517.74,608.13
2025-09-17,P002,Signature blend 02,Apparel,S04,Store 04,West,8,1517.74,0.0,False,False,Clear,112,SUP-02,12,0,909.61,False,12141.92,4865.04
2025-09-18,P002,Signature blend 02,Apparel,S04,Store 04,West,1,1517.74,0.0,False,False,Clear,111,SUP-02,12,0,909.61,False,1517.74,608.13
2025-09-19,P002,Signature blend 02,Apparel,S04,Store 04,West,5,1517.74,0.0,False,False,Rain,106,SUP-02,12,0,909.61,False,7588.7,3040.65
2025-09-20,P002,Signature blend 02,Apparel,S04,Store 04,West,6,1517.74,0.0,False,False,Clear,100,SUP-02,12,0,909.61,False,9106.44,3648.7799999999997
2025-09-21,P002,Signature blend 02,Apparel,S04,Store 04,West,5,1517.74,0.0,False,False,Clear,95,SUP-02,12,0,909.61,False,7588.7,3040.65
2025-09-22,P002,Signature blend 02,Apparel,S04,Store 04,West,6,1517.74,0.0,False,False,Clear,89,SUP-02,12,0,909.61,False,9106.44,3648.7799999999997
2025-09-23,P002,Signature blend 02,Apparel,S04,Store 04,West,5,1517.74,0.0,False,False,Clear,84,SUP-02,12,0,909.61,False,7588.7,3040.65
2025-09-24,P002,Signature blend 02,Apparel,S04,Store 04,West,3,1517.74,0.0,False,False,Clear,81,SUP-02,12,0,909.61,False,4553.22,1824.3899999999999
2025-09-25,P002,Signature blend 02,Apparel,S04,Store 04,West,7,1517.74,0.0,False,False,Clear,74,SUP-02,12,0,909.61,False,10624.18,4256.91
2025-09-26,P002,Signature blend 02,Apparel,S04,Store 04,West,6,1517.74,0.0,False,False,Clear,68,SUP-02,12,1,909.61,False,9106.44,3648.7799999999997
2025-09-27,P002,Signature blend 02,Apparel,S04,Store 04,West,6,1517.74,0.0,False,False,Clear,148,SUP-02,12,1,909.61,False,9106.44,3648.7799999999997
2025-09-28,P002,Signature blend 02,Apparel,S04,Store 04,West,12,1517.74,0.0,False,False,Clear,136,SUP-02,12,2,909.61,False,18212.88,7297.5599999999995
2025-09-29,P002,Signature blend 02,Apparel,S04,Store 04,West,6,1517.74,0.0,False,False,Clear,130,SUP-02,12,0,909.61,False,9106.44,3648.7799999999997
2025-09-30,P002,Signature blend 02,Apparel,S04,Store 04,West,6,1517.74,0.0,False,False,Clear,124,SUP-02,12,0,909.61,False,9106.44,3648.7799999999997
2025-10-01,P002,Signature blend 02,Apparel,S04,Store 04,West,9,1517.74,0.0,False,False,Clear,115,SUP-02,12,0,909.61,False,13659.66,5473.17
2025-10-02,P002,Signature blend 02,Apparel,S04,Store 04,West,16,1441.85,0.05,True,True,Clear,99,SUP-02,12,0,909.61,False,23069.6,8515.839999999998
2025-10-03,P002,Signature blend 02,Apparel,S04,Store 04,West,7,1517.74,0.0,False,False,Rain,92,SUP-02,12,0,909.61,False,10624.18,4256.91
2025-10-04,P002,Signature blend 02,Apparel,S04,Store 04,West,9,1517.74,0.0,False,False,Clear,83,SUP-02,12,0,909.61,False,13659.66,5473.17
2025-10-05,P002,Signature blend 02,Apparel,S04,Store 04,West,5,1517.74,0.0,False,False,Clear,78,SUP-02,12,1,909.61,False,7588.7,3040.65
2025-10-06,P002,Signature blend 02,Apparel,S04,Store 04,West,10,1517.74,0.0,False,False,Clear,68,SUP-02,12,1,909.61,False,15177.4,6081.3
2025-10-07,P002,Signature blend 02,Apparel,S04,Store 04,West,10,1365.97,0.1,True,False,Clear,58,SUP-02,12,0,909.61,False,13659.7,4563.6
2025-10-08,P002,Signature blend 02,Apparel,S04,Store 04,West,8,1290.08,0.15,True,False,Rain,50,SUP-02,12,0,909.61,False,10320.64,3043.7599999999993
2025-10-09,P002,Signature blend 02,Apparel,S04,Store 04,West,7,1517.74,0.0,False,False,Clear,145,SUP-02,12,0,909.61,False,10624.18,4256.91
2025-10-10,P002,Signature blend 02,Apparel,S04,Store 04,West,14,1517.74,0.0,False,False,Clear,131,SUP-02,12,0,909.61,False,21248.36,8513.82
2025-10-11,P002,Signature blend 02,Apparel,S04,Store 04,West,16,1441.85,0.05,True,False,Clear,115,SUP-02,12,0,909.61,False,23069.6,8515.839999999998
2025-10-12,P002,Signature blend 02,Apparel,S04,Store 04,West,11,1517.74,0.0,False,False,Clear,104,SUP-02,12,0,909.61,False,16695.14,6689.43
2025-10-13,P002,Signature blend 02,Apparel,S04,Store 04,West,10,1517.74,0.0,False,False,Clear,94,SUP-02,12,0,909.61,False,15177.4,6081.3
2025-10-14,P002,Signature blend 02,Apparel,S04,Store 04,West,14,1517.74,0.0,False,False,Clear,80,SUP-02,12,0,909.61,False,21248.36,8513.82
2025-10-15,P002,Signature blend 02,Apparel,S04,Store 04,West,8,1517.74,0.0,False,False,Clear,72,SUP-02,12,0,909.61,False,12141.92,4865.04
2025-10-16,P002,Signature blend 02,Apparel,S04,Store 04,West,5,1517.74,0.0,False,False,Clear,67,SUP-02,12,0,909.61,False,7588.7,3040.65
2025-10-17,P002,Signature blend 02,Apparel,S04,Store 04,West,9,1517.74,0.0,False,False,Clear,58,SUP-02,12,0,909.61,False,13659.66,5473.17
2025-10-18,P002,Signature blend 02,Apparel,S04,Store 04,West,7,1517.74,0.0,False,False,Rain,51,SUP-02,12,0,909.61,False,10624.18,4256.91
2025-10-19,P002,Signature blend 02,Apparel,S04,Store 04,West,6,1517.74,0.0,False,False,Clear,45,SUP-02,12,0,909.61,False,9106.44,3648.7799999999997
2025-10-20,P002,Signature blend 02,Apparel,S04,Store 04,West,6,1517.74,0.0,False,False,Clear,39,SUP-02,12,0,909.61,False,9106.44,3648.7799999999997
2025-10-21,P002,Signature blend 02,Apparel,S04,Store 04,West,1,1517.74,0.0,False,False,Clear,126,SUP-02,12,0,909.61,False,1517.74,608.13
2025-10-22,P002,Signature blend 02,Apparel,S04,Store 04,West,6,1517.74,0.0,False,False,Clear,120,SUP-02,12,0,909.61,False,9106.44,3648.7799999999997
2025-10-23,P002,Signature blend 02,Apparel,S04,Store 04,West,9,1517.74,0.0,False,False,Clear,111,SUP-02,12,0,909.61,False,13659.66,5473.17
2025-10-24,P002,Signature blend 02,Apparel,S04,Store 04,West,10,1517.74,0.0,False,False,Clear,101,SUP-02,12,0,909.61,False,15177.4,6081.3
2025-10-25,P002,Signature blend 02,Apparel,S04,Store 04,West,8,1517.74,0.0,False,False,Clear,93,SUP-02,12,0,909.61,False,12141.92,4865.04
2025-10-26,P002,Signature blend 02,Apparel,S04,Store 04,West,9,1517.74,0.0,False,False,Clear,84,SUP-02,12,1,909.61,False,13659.66,5473.17
2025-10-27,P002,Signature blend 02,Apparel,S04,Store 04,West,4,1517.74,0.0,False,False,Clear,80,SUP-02,12,0,909.61,False,6070.96,2432.52
2025-10-28,P002,Signature blend 02,Apparel,S04,Store 04,West,7,1517.74,0.0,False,False,Clear,73,SUP-02,12,0,909.61,False,10624.18,4256.91
2025-10-29,P002,Signature blend 02,Apparel,S04,Store 04,West,7,1517.74,0.0,False,False,Clear,66,SUP-02,12,0,909.61,False,10624.18,4256.91
2025-10-30,P002,Signature blend 02,Apparel,S04,Store 04,West,5,1517.74,0.0,False,False,Rain,61,SUP-02,12,0,909.61,False,7588.7,3040.65
2025-10-31,P002,Signature blend 02,Apparel,S04,Store 04,West,5,1517.74,0.0,False,False,Clear,56,SUP-02,12,0,909.61,False,7588.7,3040.65
2025-11-01,P002,Signature blend 02,Apparel,S04,Store 04,West,11,1517.74,0.0,False,False,Rain,45,SUP-02,12,0,909.61,False,16695.14,6689.43
2025-11-02,P002,Signature blend 02,Apparel,S04,Store 04,West,10,1517.74,0.0,False,False,Clear,131,SUP-02,12,0,909.61,False,15177.4,6081.3
2025-11-03,P002,Signature blend 02,Apparel,S04,Store 04,West,15,1517.74,0.0,False,False,Clear,116,SUP-02,12,0,909.61,False,22766.1,9121.95
2025-11-04,P002,Signature blend 02,Apparel,S04,Store 04,West,9,1517.74,0.0,False,False,Rain,107,SUP-02,12,0,909.61,False,13659.66,5473.17
2025-11-05,P002,Signature blend 02,Apparel,S04,Store 04,West,6,1517.74,0.0,False,False,Clear,101,SUP-02,12,0,909.61,False,9106.44,3648.7799999999997
2025-11-06,P002,Signature blend 02,Apparel,S04,Store 04,West,8,1517.74,0.0,False,False,Rain,93,SUP-02,12,0,909.61,False,12141.92,4865.04
2025-11-07,P002,Signature blend 02,Apparel,S04,Store 04,West,7,1517.74,0.0,False,False,Clear,86,SUP-02,12,0,909.61,False,10624.18,4256.91
2025-11-08,P002,Signature blend 02,Apparel,S04,Store 04,West,8,1517.74,0.0,False,False,Clear,78,SUP-02,12,0,909.61,False,12141.92,4865.04
2025-11-09,P002,Signature blend 02,Apparel,S04,Store 04,West,6,1517.74,0.0,False,False,Clear,72,SUP-02,12,0,909.61,False,9106.44,3648.7799999999997
2025-11-10,P002,Signature blend 02,Apparel,S04,Store 04,West,14,1517.74,0.0,False,False,Clear,58,SUP-02,12,0,909.61,False,21248.36,8513.82
2025-11-11,P002,Signature blend 02,Apparel,S04,Store 04,West,8,1517.74,0.0,False,False,Rain,50,SUP-02,12,1,909.61,False,12141.92,4865.04
2025-11-12,P002,Signature blend 02,Apparel,S04,Store 04,West,11,1517.74,0.0,False,False,Clear,39,SUP-02,12,1,909.61,False,16695.14,6689.43
2025-11-13,P002,Signature blend 02,Apparel,S04,Store 04,West,8,1517.74,0.0,False,False,Clear,31,SUP-02,12,0,909.61,False,12141.92,4865.04
2025-11-14,P002,Signature blend 02,Apparel,S04,Store 04,West,8,1517.74,0.0,False,False,Clear,123,SUP-02,12,0,909.61,False,12141.92,4865.04
2025-11-15,P002,Signature blend 02,Apparel,S04,Store 04,West,6,1517.74,0.0,False,False,Clear,117,SUP-02,12,0,909.61,False,9106.44,3648.7799999999997
2025-11-16,P002,Signature blend 02,Apparel,S04,Store 04,West,7,1517.74,0.0,False,False,Clear,110,SUP-02,12,0,909.61,False,10624.18,4256.91
2025-11-17,P002,Signature blend 02,Apparel,S04,Store 04,West,2,1517.74,0.0,False,False,Rain,108,SUP-02,12,0,909.61,False,3035.48,1216.26
2025-11-18,P002,Signature blend 02,Apparel,S04,Store 04,West,4,1517.74,0.0,False,False,Clear,104,SUP-02,12,0,909.61,False,6070.96,2432.52
2025-11-19,P002,Signature blend 02,Apparel,S04,Store 04,West,5,1517.74,0.0,False,False,Clear,99,SUP-02,12,0,909.61,False,7588.7,3040.65
2025-11-20,P002,Signature blend 02,Apparel,S04,Store 04,West,10,1517.74,0.0,False,False,Clear,89,SUP-02,12,0,909.61,False,15177.4,6081.3
2025-11-21,P002,Signature blend 02,Apparel,S04,Store 04,West,5,1517.74,0.0,False,False,Clear,84,SUP-02,12,0,909.61,False,7588.7,3040.65
2025-11-22,P002,Signature blend 02,Apparel,S04,Store 04,West,11,1517.74,0.0,False,False,Clear,73,SUP-02,12,0,909.61,False,16695.14,6689.43
2025-11-23,P002,Signature blend 02,Apparel,S04,Store 04,West,10,1517.74,0.0,False,False,Clear,63,SUP-02,12,0,909.61,False,15177.4,6081.3
2025-11-24,P002,Signature blend 02,Apparel,S04,Store 04,West,7,1517.74,0.0,False,False,Clear,56,SUP-02,12,0,909.61,False,10624.18,4256.91
2025-11-25,P002,Signature blend 02,Apparel,S04,Store 04,West,9,1290.08,0.15,True,False,Clear,47,SUP-02,12,0,909.61,False,11610.72,3424.229999999999
2025-11-26,P002,Signature blend 02,Apparel,S04,Store 04,West,7,1517.74,0.0,False,False,Clear,129,SUP-02,12,1,909.61,False,10624.18,4256.91
2025-11-27,P002,Signature blend 02,Apparel,S04,Store 04,West,6,1517.74,0.0,False,False,Clear,123,SUP-02,12,0,909.61,False,9106.44,3648.7799999999997
2025-11-28,P002,Signature blend 02,Apparel,S04,Store 04,West,5,1517.74,0.0,False,False,Clear,118,SUP-02,12,0,909.61,False,7588.7,3040.65
2025-11-29,P002,Signature blend 02,Apparel,S04,Store 04,West,6,1517.74,0.0,False,False,Rain,112,SUP-02,12,0,909.61,False,9106.44,3648.7799999999997
2025-11-30,P002,Signature blend 02,Apparel,S04,Store 04,West,11,1214.19,0.2,True,False,Clear,101,SUP-02,12,1,909.61,False,13356.09,3350.3800000000006
2025-12-01,P002,Signature blend 02,Apparel,S04,Store 04,West,7,1517.74,0.0,False,False,Clear,94,SUP-02,12,0,909.61,False,10624.18,4256.91
2025-12-02,P002,Signature blend 02,Apparel,S04,Store 04,West,10,1290.08,0.15,True,False,Clear,84,SUP-02,12,0,909.61,False,12900.8,3804.699999999999
2025-12-03,P002,Signature blend 02,Apparel,S04,Store 04,West,18,1517.74,0.0,False,False,Clear,66,SUP-02,12,0,909.61,False,27319.32,10946.34
2025-12-04,P002,Signature blend 02,Apparel,S04,Store 04,West,12,1517.74,0.0,False,False,Clear,54,SUP-02,12,0,909.61,False,18212.88,7297.5599999999995
2025-12-05,P002,Signature blend 02,Apparel,S04,Store 04,West,15,1517.74,0.0,False,False,Clear,39,SUP-02,12,1,909.61,False,22766.1,9121.95
2025-12-06,P002,Signature blend 02,Apparel,S04,Store 04,West,11,1517.74,0.0,False,False,Clear,28,SUP-02,12,0,909.61,False,16695.14,6689.43
2025-12-07,P002,Signature blend 02,Apparel,S04,Store 04,West,7,1517.74,0.0,False,False,Clear,21,SUP-02,12,0,909.61,False,10624.18,4256.91
2025-12-08,P002,Signature blend 02,Apparel,S04,Store 04,West,10,1517.74,0.0,False,False,Clear,111,SUP-02,12,0,909.61,False,15177.4,6081.3
2025-12-09,P002,Signature blend 02,Apparel,S04,Store 04,West,2,1517.74,0.0,False,False,Clear,109,SUP-02,12,0,909.61,False,3035.48,1216.26
2025-12-10,P002,Signature blend 02,Apparel,S04,Store 04,West,15,1517.74,0.0,False,False,Rain,94,SUP-02,12,0,909.61,False,22766.1,9121.95
2025-12-11,P002,Signature blend 02,Apparel,S04,Store 04,West,5,1517.74,0.0,False,False,Clear,89,SUP-02,12,0,909.61,False,7588.7,3040.65
2025-12-12,P002,Signature blend 02,Apparel,S04,Store 04,West,9,1517.74,0.0,False,False,Clear,80,SUP-02,12,0,909.61,False,13659.66,5473.17
2025-12-13,P002,Signature blend 02,Apparel,S04,Store 04,West,8,1517.74,0.0,False,False,Clear,72,SUP-02,12,0,909.61,False,12141.92,4865.04
2025-12-14,P002,Signature blend 02,Apparel,S04,Store 04,West,8,1517.74,0.0,False,False,Clear,64,SUP-02,12,0,909.61,False,12141.92,4865.04
2025-12-15,P002,Signature blend 02,Apparel,S04,Store 04,West,3,1517.74,0.0,False,False,Rain,61,SUP-02,12,0,909.61,False,4553.22,1824.3899999999999
2025-12-16,P002,Signature blend 02,Apparel,S04,Store 04,West,11,1517.74,0.0,False,False,Rain,50,SUP-02,12,2,909.61,False,16695.14,6689.43
2025-12-17,P002,Signature blend 02,Apparel,S04,Store 04,West,9,1517.74,0.0,False,False,Clear,41,SUP-02,12,0,909.61,False,13659.66,5473.17
2025-12-18,P002,Signature blend 02,Apparel,S04,Store 04,West,6,1517.74,0.0,False,False,Clear,35,SUP-02,12,0,909.61,False,9106.44,3648.7799999999997
2025-12-19,P002,Signature blend 02,Apparel,S04,Store 04,West,2,1517.74,0.0,False,False,Clear,33,SUP-02,12,0,909.61,False,3035.48,1216.26
2025-12-20,P002,Signature blend 02,Apparel,S04,Store 04,West,11,1517.74,0.0,False,False,Clear,108,SUP-02,12,1,909.61,False,16695.14,6689.43
2025-12-21,P002,Signature blend 02,Apparel,S04,Store 04,West,9,1517.74,0.0,False,False,Clear,99,SUP-02,12,0,909.61,False,13659.66,5473.17
2025-12-22,P002,Signature blend 02,Apparel,S04,Store 04,West,7,1517.74,0.0,False,False,Clear,92,SUP-02,12,0,909.61,False,10624.18,4256.91
2025-12-23,P002,Signature blend 02,Apparel,S04,Store 04,West,11,1517.74,0.0,False,False,Clear,81,SUP-02,12,0,909.61,False,16695.14,6689.43
2025-12-24,P002,Signature blend 02,Apparel,S04,Store 04,West,5,1517.74,0.0,False,False,Clear,76,SUP-02,12,0,909.61,False,7588.7,3040.65
2025-12-25,P002,Signature blend 02,Apparel,S04,Store 04,West,3,1517.74,0.0,False,True,Clear,73,SUP-02,12,1,909.61,False,4553.22,1824.3899999999999
2025-12-26,P002,Signature blend 02,Apparel,S04,Store 04,West,6,1517.74,0.0,False,False,Clear,67,SUP-02,12,0,909.61,False,9106.44,3648.7799999999997
2025-12-27,P002,Signature blend 02,Apparel,S04,Store 04,West,12,1517.74,0.0,False,False,Clear,55,SUP-02,12,1,909.61,False,18212.88,7297.5599999999995
2025-12-28,P002,Signature blend 02,Apparel,S04,Store 04,West,9,1517.74,0.0,False,False,Clear,46,SUP-02,12,0,909.61,False,13659.66,5473.17
2025-12-29,P002,Signature blend 02,Apparel,S04,Store 04,West,6,1517.74,0.0,False,False,Clear,40,SUP-02,12,0,909.61,False,9106.44,3648.7799999999997
2025-12-30,P002,Signature blend 02,Apparel,S04,Store 04,West,10,1517.74,0.0,False,False,Clear,30,SUP-02,12,0,909.61,False,15177.4,6081.3
2025-12-31,P002,Signature blend 02,Apparel,S04,Store 04,West,12,1517.74,0.0,False,False,Clear,18,SUP-02,12,0,909.61,False,18212.88,7297.5599999999995
2025-09-03,P003,Core collection 03,Electronics,S01,Store 01,North,7,1471.55,0.15,True,False,Clear,20,SUP-03,14,0,1355.34,False,10300.85,813.4700000000003
2025-09-04,P003,Core collection 03,Electronics,S01,Store 01,North,6,1731.23,0.0,False,False,Clear,14,SUP-03,14,1,1355.34,False,10387.380000000001,2255.3400000000006
2025-09-05,P003,Core collection 03,Electronics,S01,Store 01,North,4,1731.23,0.0,False,False,Clear,10,SUP-03,14,0,1355.34,False,6924.92,1503.5600000000004
2025-09-06,P003,Core collection 03,Electronics,S01,Store 01,North,10,1731.23,0.0,False,False,Clear,0,SUP-03,14,0,1355.34,False,17312.3,3758.900000000001
2025-09-07,P003,Core collection 03,Electronics,S01,Store 01,North,0,1731.23,0.0,False,False,Clear,0,SUP-03,14,0,1355.34,True,0.0,0.0
2025-09-08,P003,Core collection 03,Electronics,S01,Store 01,North,0,1731.23,0.0,False,False,Clear,0,SUP-03,14,0,1355.34,True,0.0,0.0
2025-09-09,P003,Core collection 03,Electronics,S01,Store 01,North,0,1731.23,0.0,False,False,Clear,0,SUP-03,14,0,1355.34,True,0.0,0.0
2025-09-10,P003,Core collection 03,Electronics,S01,Store 01,North,0,1731.23,0.0,False,False,Clear,0,SUP-03,14,0,1355.34,True,0.0,0.0
2025-09-11,P003,Core collection 03,Electronics,S01,Store 01,North,0,1731.23,0.0,False,False,Clear,0,SUP-03,14,0,1355.34,True,0.0,0.0
2025-09-12,P003,Core collection 03,Electronics,S01,Store 01,North,0,1731.23,0.0,False,False,Clear,0,SUP-03,14,0,1355.34,True,0.0,0.0
2025-09-13,P003,Core collection 03,Electronics,S01,Store 01,North,0,1731.23,0.0,False,False,Clear,0,SUP-03,14,0,1355.34,True,0.0,0.0
2025-09-14,P003,Core collection 03,Electronics,S01,Store 01,North,0,1731.23,0.0,False,False,Clear,0,SUP-03,14,0,1355.34,True,0.0,0.0
2025-09-15,P003,Core collection 03,Electronics,S01,Store 01,North,0,1731.23,0.0,False,False,Rain,0,SUP-03,14,0,1355.34,True,0.0,0.0
2025-09-16,P003,Core collection 03,Electronics,S01,Store 01,North,0,1731.23,0.0,False,False,Rain,0,SUP-03,14,0,1355.34,True,0.0,0.0
2025-09-17,P003,Core collection 03,Electronics,S01,Store 01,North,2,1731.23,0.0,False,False,Rain,78,SUP-03,14,0,1355.34,False,3462.46,751.7800000000002
2025-09-18,P003,Core collection 03,Electronics,S01,Store 01,North,8,1731.23,0.0,False,False,Clear,70,SUP-03,14,0,1355.34,False,13849.84,3007.120000000001
2025-09-19,P003,Core collection 03,Electronics,S01,Store 01,North,2,1731.23,0.0,False,False,Clear,68,SUP-03,14,0,1355.34,False,3462.46,751.7800000000002
2025-09-20,P003,Core collection 03,Electronics,S01,Store 01,North,5,1731.23,0.0,False,False,Clear,63,SUP-03,14,0,1355.34,False,8656.15,1879.4500000000005
2025-09-21,P003,Core collection 03,Electronics,S01,Store 01,North,3,1731.23,0.0,False,False,Clear,60,SUP-03,14,0,1355.34,False,5193.6900000000005,1127.6700000000003
2025-09-22,P003,Core collection 03,Electronics,S01,Store 01,North,6,1731.23,0.0,False,False,Clear,54,SUP-03,14,0,1355.34,False,10387.380000000001,2255.3400000000006
2025-09-23,P003,Core collection 03,Electronics,S01,Store 01,North,6,1558.11,0.1,True,False,Clear,48,SUP-03,14,0,1355.34,False,9348.66,1216.62
2025-09-24,P003,Core collection 03,Electronics,S01,Store 01,North,5,1731.23,0.0,False,False,Clear,43,SUP-03,14,1,1355.34,False,8656.15,1879.4500000000005
2025-09-25,P003,Core collection 03,Electronics,S01,Store 01,North,5,1731.23,0.0,False,False,Clear,38,SUP-03,14,0,1355.34,False,8656.15,1879.4500000000005
2025-09-26,P003,Core collection 03,Electronics,S01,Store 01,North,7,1558.11,0.1,True,False,Clear,31,SUP-03,14,0,1355.34,False,10906.769999999999,1419.3899999999999
2025-09-27,P003,Core collection 03,Electronics,S01,Store 01,North,9,1731.23,0.0,False,False,Clear,22,SUP-03,14,0,1355.34,False,15581.07,3383.010000000001
2025-09-28,P003,Core collection 03,Electronics,S01,Store 01,North,8,1644.67,0.05,True,False,Clear,14,SUP-03,14,0,1355.34,False,13157.36,2314.6400000000012
2025-09-29,P003,Core collection 03,Electronics,S01,Store 01,North,9,1731.23,0.0,False,False,Clear,5,SUP-03,14,0,1355.34,False,15581.07,3383.010000000001
2025-09-30,P003,Core collection 03,Electronics,S01,Store 01,North,4,1731.23,0.0,False,False,Clear,1,SUP-03,14,0,1355.34,False,6924.92,1503.5600000000004
2025-10-01,P003,Core collection 03,Electronics,S01,Store 01,North,5,1731.23,0.0,False,False,Clear,74,SUP-03,14,0,1355.34,False,8656.15,1879.4500000000005
2025-10-02,P003,Core collection 03,Electronics,S01,Store 01,North,10,1384.98,0.2,True,True,Clear,64,SUP-03,14,0,1355.34,False,13849.8,296.400000000001
2025-10-03,P003,Core collection 03,Electronics,S01,Store 01,North,6,1731.23,0.0,False,False,Rain,58,SUP-03,14,0,1355.34,False,10387.380000000001,2255.3400000000006
2025-10-04,P003,Core collection 03,Electronics,S01,Store 01,North,10,1731.23,0.0,False,False,Clear,48,SUP-03,14,0,1355.34,False,17312.3,3758.900000000001
2025-10-05,P003,Core collection 03,Electronics,S01,Store 01,North,8,1731.23,0.0,False,False,Clear,40,SUP-03,14,0,1355.34,False,13849.84,3007.120000000001
2025-10-06,P003,Core collection 03,Electronics,S01,Store 01,North,1,1731.23,0.0,False,False,Clear,39,SUP-03,14,0,1355.34,False,1731.23,375.8900000000001
2025-10-07,P003,Core collection 03,Electronics,S01,Store 01,North,6,1731.23,0.0,False,False,Clear,33,SUP-03,14,0,1355.34,False,10387.380000000001,2255.3400000000006
2025-10-08,P003,Core collection 03,Electronics,S01,Store 01,North,15,1731.23,0.0,False,False,Clear,18,SUP-03,14,0,1355.34,False,25968.45,5638.350000000001
2025-10-09,P003,Core collection 03,Electronics,S01,Store 01,North,9,1731.23,0.0,False,False,Rain,9,SUP-03,14,0,1355.34,False,15581.07,3383.010000000001
2025-10-10,P003,Core collection 03,Electronics,S01,Store 01,North,4,1731.23,0.0,False,False,Clear,5,SUP-03,14,0,1355.34,False,6924.92,1503.5600000000004
2025-10-11,P003,Core collection 03,Electronics,S01,Store 01,North,3,1731.23,0.0,False,False,Clear,2,SUP-03,14,0,1355.34,False,5193.6900000000005,1127.6700000000003
2025-10-12,P003,Core collection 03,Electronics,S01,Store 01,North,2,1731.23,0.0,False,False,Clear,0,SUP-03,14,0,1355.34,True,3462.46,751.7800000000002
2025-10-13,P003,Core collection 03,Electronics,S01,Store 01,North,0,1558.11,0.1,True,False,Clear,0,SUP-03,14,0,1355.34,True,0.0,0.0
2025-10-14,P003,Core collection 03,Electronics,S01,Store 01,North,0,1731.23,0.0,False,False,Clear,0,SUP-03,14,0,1355.34,True,0.0,0.0
2025-10-15,P003,Core collection 03,Electronics,S01,Store 01,North,6,1731.23,0.0,False,False,Clear,78,SUP-03,14,0,1355.34,False,10387.380000000001,2255.3400000000006
2025-10-16,P003,Core collection 03,Electronics,S01,Store 01,North,6,1731.23,0.0,False,False,Clear,72,SUP-03,14,0,1355.34,False,10387.380000000001,2255.3400000000006
2025-10-17,P003,Core collection 03,Electronics,S01,Store 01,North,2,1731.23,0.0,False,False,Clear,70,SUP-03,14,0,1355.34,False,3462.46,751.7800000000002
2025-10-18,P003,Core collection 03,Electronics,S01,Store 01,North,4,1731.23,0.0,False,False,Clear,66,SUP-03,14,0,1355.34,False,6924.92,1503.5600000000004
2025-10-19,P003,Core collection 03,Electronics,S01,Store 01,North,6,1731.23,0.0,False,False,Clear,60,SUP-03,14,0,1355.34,False,10387.380000000001,2255.3400000000006
2025-10-20,P003,Core collection 03,Electronics,S01,Store 01,North,3,1731.23,0.0,False,False,Clear,57,SUP-03,14,0,1355.34,False,5193.6900000000005,1127.6700000000003
2025-10-21,P003,Core collection 03,Electronics,S01,Store 01,North,3,1731.23,0.0,False,False,Clear,54,SUP-03,14,0,1355.34,False,5193.6900000000005,1127.6700000000003
2025-10-22,P003,Core collection 03,Electronics,S01,Store 01,North,3,1731.23,0.0,False,False,Clear,51,SUP-03,14,0,1355.34,False,5193.6900000000005,1127.6700000000003
2025-10-23,P003,Core collection 03,Electronics,S01,Store 01,North,5,1731.23,0.0,False,False,Clear,46,SUP-03,14,0,1355.34,False,8656.15,1879.4500000000005
2025-10-24,P003,Core collection 03,Electronics,S01,Store 01,North,11,1731.23,0.0,False,False,Clear,35,SUP-03,14,0,1355.34,False,19043.53,4134.790000000001
2025-10-25,P003,Core collection 03,Electronics,S01,Store 01,North,5,1731.23,0.0,False,False,Clear,30,SUP-03,14,0,1355.34,False,8656.15,1879.4500000000005
2025-10-26,P003,Core collection 03,Electronics,S01,Store 01,North,6,1558.11,0.1,True,False,Clear,24,SUP-03,14,1,1355.34,False,9348.66,1216.62
2025-10-27,P003,Core collection 03,Electronics,S01,Store 01,North,6,1731.23,0.0,False,False,Clear,18,SUP-03,14,0,1355.34,False,10387.380000000001,2255.3400000000006
2025-10-28,P003,Core collection 03,Electronics,S01,Store 01,North,7,1731.23,0.0,False,False,Clear,11,SUP-03,14,0,1355.34,False,12118.61,2631.2300000000005
2025-10-29,P003,Core collection 03,Electronics,S01,Store 01,North,7,1731.23,0.0,False,False,Clear,92,SUP-03,14,0,1355.34,False,12118.61,2631.2300000000005
2025-10-30,P003,Core collection 03,Electronics,S01,Store 01,North,3,1731.23,0.0,False,False,Clear,89,SUP-03,14,0,1355.34,False,5193.6900000000005,1127.6700000000003
2025-10-31,P003,Core collection 03,Electronics,S01,Store 01,North,9,1731.23,0.0,False,False,Clear,80,SUP-03,14,0,1355.34,False,15581.07,3383.010000000001
2025-11-01,P003,Core collection 03,Electronics,S01,Store 01,North,7,1731.23,0.0,False,False,Clear,73,SUP-03,14,0,1355.34,False,12118.61,2631.2300000000005
2025-11-02,P003,Core collection 03,Electronics,S01,Store 01,North,5,1731.23,0.0,False,False,Clear,68,SUP-03,14,0,1355.34,False,8656.15,1879.4500000000005
2025-11-03,P003,Core collection 03,Electronics,S01,Store 01,North,8,1731.23,0.0,False,False,Clear,60,SUP-03,14,0,1355.34,False,13849.84,3007.120000000001
2025-11-04,P003,Core collection 03,Electronics,S01,Store 01,North,4,1731.23,0.0,False,False,Clear,56,SUP-03,14,0,1355.34,False,6924.92,1503.5600000000004
2025-11-05,P003,Core collection 03,Electronics,S01,Store 01,North,2,1731.23,0.0,False,False,Rain,54,SUP-03,14,0,1355.34,False,3462.46,751.7800000000002
2025-11-06,P003,Core collection 03,Electronics,S01,Store 01,North,6,1731.23,0.0,False,False,Clear,48,SUP-03,14,0,1355.34,False,10387.380000000001,2255.3400000000006
2025-11-07,P003,Core collection 03,Electronics,S01,Store 01,North,7,1471.55,0.15,True,False,Clear,41,SUP-03,14,0,1355.34,False,10300.85,813.4700000000003
2025-11-08,P003,Core collection 03,Electronics,S01,Store 01,North,8,1731.23,0.0,False,False,Clear,33,SUP-03,14,0,1355.34,False,13849.84,3007.120000000001
2025-11-09,P003,Core collection 03,Electronics,S01,Store 01,North,8,1731.23,0.0,False,False,Clear,25,SUP-03,14,1,1355.34,False,13849.84,3007.120000000001
2025-11-10,P003,Core collection 03,Electronics,S01,Store 01,North,6,1731.23,0.0,False,False,Clear,19,SUP-03,14,0,1355.34,False,10387.380000000001,2255.3400000000006
2025-11-11,P003,Core collection 03,Electronics,S01,Store 01,North,3,1731.23,0.0,False,False,Clear,16,SUP-03,14,0,1355.34,False,5193.6900000000005,1127.6700000000003
2025-11-12,P003,Core collection 03,Electronics,S01,Store 01,North,4,1731.23,0.0,False,False,Clear,97,SUP-03,14,0,1355.34,False,6924.92,1503.5600000000004
2025-11-13,P003,Core collection 03,Electronics,S01,Store 01,North,6,1731.23,0.0,False,False,Clear,91,SUP-03,14,0,1355.34,False,10387.380000000001,2255.3400000000006
2025-11-14,P003,Core collection 03,Electronics,S01,Store 01,North,3,1731.23,0.0,False,False,Clear,88,SUP-03,14,0,1355.34,False,5193.6900000000005,1127.6700000000003
2025-11-15,P003,Core collection 03,Electronics,S01,Store 01,North,5,1731.23,0.0,False,False,Clear,83,SUP-03,14,0,1355.34,False,8656.15,1879.4500000000005
2025-11-16,P003,Core collection 03,Electronics,S01,Store 01,North,6,1731.23,0.0,False,False,Clear,77,SUP-03,14,0,1355.34,False,10387.380000000001,2255.3400000000006
2025-11-17,P003,Core collection 03,Electronics,S01,Store 01,North,9,1731.23,0.0,False,False,Rain,68,SUP-03,14,0,1355.34,False,15581.07,3383.010000000001
2025-11-18,P003,Core collection 03,Electronics,S01,Store 01,North,4,1731.23,0.0,False,False,Clear,64,SUP-03,14,0,1355.34,False,6924.92,1503.5600000000004
2025-11-19,P003,Core collection 03,Electronics,S01,Store 01,North,10,1558.11,0.1,True,False,Clear,54,SUP-03,14,0,1355.34,False,15581.099999999999,2027.6999999999998
2025-11-20,P003,Core collection 03,Electronics,S01,Store 01,North,5,1731.23,0.0,False,False,Clear,49,SUP-03,14,0,1355.34,False,8656.15,1879.4500000000005
2025-11-21,P003,Core collection 03,Electronics,S01,Store 01,North,7,1731.23,0.0,False,False,Clear,42,SUP-03,14,0,1355.34,False,12118.61,2631.2300000000005
2025-11-22,P003,Core collection 03,Electronics,S01,Store 01,North,5,1731.23,0.0,False,False,Clear,37,SUP-03,14,1,1355.34,False,8656.15,1879.4500000000005
2025-11-23,P003,Core collection 03,Electronics,S01,Store 01,North,14,1731.23,0.0,False,False,Clear,23,SUP-03,14,0,1355.34,False,24237.22,5262.460000000001
2025-11-24,P003,Core collection 03,Electronics,S01,Store 01,North,3,1731.23,0.0,False,False,Clear,20,SUP-03,14,1,1355.34,False,5193.6900000000005,1127.6700000000003
2025-11-25,P003,Core collection 03,Electronics,S01,Store 01,North,4,1731.23,0.0,False,False,Clear,16,SUP-03,14,0,1355.34,False,6924.92,1503.5600000000004
2025-11-26,P003,Core collection 03,Electronics,S01,Store 01,North,4,1731.23,0.0,False,False,Clear,102,SUP-03,14,0,1355.34,False,6924.92,1503.5600000000004
2025-11-27,P003,Core collection 03,Electronics,S01,Store 01,North,3,1731.23,0.0,False,False,Rain,99,SUP-03,14,1,1355.34,False,5193.6900000000005,1127.6700000000003
2025-11-28,P003,Core collection 03,Electronics,S01,Store 01,North,5,1731.23,0.0,False,False,Clear,94,SUP-03,14,0,1355.34,False,8656.15,1879.4500000000005
2025-11-29,P003,Core collection 03,Electronics,S01,Store 01,North,6,1731.23,0.0,False,False,Clear,88,SUP-03,14,1,1355.34,False,10387.380000000001,2255.3400000000006
2025-11-30,P003,Core collection 03,Electronics,S01,Store 01,North,11,1731.23,0.0,False,False,Clear,77,SUP-03,14,0,1355.34,False,19043.53,4134.790000000001
2025-12-01,P003,Core collection 03,Electronics,S01,Store 01,North,7,1731.23,0.0,False,False,Clear,70,SUP-03,14,0,1355.34,False,12118.61,2631.2300000000005
2025-12-02,P003,Core collection 03,Electronics,S01,Store 01,North,6,1731.23,0.0,False,False,Rain,64,SUP-03,14,0,1355.34,False,10387.380000000001,2255.3400000000006
2025-12-03,P003,Core collection 03,Electronics,S01,Store 01,North,9,1731.23,0.0,False,False,Clear,55,SUP-03,14,0,1355.34,False,15581.07,3383.010000000001
2025-12-04,P003,Core collection 03,Electronics,S01,Store 01,North,10,1731.23,0.0,False,False,Clear,45,SUP-03,14,1,1355.34,False,17312.3,3758.900000000001
2025-12-05,P003,Core collection 03,Electronics,S01,Store 01,North,5,1731.23,0.0,False,False,Clear,40,SUP-03,14,0,1355.34,False,8656.15,1879.4500000000005
2025-12-06,P003,Core collection 03,Electronics,S01,Store 01,North,11,1731.23,0.0,False,False,Rain,29,SUP-03,14,0,1355.34,False,19043.53,4134.790000000001
2025-12-07,P003,Core collection 03,Electronics,S01,Store 01,North,8,1731.23,0.0,False,False,Clear,21,SUP-03,14,1,1355.34,False,13849.84,3007.120000000001
2025-12-08,P003,Core collection 03,Electronics,S01,Store 01,North,5,1731.23,0.0,False,False,Clear,16,SUP-03,14,0,1355.34,False,8656.15,1879.4500000000005
2025-12-09,P003,Core collection 03,Electronics,S01,Store 01,North,6,1731.23,0.0,False,False,Clear,10,SUP-03,14,0,1355.34,False,10387.380000000001,2255.3400000000006
2025-12-10,P003,Core collection 03,Electronics,S01,Store 01,North,7,1731.23,0.0,False,False,Clear,96,SUP-03,14,1,1355.34,False,12118.61,2631.2300000000005
2025-12-11,P003,Core collection 03,Electronics,S01,Store 01,North,2,1731.23,0.0,False,False,Rain,94,SUP-03,14,0,1355.34,False,3462.46,751.7800000000002
2025-12-12,P003,Core collection 03,Electronics,S01,Store 01,North,6,1731.23,0.0,False,False,Clear,88,SUP-03,14,0,1355.34,False,10387.380000000001,2255.3400000000006
2025-12-13,P003,Core collection 03,Electronics,S01,Store 01,North,8,1731.23,0.0,False,False,Clear,80,SUP-03,14,0,1355.34,False,13849.84,3007.120000000001
2025-12-14,P003,Core collection 03,Electronics,S01,Store 01,North,7,1731.23,0.0,False,False,Clear,73,SUP-03,14,0,1355.34,False,12118.61,2631.2300000000005
2025-12-15,P003,Core collection 03,Electronics,S01,Store 01,North,2,1731.23,0.0,False,False,Clear,71,SUP-03,14,0,1355.34,False,3462.46,751.7800000000002
2025-12-16,P003,Core collection 03,Electronics,S01,Store 01,North,3,1731.23,0.0,False,False,Clear,68,SUP-03,14,0,1355.34,False,5193.6900000000005,1127.6700000000003
2025-12-17,P003,Core collection 03,Electronics,S01,Store 01,North,1,1731.23,0.0,False,False,Clear,67,SUP-03,14,0,1355.34,False,1731.23,375.8900000000001
2025-12-18,P003,Core collection 03,Electronics,S01,Store 01,North,4,1731.23,0.0,False,False,Clear,63,SUP-03,14,0,1355.34,False,6924.92,1503.5600000000004
2025-12-19,P003,Core collection 03,Electronics,S01,Store 01,North,3,1731.23,0.0,False,False,Clear,60,SUP-03,14,0,1355.34,False,5193.6900000000005,1127.6700000000003
2025-12-20,P003,Core collection 03,Electronics,S01,Store 01,North,4,1731.23,0.0,False,False,Clear,56,SUP-03,14,0,1355.34,False,6924.92,1503.5600000000004
2025-12-21,P003,Core collection 03,Electronics,S01,Store 01,North,7,1731.23,0.0,False,False,Clear,49,SUP-03,14,0,1355.34,False,12118.61,2631.2300000000005
2025-12-22,P003,Core collection 03,Electronics,S01,Store 01,North,4,1731.23,0.0,False,False,Clear,45,SUP-03,14,0,1355.34,False,6924.92,1503.5600000000004
2025-12-23,P003,Core collection 03,Electronics,S01,Store 01,North,4,1731.23,0.0,False,False,Clear,41,SUP-03,14,0,1355.34,False,6924.92,1503.5600000000004
2025-12-24,P003,Core collection 03,Electronics,S01,Store 01,North,7,1731.23,0.0,False,False,Clear,113,SUP-03,14,1,1355.34,False,12118.61,2631.2300000000005
2025-12-25,P003,Core collection 03,Electronics,S01,Store 01,North,7,1731.23,0.0,False,True,Clear,106,SUP-03,14,0,1355.34,False,12118.61,2631.2300000000005
2025-12-26,P003,Core collection 03,Electronics,S01,Store 01,North,7,1731.23,0.0,False,False,Clear,99,SUP-03,14,0,1355.34,False,12118.61,2631.2300000000005
2025-12-27,P003,Core collection 03,Electronics,S01,Store 01,North,9,1731.23,0.0,False,False,Clear,90,SUP-03,14,0,1355.34,False,15581.07,3383.010000000001
2025-12-28,P003,Core collection 03,Electronics,S01,Store 01,North,13,1731.23,0.0,False,False,Rain,77,SUP-03,14,0,1355.34,False,22505.99,4886.5700000000015
2025-12-29,P003,Core collection 03,Electronics,S01,Store 01,North,9,1731.23,0.0,False,False,Clear,68,SUP-03,14,0,1355.34,False,15581.07,3383.010000000001
2025-12-30,P003,Core collection 03,Electronics,S01,Store 01,North,2,1731.23,0.0,False,False,Clear,66,SUP-03,14,0,1355.34,False,3462.46,751.7800000000002
2025-12-31,P003,Core collection 03,Electronics,S01,Store 01,North,10,1731.23,0.0,False,False,Clear,56,SUP-03,14,0,1355.34,False,17312.3,3758.900000000001
2025-09-03,P003,Core collection 03,Electronics,S02,Store 02,South,2,1731.23,0.0,False,False,Clear,60,SUP-03,6,0,1355.34,False,3462.46,751.7800000000002
2025-09-04,P003,Core collection 03,Electronics,S02,Store 02,South,7,1731.23,0.0,False,False,Clear,53,SUP-03,6,0,1355.34,False,12118.61,2631.2300000000005
2025-09-05,P003,Core collection 03,Electronics,S02,Store 02,South,3,1731.23,0.0,False,False,Clear,50,SUP-03,6,0,1355.34,False,5193.6900000000005,1127.6700000000003
2025-09-06,P003,Core collection 03,Electronics,S02,Store 02,South,3,1731.23,0.0,False,False,Clear,47,SUP-03,6,0,1355.34,False,5193.6900000000005,1127.6700000000003
2025-09-07,P003,Core collection 03,Electronics,S02,Store 02,South,6,1731.23,0.0,False,False,Clear,41,SUP-03,6,1,1355.34,False,10387.380000000001,2255.3400000000006
2025-09-08,P003,Core collection 03,Electronics,S02,Store 02,South,4,1731.23,0.0,False,False,Rain,37,SUP-03,6,0,1355.34,False,6924.92,1503.5600000000004
2025-09-09,P003,Core collection 03,Electronics,S02,Store 02,South,3,1731.23,0.0,False,False,Clear,51,SUP-03,6,0,1355.34,False,5193.6900000000005,1127.6700000000003
2025-09-10,P003,Core collection 03,Electronics,S02,Store 02,South,4,1731.23,0.0,False,False,Clear,47,SUP-03,6,0,1355.34,False,6924.92,1503.5600000000004
2025-09-11,P003,Core collection 03,Electronics,S02,Store 02,South,2,1731.23,0.0,False,False,Clear,45,SUP-03,6,0,1355.34,False,3462.46,751.7800000000002
2025-09-12,P003,Core collection 03,Electronics,S02,Store 02,South,4,1731.23,0.0,False,False,Clear,41,SUP-03,6,0,1355.34,False,6924.92,1503.5600000000004
2025-09-13,P003,Core collection 03,Electronics,S02,Store 02,South,4,1384.98,0.2,True,False,Rain,37,SUP-03,6,1,1355.34,False,5539.92,118.5600000000004
2025-09-14,P003,Core collection 03,Electronics,S02,Store 02,South,1,1731.23,0.0,False,False,Clear,36,SUP-03,6,0,1355.34,False,1731.23,375.8900000000001
2025-09-15,P003,Core collection 03,Electronics,S02,Store 02,South,5,1731.23,0.0,False,False,Clear,48,SUP-03,6,0,1355.34,False,8656.15,1879.4500000000005
2025-09-16,P003,Core collection 03,Electronics,S02,Store 02,South,2,1731.23,0.0,False,False,Clear,46,SUP-03,6,0,1355.34,False,3462.46,751.7800000000002
2025-09-17,P003,Core collection 03,Electronics,S02,Store 02,South,2,1731.23,0.0,False,False,Clear,44,SUP-03,6,0,1355.34,False,3462.46,751.7800000000002
2025-09-18,P003,Core collection 03,Electronics,S02,Store 02,South,6,1731.23,0.0,False,False,Clear,38,SUP-03,6,1,1355.34,False,10387.380000000001,2255.3400000000006
2025-09-19,P003,Core collection 03,Electronics,S02,Store 02,South,3,1471.55,0.15,True,False,Rain,35,SUP-03,6,0,1355.34,False,4414.65,348.6300000000001
2025-09-20,P003,Core collection 03,Electronics,S02,Store 02,South,1,1731.23,0.0,False,False,Clear,34,SUP-03,6,0,1355.34,False,1731.23,375.8900000000001
2025-09-21,P003,Core collection 03,Electronics,S02,Store 02,South,1,1731.23,0.0,False,False,Rain,51,SUP-03,6,0,1355.34,False,1731.23,375.8900000000001
2025-09-22,P003,Core collection 03,Electronics,S02,Store 02,South,4,1731.23,0.0,False,False,Clear,47,SUP-03,6,0,1355.34,False,6924.92,1503.5600000000004
2025-09-23,P003,Core collection 03,Electronics,S02,Store 02,South,3,1731.23,0.0,False,False,Clear,44,SUP-03,6,0,1355.34,False,5193.6900000000005,1127.6700000000003
2025-09-24,P003,Core collection 03,Electronics,S02,Store 02,South,2,1731.23,0.0,False,False,Clear,42,SUP-03,6,0,1355.34,False,3462.46,751.7800000000002
2025-09-25,P003,Core collection 03,Electronics,S02,Store 02,South,5,1731.23,0.0,False,False,Clear,37,SUP-03,6,0,1355.34,False,8656.15,1879.4500000000005
2025-09-26,P003,Core collection 03,Electronics,S02,Store 02,South,6,1558.11,0.1,True,False,Rain,31,SUP-03,6,0,1355.34,False,9348.66,1216.62
2025-09-27,P003,Core collection 03,Electronics,S02,Store 02,South,3,1731.23,0.0,False,False,Rain,44,SUP-03,6,1,1355.34,False,5193.6900000000005,1127.6700000000003
2025-09-28,P003,Core collection 03,Electronics,S02,Store 02,South,4,1731.23,0.0,False,False,Clear,40,SUP-03,6,0,1355.34,False,6924.92,1503.5600000000004
2025-09-29,P003,Core collection 03,Electronics,S02,Store 02,South,3,1731.23,0.0,False,False,Clear,37,SUP-03,6,0,1355.34,False,5193.6900000000005,1127.6700000000003
2025-09-30,P003,Core collection 03,Electronics,S02,Store 02,South,5,1731.23,0.0,False,False,Clear,32,SUP-03,6,0,1355.34,False,8656.15,1879.4500000000005
2025-10-01,P003,Core collection 03,Electronics,S02,Store 02,South,3,1731.23,0.0,False,False,Clear,29,SUP-03,6,1,1355.34,False,5193.6900000000005,1127.6700000000003
2025-10-02,P003,Core collection 03,Electronics,S02,Store 02,South,9,1731.23,0.0,False,True,Clear,20,SUP-03,6,0,1355.34,False,15581.07,3383.010000000001
2025-10-03,P003,Core collection 03,Electronics,S02,Store 02,South,1,1731.23,0.0,False,False,Rain,35,SUP-03,6,0,1355.34,False,1731.23,375.8900000000001
2025-10-04,P003,Core collection 03,Electronics,S02,Store 02,South,3,1644.67,0.05,True,False,Clear,32,SUP-03,6,0,1355.34,False,4934.01,867.9900000000005
2025-10-05,P003,Core collection 03,Electronics,S02,Store 02,South,3,1731.23,0.0,False,False,Rain,29,SUP-03,6,0,1355.34,False,5193.6900000000005,1127.6700000000003
2025-10-06,P003,Core collection 03,Electronics,S02,Store 02,South,5,1384.98,0.2,True,False,Clear,24,SUP-03,6,0,1355.34,False,6924.9,148.2000000000005
2025-10-07,P003,Core collection 03,Electronics,S02,Store 02,South,3,1644.67,0.05,True,False,Clear,21,SUP-03,6,0,1355.34,False,4934.01,867.9900000000005
2025-10-08,P003,Core collection 03,Electronics,S02,Store 02,South,3,1731.23,0.0,False,False,Clear,18,SUP-03,6,0,1355.34,False,5193.6900000000005,1127.6700000000003
2025-10-09,P003,Core collection 03,Electronics,S02,Store 02,South,4,1731.23,0.0,False,False,Rain,31,SUP-03,6,0,1355.34,False,6924.92,1503.5600000000004
2025-10-10,P003,Core collection 03,Electronics,S02,Store 02,South,3,1731.23,0.0,False,False,Clear,28,SUP-03,6,0,1355.34,False,5193.6900000000005,1127.6700000000003
2025-10-11,P003,Core collection 03,Electronics,S02,Store 02,South,5,1731.23,0.0,False,False,Clear,23,SUP-03,6,0,1355.34,False,8656.15,1879.4500000000005
2025-10-12,P003,Core collection 03,Electronics,S02,Store 02,South,3,1731.23,0.0,False,False,Clear,20,SUP-03,6,0,1355.34,False,5193.6900000000005,1127.6700000000003
2025-10-13,P003,Core collection 03,Electronics,S02,Store 02,South,4,1731.23,0.0,False,False,Clear,16,SUP-03,6,0,1355.34,False,6924.92,1503.5600000000004
2025-10-14,P003,Core collection 03,Electronics,S02,Store 02,South,3,1731.23,0.0,False,False,Clear,13,SUP-03,6,0,1355.34,False,5193.6900000000005,1127.6700000000003
2025-10-15,P003,Core collection 03,Electronics,S02,Store 02,South,3,1731.23,0.0,False,False,Clear,27,SUP-03,6,0,1355.34,False,5193.6900000000005,1127.6700000000003
2025-10-16,P003,Core collection 03,Electronics,S02,Store 02,South,4,1731.23,0.0,False,False,Clear,23,SUP-03,6,0,1355.34,False,6924.92,1503.5600000000004
2025-10-17,P003,Core collection 03,Electronics,S02,Store 02,South,2,1731.23,0.0,False,False,Clear,21,SUP-03,6,0,1355.34,False,3462.46,751.7800000000002
2025-10-18,P003,Core collection 03,Electronics,S02,Store 02,South,1,1731.23,0.0,False,False,Clear,20,SUP-03,6,0,1355.34,False,1731.23,375.8900000000001
2025-10-19,P003,Core collection 03,Electronics,S02,Store 02,South,13,1471.55,0.15,True,False,Clear,7,SUP-03,6,0,1355.34,False,19130.149999999998,1510.7300000000005
2025-10-20,P003,Core collection 03,Electronics,S02,Store 02,South,6,1731.23,0.0,False,False,Rain,1,SUP-03,6,0,1355.34,False,10387.380000000001,2255.3400000000006
2025-10-21,P003,Core collection 03,Electronics,S02,Store 02,South,1,1731.23,0.0,False,False,Clear,17,SUP-03,6,0,1355.34,False,1731.23,375.8900000000001
2025-10-22,P003,Core collection 03,Electronics,S02,Store 02,South,1,1731.23,0.0,False,False,Clear,16,SUP-03,6,0,1355.34,False,1731.23,375.8900000000001
2025-10-23,P003,Core collection 03,Electronics,S02,Store 02,South,6,1731.23,0.0,False,False,Clear,10,SUP-03,6,0,1355.34,False,10387.380000000001,2255.3400000000006
2025-10-24,P003,Core collection 03,Electronics,S02,Store 02,South,3,1731.23,0.0,False,False,Clear,7,SUP-03,6,0,1355.34,False,5193.6900000000005,1127.6700000000003
2025-10-25,P003,Core collection 03,Electronics,S02,Store 02,South,3,1731.23,0.0,False,False,Clear,4,SUP-03,6,0,1355.34,False,5193.6900000000005,1127.6700000000003
2025-10-26,P003,Core collection 03,Electronics,S02,Store 02,South,3,1731.23,0.0,False,False,Rain,1,SUP-03,6,0,1355.34,False,5193.6900000000005,1127.6700000000003
2025-10-27,P003,Core collection 03,Electronics,S02,Store 02,South,6,1731.23,0.0,False,False,Clear,10,SUP-03,6,0,1355.34,False,10387.380000000001,2255.3400000000006
2025-10-28,P003,Core collection 03,Electronics,S02,Store 02,South,5,1558.11,0.1,True,False,Rain,5,SUP-03,6,0,1355.34,False,7790.549999999999,1013.8499999999999
2025-10-29,P003,Core collection 03,Electronics,S02,Store 02,South,2,1731.23,0.0,False,False,Clear,3,SUP-03,6,0,1355.34,False,3462.46,751.7800000000002
2025-10-30,P003,Core collection 03,Electronics,S02,Store 02,South,3,1731.23,0.0,False,False,Clear,0,SUP-03,6,0,1355.34,True,5193.6900000000005,1127.6700000000003
2025-10-31,P003,Core collection 03,Electronics,S02,Store 02,South,0,1731.23,0.0,False,False,Clear,0,SUP-03,6,0,1355.34,True,0.0,0.0
2025-11-01,P003,Core collection 03,Electronics,S02,Store 02,South,0,1731.23,0.0,False,False,Clear,0,SUP-03,6,0,1355.34,True,0.0,0.0
2025-11-02,P003,Core collection 03,Electronics,S02,Store 02,South,6,1731.23,0.0,False,False,Clear,9,SUP-03,6,1,1355.34,False,10387.380000000001,2255.3400000000006
2025-11-03,P003,Core collection 03,Electronics,S02,Store 02,South,1,1731.23,0.0,False,False,Clear,8,SUP-03,6,0,1355.34,False,1731.23,375.8900000000001
2025-11-04,P003,Core collection 03,Electronics,S02,Store 02,South,1,1731.23,0.0,False,False,Clear,7,SUP-03,6,0,1355.34,False,1731.23,375.8900000000001
2025-11-05,P003,Core collection 03,Electronics,S02,Store 02,South,2,1731.23,0.0,False,False,Clear,5,SUP-03,6,0,1355.34,False,3462.46,751.7800000000002
2025-11-06,P003,Core collection 03,Electronics,S02,Store 02,South,5,1731.23,0.0,False,False,Clear,0,SUP-03,6,0,1355.34,False,8656.15,1879.4500000000005
2025-11-07,P003,Core collection 03,Electronics,S02,Store 02,South,0,1731.23,0.0,False,False,Clear,0,SUP-03,6,0,1355.34,True,0.0,0.0
2025-11-08,P003,Core collection 03,Electronics,S02,Store 02,South,5,1731.23,0.0,False,False,Rain,11,SUP-03,6,0,1355.34,False,8656.15,1879.4500000000005
2025-11-09,P003,Core collection 03,Electronics,S02,Store 02,South,8,1731.23,0.0,False,False,Rain,3,SUP-03,6,1,1355.34,False,13849.84,3007.120000000001
2025-11-10,P003,Core collection 03,Electronics,S02,Store 02,South,2,1731.23,0.0,False,False,Clear,1,SUP-03,6,0,1355.34,False,3462.46,751.7800000000002
2025-11-11,P003,Core collection 03,Electronics,S02,Store 02,South,1,1731.23,0.0,False,False,Rain,0,SUP-03,6,0,1355.34,True,1731.23,375.8900000000001
2025-11-12,P003,Core collection 03,Electronics,S02,Store 02,South,0,1731.23,0.0,False,False,Rain,0,SUP-03,6,0,1355.34,True,0.0,0.0
2025-11-13,P003,Core collection 03,Electronics,S02,Store 02,South,0,1731.23,0.0,False,False,Clear,0,SUP-03,6,0,1355.34,True,0.0,0.0
2025-11-14,P003,Core collection 03,Electronics,S02,Store 02,South,5,1731.23,0.0,False,False,Rain,12,SUP-03,6,0,1355.34,False,8656.15,1879.4500000000005
2025-11-15,P003,Core collection 03,Electronics,S02,Store 02,South,5,1471.55,0.15,True,False,Clear,7,SUP-03,6,0,1355.34,False,7357.75,581.0500000000002
2025-11-16,P003,Core collection 03,Electronics,S02,Store 02,South,0,1731.23,0.0,False,False,Rain,7,SUP-03,6,0,1355.34,False,0.0,0.0
2025-11-17,P003,Core collection 03,Electronics,S02,Store 02,South,2,1731.23,0.0,False,False,Clear,5,SUP-03,6,0,1355.34,False,3462.46,751.7800000000002
2025-11-18,P003,Core collection 03,Electronics,S02,Store 02,South,2,1731.23,0.0,False,False,Clear,3,SUP-03,6,0,1355.34,False,3462.46,751.7800000000002
2025-11-19,P003,Core collection 03,Electronics,S02,Store 02,South,3,1731.23,0.0,False,False,Clear,0,SUP-03,6,0,1355.34,True,5193.6900000000005,1127.6700000000003
2025-11-20,P003,Core collection 03,Electronics,S02,Store 02,South,3,1731.23,0.0,False,False,Clear,13,SUP-03,6,0,1355.34,False,5193.6900000000005,1127.6700000000003
2025-11-21,P003,Core collection 03,Electronics,S02,Store 02,South,2,1731.23,0.0,False,False,Clear,11,SUP-03,6,0,1355.34,False,3462.46,751.7800000000002
2025-11-22,P003,Core collection 03,Electronics,S02,Store 02,South,2,1731.23,0.0,False,False,Clear,9,SUP-03,6,0,1355.34,False,3462.46,751.7800000000002
2025-11-23,P003,Core collection 03,Electronics,S02,Store 02,South,1,1731.23,0.0,False,False,Rain,8,SUP-03,6,0,1355.34,False,1731.23,375.8900000000001
2025-11-24,P003,Core collection 03,Electronics,S02,Store 02,South,5,1731.23,0.0,False,False,Clear,3,SUP-03,6,0,1355.34,False,8656.15,1879.4500000000005
2025-11-25,P003,Core collection 03,Electronics,S02,Store 02,South,3,1731.23,0.0,False,False,Clear,0,SUP-03,6,0,1355.34,True,5193.6900000000005,1127.6700000000003
2025-11-26,P003,Core collection 03,Electronics,S02,Store 02,South,5,1731.23,0.0,False,False,Clear,13,SUP-03,6,0,1355.34,False,8656.15,1879.4500000000005
2025-11-27,P003,Core collection 03,Electronics,S02,Store 02,South,4,1731.23,0.0,False,False,Clear,9,SUP-03,6,0,1355.34,False,6924.92,1503.5600000000004
2025-11-28,P003,Core collection 03,Electronics,S02,Store 02,South,6,1731.23,0.0,False,False,Rain,3,SUP-03,6,0,1355.34,False,10387.380000000001,2255.3400000000006
2025-11-29,P003,Core collection 03,Electronics,S02,Store 02,South,2,1731.23,0.0,False,False,Clear,1,SUP-03,6,0,1355.34,False,3462.46,751.7800000000002
2025-11-30,P003,Core collection 03,Electronics,S02,Store 02,South,1,1731.23,0.0,False,False,Rain,0,SUP-03,6,0,1355.34,True,1731.23,375.8900000000001
2025-12-01,P003,Core collection 03,Electronics,S02,Store 02,South,0,1731.23,0.0,False,False,Clear,0,SUP-03,6,0,1355.34,True,0.0,0.0
2025-12-02,P003,Core collection 03,Electronics,S02,Store 02,South,5,1731.23,0.0,False,False,Clear,11,SUP-03,6,0,1355.34,False,8656.15,1879.4500000000005
2025-12-03,P003,Core collection 03,Electronics,S02,Store 02,South,5,1731.23,0.0,False,False,Clear,6,SUP-03,6,0,1355.34,False,8656.15,1879.4500000000005
2025-12-04,P003,Core collection 03,Electronics,S02,Store 02,South,1,1731.23,0.0,False,False,Clear,5,SUP-03,6,0,1355.34,False,1731.23,375.8900000000001
2025-12-05,P003,Core collection 03,Electronics,S02,Store 02,South,3,1731.23,0.0,False,False,Rain,2,SUP-03,6,0,1355.34,False,5193.6900000000005,1127.6700000000003
2025-12-06,P003,Core collection 03,Electronics,S02,Store 02,South,2,1731.23,0.0,False,False,Clear,0,SUP-03,6,0,1355.34,True,3462.46,751.7800000000002
2025-12-07,P003,Core collection 03,Electronics,S02,Store 02,South,0,1731.23,0.0,False,False,Clear,0,SUP-03,6,0,1355.34,True,0.0,0.0
2025-12-08,P003,Core collection 03,Electronics,S02,Store 02,South,1,1731.23,0.0,False,False,Clear,17,SUP-03,6,0,1355.34,False,1731.23,375.8900000000001
2025-12-09,P003,Core collection 03,Electronics,S02,Store 02,South,3,1731.23,0.0,False,False,Rain,14,SUP-03,6,0,1355.34,False,5193.6900000000005,1127.6700000000003
2025-12-10,P003,Core collection 03,Electronics,S02,Store 02,South,5,1731.23,0.0,False,False,Clear,9,SUP-03,6,0,1355.34,False,8656.15,1879.4500000000005
2025-12-11,P003,Core collection 03,Electronics,S02,Store 02,South,4,1384.98,0.2,True,False,Clear,5,SUP-03,6,0,1355.34,False,5539.92,118.5600000000004
2025-12-12,P003,Core collection 03,Electronics,S02,Store 02,South,1,1731.23,0.0,False,False,Clear,4,SUP-03,6,0,1355.34,False,1731.23,375.8900000000001
2025-12-13,P003,Core collection 03,Electronics,S02,Store 02,South,3,1731.23,0.0,False,False,Clear,1,SUP-03,6,0,1355.34,False,5193.6900000000005,1127.6700000000003
2025-12-14,P003,Core collection 03,Electronics,S02,Store 02,South,4,1731.23,0.0,False,False,Clear,13,SUP-03,6,0,1355.34,False,6924.92,1503.5600000000004
2025-12-15,P003,Core collection 03,Electronics,S02,Store 02,South,3,1731.23,0.0,False,False,Clear,10,SUP-03,6,0,1355.34,False,5193.6900000000005,1127.6700000000003
2025-12-16,P003,Core collection 03,Electronics,S02,Store 02,South,3,1731.23,0.0,False,False,Clear,7,SUP-03,6,0,1355.34,False,5193.6900000000005,1127.6700000000003
2025-12-17,P003,Core collection 03,Electronics,S02,Store 02,South,1,1731.23,0.0,False,False,Clear,6,SUP-03,6,0,1355.34,False,1731.23,375.8900000000001
2025-12-18,P003,Core collection 03,Electronics,S02,Store 02,South,1,1731.23,0.0,False,False,Rain,5,SUP-03,6,0,1355.34,False,1731.23,375.8900000000001
2025-12-19,P003,Core collection 03,Electronics,S02,Store 02,South,5,1731.23,0.0,False,False,Clear,0,SUP-03,6,0,1355.34,False,8656.15,1879.4500000000005
2025-12-20,P003,Core collection 03,Electronics,S02,Store 02,South,1,1731.23,0.0,False,False,Clear,15,SUP-03,6,0,1355.34,False,1731.23,375.8900000000001
2025-12-21,P003,Core collection 03,Electronics,S02,Store 02,South,2,1384.98,0.2,True,False,Clear,13,SUP-03,6,0,1355.34,False,2769.96,59.2800000000002
2025-12-22,P003,Core collection 03,Electronics,S02,Store 02,South,3,1731.23,0.0,False,False,Clear,10,SUP-03,6,0,1355.34,False,5193.6900000000005,1127.6700000000003
2025-12-23,P003,Core collection 03,Electronics,S02,Store 02,South,4,1731.23,0.0,False,False,Clear,6,SUP-03,6,0,1355.34,False,6924.92,1503.5600000000004
2025-12-24,P003,Core collection 03,Electronics,S02,Store 02,South,4,1731.23,0.0,False,False,Clear,2,SUP-03,6,0,1355.34,False,6924.92,1503.5600000000004
2025-12-25,P003,Core collection 03,Electronics,S02,Store 02,South,2,1731.23,0.0,False,True,Clear,0,SUP-03,6,0,1355.34,True,3462.46,751.7800000000002
2025-12-26,P003,Core collection 03,Electronics,S02,Store 02,South,1,1731.23,0.0,False,False,Clear,16,SUP-03,6,0,1355.34,False,1731.23,375.8900000000001
2025-12-27,P003,Core collection 03,Electronics,S02,Store 02,South,3,1731.23,0.0,False,False,Clear,13,SUP-03,6,0,1355.34,False,5193.6900000000005,1127.6700000000003
2025-12-28,P003,Core collection 03,Electronics,S02,Store 02,South,5,1731.23,0.0,False,False,Clear,8,SUP-03,6,0,1355.34,False,8656.15,1879.4500000000005
2025-12-29,P003,Core collection 03,Electronics,S02,Store 02,South,6,1731.23,0.0,False,False,Clear,2,SUP-03,6,0,1355.34,False,10387.380000000001,2255.3400000000006
2025-12-30,P003,Core collection 03,Electronics,S02,Store 02,South,2,1731.23,0.0,False,False,Clear,0,SUP-03,6,0,1355.34,True,3462.46,751.7800000000002
2025-12-31,P003,Core collection 03,Electronics,S02,Store 02,South,0,1731.23,0.0,False,False,Clear,0,SUP-03,6,0,1355.34,True,0.0,0.0
2025-09-03,P003,Core collection 03,Electronics,S03,Store 03,East,4,1731.23,0.0,False,False,Clear,50,SUP-03,7,0,1355.34,False,6924.92,1503.5600000000004
2025-09-04,P003,Core collection 03,Electronics,S03,Store 03,East,9,1731.23,0.0,False,False,Clear,41,SUP-03,7,0,1355.34,False,15581.07,3383.010000000001
2025-09-05,P003,Core collection 03,Electronics,S03,Store 03,East,5,1731.23,0.0,False,False,Clear,36,SUP-03,7,0,1355.34,False,8656.15,1879.4500000000005
2025-09-06,P003,Core collection 03,Electronics,S03,Store 03,East,6,1731.23,0.0,False,False,Clear,30,SUP-03,7,0,1355.34,False,10387.380000000001,2255.3400000000006
2025-09-07,P003,Core collection 03,Electronics,S03,Store 03,East,6,1731.23,0.0,False,False,Clear,24,SUP-03,7,0,1355.34,False,10387.380000000001,2255.3400000000006
2025-09-08,P003,Core collection 03,Electronics,S03,Store 03,East,4,1731.23,0.0,False,False,Clear,20,SUP-03,7,0,1355.34,False,6924.92,1503.5600000000004
2025-09-09,P003,Core collection 03,Electronics,S03,Store 03,East,5,1731.23,0.0,False,False,Clear,15,SUP-03,7,0,1355.34,False,8656.15,1879.4500000000005
2025-09-10,P003,Core collection 03,Electronics,S03,Store 03,East,4,1731.23,0.0,False,False,Clear,47,SUP-03,7,0,1355.34,False,6924.92,1503.5600000000004
2025-09-11,P003,Core collection 03,Electronics,S03,Store 03,East,1,1731.23,0.0,False,False,Clear,46,SUP-03,7,0,1355.34,False,1731.23,375.8900000000001
2025-09-12,P003,Core collection 03,Electronics,S03,Store 03,East,3,1731.23,0.0,False,False,Rain,43,SUP-03,7,0,1355.34,False,5193.6900000000005,1127.6700000000003
2025-09-13,P003,Core collection 03,Electronics,S03,Store 03,East,5,1558.11,0.1,True,False,Clear,38,SUP-03,7,0,1355.34,False,7790.549999999999,1013.8499999999999
2025-09-14,P003,Core collection 03,Electronics,S03,Store 03,East,8,1731.23,0.0,False,False,Clear,30,SUP-03,7,1,1355.34,False,13849.84,3007.120000000001
2025-09-15,P003,Core collection 03,Electronics,S03,Store 03,East,1,1731.23,0.0,False,False,Rain,29,SUP-03,7,0,1355.34,False,1731.23,375.8900000000001
2025-09-16,P003,Core collection 03,Electronics,S03,Store 03,East,4,1731.23,0.0,False,False,Clear,25,SUP-03,7,0,1355.34,False,6924.92,1503.5600000000004
2025-09-17,P003,Core collection 03,Electronics,S03,Store 03,East,2,1731.23,0.0,False,False,Clear,62,SUP-03,7,0,1355.34,False,3462.46,751.7800000000002
2025-09-18,P003,Core collection 03,Electronics,S03,Store 03,East,4,1731.23,0.0,False,False,Clear,58,SUP-03,7,0,1355.34,False,6924.92,1503.5600000000004
2025-09-19,P003,Core collection 03,Electronics,S03,Store 03,East,0,1731.23,0.0,False,False,Clear,58,SUP-03,7,0,1355.34,False,0.0,0.0
2025-09-20,P003,Core collection 03,Electronics,S03,Store 03,East,4,1384.98,0.2,True,False,Clear,54,SUP-03,7,0,1355.34,False,5539.92,118.5600000000004
2025-09-21,P003,Core collection 03,Electronics,S03,Store 03,East,5,1731.23,0.0,False,False,Clear,49,SUP-03,7,1,1355.34,False,8656.15,1879.4500000000005
2025-09-22,P003,Core collection 03,Electronics,S03,Store 03,East,5,1731.23,0.0,False,False,Clear,44,SUP-03,7,0,1355.34,False,8656.15,1879.4500000000005
2025-09-23,P003,Core collection 03,Electronics,S03,Store 03,East,2,1731.23,0.0,False,False,Clear,42,SUP-03,7,0,1355.34,False,3462.46,751.7800000000002
2025-09-24,P003,Core collection 03,Electronics,S03,Store 03,East,4,1731.23,0.0,False,False,Clear,77,SUP-03,7,0,1355.34,False,6924.92,1503.5600000000004
2025-09-25,P003,Core collection 03,Electronics,S03,Store 03,East,3,1731.23,0.0,False,False,Clear,74,SUP-03,7,0,1355.34,False,5193.6900000000005,1127.6700000000003
2025-09-26,P003,Core collection 03,Electronics,S03,Store 03,East,2,1731.23,0.0,False,False,Rain,72,SUP-03,7,0,1355.34,False,3462.46,751.7800000000002
2025-09-27,P003,Core collection 03,Electronics,S03,Store 03,East,7,1471.55,0.15,True,False,Clear,65,SUP-03,7,0,1355.34,False,10300.85,813.4700000000003
2025-09-28,P003,Core collection 03,Electronics,S03,Store 03,East,5,1731.23,0.0,False,False,Clear,60,SUP-03,7,0,1355.34,False,8656.15,1879.4500000000005
2025-09-29,P003,Core collection 03,Electronics,S03,Store 03,East,4,1731.23,0.0,False,False,Clear,56,SUP-03,7,1,1355.34,False,6924.92,1503.5600000000004
2025-09-30,P003,Core collection 03,Electronics,S03,Store 03,East,6,1731.23,0.0,False,False,Rain,50,SUP-03,7,0,1355.34,False,10387.380000000001,2255.3400000000006
2025-10-01,P003,Core collection 03,Electronics,S03,Store 03,East,10,1644.67,0.05,True,False,Clear,81,SUP-03,7,1,1355.34,False,16446.7,2893.3000000000015
2025-10-02,P003,Core collection 03,Electronics,S03,Store 03,East,5,1731.23,0.0,False,True,Clear,76,SUP-03,7,0,1355.34,False,8656.15,1879.4500000000005
2025-10-03,P003,Core collection 03,Electronics,S03,Store 03,East,5,1731.23,0.0,False,False,Clear,71,SUP-03,7,0,1355.34,False,8656.15,1879.4500000000005
2025-10-04,P003,Core collection 03,Electronics,S03,Store 03,East,5,1731.23,0.0,False,False,Clear,66,SUP-03,7,1,1355.34,False,8656.15,1879.4500000000005
2025-10-05,P003,Core collection 03,Electronics,S03,Store 03,East,9,1731.23,0.0,False,False,Clear,57,SUP-03,7,1,1355.34,False,15581.07,3383.010000000001
2025-10-06,P003,Core collection 03,Electronics,S03,Store 03,East,4,1731.23,0.0,False,False,Clear,53,SUP-03,7,0,1355.34,False,6924.92,1503.5600000000004
2025-10-07,P003,Core collection 03,Electronics,S03,Store 03,East,3,1471.55,0.15,True,False,Clear,50,SUP-03,7,0,1355.34,False,4414.65,348.6300000000001
2025-10-08,P003,Core collection 03,Electronics,S03,Store 03,East,3,1731.23,0.0,False,False,Clear,82,SUP-03,7,0,1355.34,False,5193.6900000000005,1127.6700000000003
2025-10-09,P003,Core collection 03,Electronics,S03,Store 03,East,3,1731.23,0.0,False,False,Clear,79,SUP-03,7,0,1355.34,False,5193.6900000000005,1127.6700000000003
2025-10-10,P003,Core collection 03,Electronics,S03,Store 03,East,5,1731.23,0.0,False,False,Clear,74,SUP-03,7,0,1355.34,False,8656.15,1879.4500000000005
2025-10-11,P003,Core collection 03,Electronics,S03,Store 03,East,1,1731.23,0.0,False,False,Clear,73,SUP-03,7,0,1355.34,False,1731.23,375.8900000000001
2025-10-12,P003,Core collection 03,Electronics,S03,Store 03,East,3,1471.55,0.15,True,False,Clear,70,SUP-03,7,0,1355.34,False,4414.65,348.6300000000001
2025-10-13,P003,Core collection 03,Electronics,S03,Store 03,East,4,1731.23,0.0,False,False,Clear,66,SUP-03,7,0,1355.34,False,6924.92,1503.5600000000004
2025-10-14,P003,Core collection 03,Electronics,S03,Store 03,East,2,1731.23,0.0,False,False,Clear,64,SUP-03,7,0,1355.34,False,3462.46,751.7800000000002
2025-10-15,P003,Core collection 03,Electronics,S03,Store 03,East,7,1731.23,0.0,False,False,Clear,98,SUP-03,7,0,1355.34,False,12118.61,2631.2300000000005
2025-10-16,P003,Core collection 03,Electronics,S03,Store 03,East,1,1731.23,0.0,False,False,Clear,97,SUP-03,7,0,1355.34,False,1731.23,375.8900000000001
2025-10-17,P003,Core collection 03,Electronics,S03,Store 03,East,2,1731.23,0.0,False,False,Rain,95,SUP-03,7,0,1355.34,False,3462.46,751.7800000000002
2025-10-18,P003,Core collection 03,Electronics,S03,Store 03,East,4,1731.23,0.0,False,False,Rain,91,SUP-03,7,0,1355.34,False,6924.92,1503.5600000000004
2025-10-19,P003,Core collection 03,Electronics,S03,Store 03,East,5,1731.23,0.0,False,False,Clear,86,SUP-03,7,0,1355.34,False,8656.15,1879.4500000000005
2025-10-20,P003,Core collection 03,Electronics,S03,Store 03,East,3,1731.23,0.0,False,False,Clear,83,SUP-03,7,0,1355.34,False,5193.6900000000005,1127.6700000000003
2025-10-21,P003,Core collection 03,Electronics,S03,Store 03,East,3,1731.23,0.0,False,False,Rain,80,SUP-03,7,0,1355.34,False,5193.6900000000005,1127.6700000000003
2025-10-22,P003,Core collection 03,Electronics,S03,Store 03,East,2,1384.98,0.2,True,False,Clear,115,SUP-03,7,0,1355.34,False,2769.96,59.2800000000002
2025-10-23,P003,Core collection 03,Electronics,S03,Store 03,East,5,1471.55,0.15,True,False,Clear,110,SUP-03,7,0,1355.34,False,7357.75,581.0500000000002
2025-10-24,P003,Core collection 03,Electronics,S03,Store 03,East,2,1731.23,0.0,False,False,Clear,108,SUP-03,7,0,1355.34,False,3462.46,751.7800000000002
2025-10-25,P003,Core collection 03,Electronics,S03,Store 03,East,3,1471.55,0.15,True,False,Clear,105,SUP-03,7,0,1355.34,False,4414.65,348.6300000000001
2025-10-26,P003,Core collection 03,Electronics,S03,Store 03,East,4,1731.23,0.0,False,False,Clear,101,SUP-03,7,0,1355.34,False,6924.92,1503.5600000000004
2025-10-27,P003,Core collection 03,Electronics,S03,Store 03,East,3,1731.23,0.0,False,False,Clear,98,SUP-03,7,0,1355.34,False,5193.6900000000005,1127.6700000000003
2025-10-28,P003,Core collection 03,Electronics,S03,Store 03,East,5,1731.23,0.0,False,False,Clear,93,SUP-03,7,0,1355.34,False,8656.15,1879.4500000000005
2025-10-29,P003,Core collection 03,Electronics,S03,Store 03,East,2,1731.23,0.0,False,False,Clear,131,SUP-03,7,0,1355.34,False,3462.46,751.7800000000002
2025-10-30,P003,Core collection 03,Electronics,S03,Store 03,East,5,1731.23,0.0,False,False,Rain,126,SUP-03,7,0,1355.34,False,8656.15,1879.4500000000005
2025-10-31,P003,Core collection 03,Electronics,S03,Store 03,East,2,1731.23,0.0,False,False,Clear,124,SUP-03,7,0,1355.34,False,3462.46,751.7800000000002
2025-11-01,P003,Core collection 03,Electronics,S03,Store 03,East,4,1731.23,0.0,False,False,Clear,120,SUP-03,7,0,1355.34,False,6924.92,1503.5600000000004
2025-11-02,P003,Core collection 03,Electronics,S03,Store 03,East,3,1731.23,0.0,False,False,Clear,117,SUP-03,7,0,1355.34,False,5193.6900000000005,1127.6700000000003
2025-11-03,P003,Core collection 03,Electronics,S03,Store 03,East,6,1731.23,0.0,False,False,Clear,111,SUP-03,7,0,1355.34,False,10387.380000000001,2255.3400000000006
2025-11-04,P003,Core collection 03,Electronics,S03,Store 03,East,8,1731.23,0.0,False,False,Clear,103,SUP-03,7,0,1355.34,False,13849.84,3007.120000000001
2025-11-05,P003,Core collection 03,Electronics,S03,Store 03,East,6,1731.23,0.0,False,False,Clear,134,SUP-03,7,0,1355.34,False,10387.380000000001,2255.3400000000006
2025-11-06,P003,Core collection 03,Electronics,S03,Store 03,East,4,1731.23,0.0,False,False,Rain,130,SUP-03,7,0,1355.34,False,6924.92,1503.5600000000004
2025-11-07,P003,Core collection 03,Electronics,S03,Store 03,East,3,1731.23,0.0,False,False,Clear,127,SUP-03,7,0,1355.34,False,5193.6900000000005,1127.6700000000003
2025-11-08,P003,Core collection 03,Electronics,S03,Store 03,East,4,1731.23,0.0,False,False,Clear,123,SUP-03,7,0,1355.34,False,6924.92,1503.5600000000004
2025-11-09,P003,Core collection 03,Electronics,S03,Store 03,East,4,1731.23,0.0,False,False,Clear,119,SUP-03,7,0,1355.34,False,6924.92,1503.5600000000004
2025-11-10,P003,Core collection 03,Electronics,S03,Store 03,East,1,1731.23,0.0,False,False,Clear,118,SUP-03,7,1,1355.34,False,1731.23,375.8900000000001
2025-11-11,P003,Core collection 03,Electronics,S03,Store 03,East,4,1731.23,0.0,False,False,Clear,114,SUP-03,7,0,1355.34,False,6924.92,1503.5600000000004
2025-11-12,P003,Core collection 03,Electronics,S03,Store 03,East,2,1731.23,0.0,False,False,Clear,146,SUP-03,7,0,1355.34,False,3462.46,751.7800000000002
2025-11-13,P003,Core collection 03,Electronics,S03,Store 03,East,4,1731.23,0.0,False,False,Rain,142,SUP-03,7,0,1355.34,False,6924.92,1503.5600000000004
2025-11-14,P003,Core collection 03,Electronics,S03,Store 03,East,2,1731.23,0.0,False,False,Rain,140,SUP-03,7,0,1355.34,False,3462.46,751.7800000000002
2025-11-15,P003,Core collection 03,Electronics,S03,Store 03,East,7,1731.23,0.0,False,False,Clear,133,SUP-03,7,0,1355.34,False,12118.61,2631.2300000000005
2025-11-16,P003,Core collection 03,Electronics,S03,Store 03,East,3,1731.23,0.0,False,False,Clear,130,SUP-03,7,0,1355.34,False,5193.6900000000005,1127.6700000000003
2025-11-17,P003,Core collection 03,Electronics,S03,Store 03,East,2,1731.23,0.0,False,False,Clear,128,SUP-03,7,0,1355.34,False,3462.46,751.7800000000002
2025-11-18,P003,Core collection 03,Electronics,S03,Store 03,East,4,1731.23,0.0,False,False,Clear,124,SUP-03,7,0,1355.34,False,6924.92,1503.5600000000004
2025-11-19,P003,Core collection 03,Electronics,S03,Store 03,East,3,1731.23,0.0,False,False,Clear,161,SUP-03,7,0,1355.34,False,5193.6900000000005,1127.6700000000003
2025-11-20,P003,Core collection 03,Electronics,S03,Store 03,East,4,1731.23,0.0,False,False,Clear,157,SUP-03,7,0,1355.34,False,6924.92,1503.5600000000004
2025-11-21,P003,Core collection 03,Electronics,S03,Store 03,East,7,1731.23,0.0,False,False,Rain,150,SUP-03,7,0,1355.34,False,12118.61,2631.2300000000005
2025-11-22,P003,Core collection 03,Electronics,S03,Store 03,East,8,1731.23,0.0,False,False,Clear,142,SUP-03,7,0,1355.34,False,13849.84,3007.120000000001
2025-11-23,P003,Core collection 03,Electronics,S03,Store 03,East,2,1731.23,0.0,False,False,Clear,140,SUP-03,7,0,1355.34,False,3462.46,751.7800000000002
2025-11-24,P003,Core collection 03,Electronics,S03,Store 03,East,6,1731.23,0.0,False,False,Clear,134,SUP-03,7,1,1355.34,False,10387.380000000001,2255.3400000000006
2025-11-25,P003,Core collection 03,Electronics,S03,Store 03,East,6,1731.23,0.0,False,False,Clear,128,SUP-03,7,0,1355.34,False,10387.380000000001,2255.3400000000006
2025-11-26,P003,Core collection 03,Electronics,S03,Store 03,East,5,1731.23,0.0,False,False,Clear,163,SUP-03,7,0,1355.34,False,8656.15,1879.4500000000005
2025-11-27,P003,Core collection 03,Electronics,S03,Store 03,East,3,1731.23,0.0,False,False,Clear,160,SUP-03,7,0,1355.34,False,5193.6900000000005,1127.6700000000003
2025-11-28,P003,Core collection 03,Electronics,S03,Store 03,East,8,1384.98,0.2,True,False,Clear,152,SUP-03,7,1,1355.34,False,11079.84,237.1200000000008
2025-11-29,P003,Core collection 03,Electronics,S03,Store 03,East,4,1731.23,0.0,False,False,Clear,148,SUP-03,7,0,1355.34,False,6924.92,1503.5600000000004
2025-11-30,P003,Core collection 03,Electronics,S03,Store 03,East,3,1731.23,0.0,False,False,Clear,145,SUP-03,7,0,1355.34,False,5193.6900000000005,1127.6700000000003
2025-12-01,P003,Core collection 03,Electronics,S03,Store 03,East,1,1731.23,0.0,False,False,Clear,144,SUP-03,7,0,1355.34,False,1731.23,375.8900000000001
2025-12-02,P003,Core collection 03,Electronics,S03,Store 03,East,5,1731.23,0.0,False,False,Clear,139,SUP-03,7,0,1355.34,False,8656.15,1879.4500000000005
2025-12-03,P003,Core collection 03,Electronics,S03,Store 03,East,1,1731.23,0.0,False,False,Clear,179,SUP-03,7,0,1355.34,False,1731.23,375.8900000000001
2025-12-04,P003,Core collection 03,Electronics,S03,Store 03,East,2,1731.23,0.0,False,False,Clear,177,SUP-03,7,0,1355.34,False,3462.46,751.7800000000002
2025-12-05,P003,Core collection 03,Electronics,S03,Store 03,East,3,1731.23,0.0,False,False,Clear,174,SUP-03,7,0,1355.34,False,5193.6900000000005,1127.6700000000003
2025-12-06,P003,Core collection 03,Electronics,S03,Store 03,East,6,1731.23,0.0,False,False,Clear,168,SUP-03,7,1,1355.34,False,10387.380000000001,2255.3400000000006
2025-12-07,P003,Core collection 03,Electronics,S03,Store 03,East,5,1731.23,0.0,False,False,Clear,163,SUP-03,7,0,1355.34,False,8656.15,1879.4500000000005
2025-12-08,P003,Core collection 03,Electronics,S03,Store 03,East,6,1384.98,0.2,True,False,Rain,157,SUP-03,7,0,1355.34,False,8309.880000000001,177.8400000000006
2025-12-09,P003,Core collection 03,Electronics,S03,Store 03,East,4,1731.23,0.0,False,False,Clear,153,SUP-03,7,0,1355.34,False,6924.92,1503.5600000000004
2025-12-10,P003,Core collection 03,Electronics,S03,Store 03,East,7,1558.11,0.1,True,False,Clear,186,SUP-03,7,0,1355.34,False,10906.769999999999,1419.3899999999999
2025-12-11,P003,Core collection 03,Electronics,S03,Store 03,East,2,1731.23,0.0,False,False,Rain,184,SUP-03,7,0,1355.34,False,3462.46,751.7800000000002
2025-12-12,P003,Core collection 03,Electronics,S03,Store 03,East,3,1731.23,0.0,False,False,Clear,181,SUP-03,7,0,1355.34,False,5193.6900000000005,1127.6700000000003
2025-12-13,P003,Core collection 03,Electronics,S03,Store 03,East,6,1731.23,0.0,False,False,Clear,175,SUP-03,7,0,1355.34,False,10387.380000000001,2255.3400000000006
2025-12-14,P003,Core collection 03,Electronics,S03,Store 03,East,5,1731.23,0.0,False,False,Clear,170,SUP-03,7,0,1355.34,False,8656.15,1879.4500000000005
2025-12-15,P003,Core collection 03,Electronics,S03,Store 03,East,1,1731.23,0.0,False,False,Clear,169,SUP-03,7,0,1355.34,False,1731.23,375.8900000000001
2025-12-16,P003,Core collection 03,Electronics,S03,Store 03,East,2,1731.23,0.0,False,False,Clear,167,SUP-03,7,0,1355.34,False,3462.46,751.7800000000002
2025-12-17,P003,Core collection 03,Electronics,S03,Store 03,East,6,1731.23,0.0,False,False,Clear,198,SUP-03,7,1,1355.34,False,10387.380000000001,2255.3400000000006
2025-12-18,P003,Core collection 03,Electronics,S03,Store 03,East,1,1731.23,0.0,False,False,Clear,197,SUP-03,7,0,1355.34,False,1731.23,375.8900000000001
2025-12-19,P003,Core collection 03,Electronics,S03,Store 03,East,5,1731.23,0.0,False,False,Clear,192,SUP-03,7,0,1355.34,False,8656.15,1879.4500000000005
2025-12-20,P003,Core collection 03,Electronics,S03,Store 03,East,4,1731.23,0.0,False,False,Clear,188,SUP-03,7,0,1355.34,False,6924.92,1503.5600000000004
2025-12-21,P003,Core collection 03,Electronics,S03,Store 03,East,5,1731.23,0.0,False,False,Clear,183,SUP-03,7,0,1355.34,False,8656.15,1879.4500000000005
2025-12-22,P003,Core collection 03,Electronics,S03,Store 03,East,2,1731.23,0.0,False,False,Clear,181,SUP-03,7,0,1355.34,False,3462.46,751.7800000000002
2025-12-23,P003,Core collection 03,Electronics,S03,Store 03,East,7,1731.23,0.0,False,False,Clear,174,SUP-03,7,0,1355.34,False,12118.61,2631.2300000000005
2025-12-24,P003,Core collection 03,Electronics,S03,Store 03,East,2,1731.23,0.0,False,False,Clear,214,SUP-03,7,0,1355.34,False,3462.46,751.7800000000002
2025-12-25,P003,Core collection 03,Electronics,S03,Store 03,East,7,1731.23,0.0,False,True,Clear,207,SUP-03,7,0,1355.34,False,12118.61,2631.2300000000005
2025-12-26,P003,Core collection 03,Electronics,S03,Store 03,East,5,1731.23,0.0,False,False,Clear,202,SUP-03,7,0,1355.34,False,8656.15,1879.4500000000005
2025-12-27,P003,Core collection 03,Electronics,S03,Store 03,East,5,1731.23,0.0,False,False,Clear,197,SUP-03,7,1,1355.34,False,8656.15,1879.4500000000005
2025-12-28,P003,Core collection 03,Electronics,S03,Store 03,East,8,1731.23,0.0,False,False,Clear,189,SUP-03,7,0,1355.34,False,13849.84,3007.120000000001
2025-12-29,P003,Core collection 03,Electronics,S03,Store 03,East,6,1731.23,0.0,False,False,Clear,183,SUP-03,7,0,1355.34,False,10387.380000000001,2255.3400000000006
2025-12-30,P003,Core collection 03,Electronics,S03,Store 03,East,3,1731.23,0.0,False,False,Clear,180,SUP-03,7,0,1355.34,False,5193.6900000000005,1127.6700000000003
2025-12-31,P003,Core collection 03,Electronics,S03,Store 03,East,4,1731.23,0.0,False,False,Rain,216,SUP-03,7,0,1355.34,False,6924.92,1503.5600000000004
2025-09-03,P003,Core collection 03,Electronics,S04,Store 04,West,7,1731.23,0.0,False,False,Rain,85,SUP-03,14,0,1355.34,False,12118.61,2631.2300000000005
2025-09-04,P003,Core collection 03,Electronics,S04,Store 04,West,7,1731.23,0.0,False,False,Clear,78,SUP-03,14,0,1355.34,False,12118.61,2631.2300000000005
2025-09-05,P003,Core collection 03,Electronics,S04,Store 04,West,3,1731.23,0.0,False,False,Clear,75,SUP-03,14,0,1355.34,False,5193.6900000000005,1127.6700000000003
2025-09-06,P003,Core collection 03,Electronics,S04,Store 04,West,2,1731.23,0.0,False,False,Clear,73,SUP-03,14,0,1355.34,False,3462.46,751.7800000000002
2025-09-07,P003,Core collection 03,Electronics,S04,Store 04,West,6,1731.23,0.0,False,False,Rain,67,SUP-03,14,0,1355.34,False,10387.380000000001,2255.3400000000006
2025-09-08,P003,Core collection 03,Electronics,S04,Store 04,West,7,1731.23,0.0,False,False,Clear,60,SUP-03,14,0,1355.34,False,12118.61,2631.2300000000005
2025-09-09,P003,Core collection 03,Electronics,S04,Store 04,West,4,1731.23,0.0,False,False,Clear,56,SUP-03,14,0,1355.34,False,6924.92,1503.5600000000004
2025-09-10,P003,Core collection 03,Electronics,S04,Store 04,West,6,1731.23,0.0,False,False,Clear,50,SUP-03,14,0,1355.34,False,10387.380000000001,2255.3400000000006
2025-09-11,P003,Core collection 03,Electronics,S04,Store 04,West,3,1731.23,0.0,False,False,Clear,47,SUP-03,14,0,1355.34,False,5193.6900000000005,1127.6700000000003
2025-09-12,P003,Core collection 03,Electronics,S04,Store 04,West,6,1731.23,0.0,False,False,Clear,41,SUP-03,14,0,1355.34,False,10387.380000000001,2255.3400000000006
2025-09-13,P003,Core collection 03,Electronics,S04,Store 04,West,5,1731.23,0.0,False,False,Clear,36,SUP-03,14,0,1355.34,False,8656.15,1879.4500000000005
2025-09-14,P003,Core collection 03,Electronics,S04,Store 04,West,4,1731.23,0.0,False,False,Clear,32,SUP-03,14,1,1355.34,False,6924.92,1503.5600000000004
2025-09-15,P003,Core collection 03,Electronics,S04,Store 04,West,6,1731.23,0.0,False,False,Clear,26,SUP-03,14,0,1355.34,False,10387.380000000001,2255.3400000000006
2025-09-16,P003,Core collection 03,Electronics,S04,Store 04,West,3,1731.23,0.0,False,False,Clear,23,SUP-03,14,0,1355.34,False,5193.6900000000005,1127.6700000000003
2025-09-17,P003,Core collection 03,Electronics,S04,Store 04,West,3,1731.23,0.0,False,False,Clear,89,SUP-03,14,0,1355.34,False,5193.6900000000005,1127.6700000000003
2025-09-18,P003,Core collection 03,Electronics,S04,Store 04,West,2,1731.23,0.0,False,False,Clear,87,SUP-03,14,0,1355.34,False,3462.46,751.7800000000002
2025-09-19,P003,Core collection 03,Electronics,S04,Store 04,West,5,1731.23,0.0,False,False,Clear,82,SUP-03,14,0,1355.34,False,8656.15,1879.4500000000005
2025-09-20,P003,Core collection 03,Electronics,S04,Store 04,West,8,1731.23,0.0,False,False,Clear,74,SUP-03,14,0,1355.34,False,13849.84,3007.120000000001
2025-09-21,P003,Core collection 03,Electronics,S04,Store 04,West,6,1731.23,0.0,False,False,Clear,68,SUP-03,14,0,1355.34,False,10387.380000000001,2255.3400000000006
2025-09-22,P003,Core collection 03,Electronics,S04,Store 04,West,4,1731.23,0.0,False,False,Clear,64,SUP-03,14,0,1355.34,False,6924.92,1503.5600000000004
2025-09-23,P003,Core collection 03,Electronics,S04,Store 04,West,6,1731.23,0.0,False,False,Clear,58,SUP-03,14,0,1355.34,False,10387.380000000001,2255.3400000000006
2025-09-24,P003,Core collection 03,Electronics,S04,Store 04,West,4,1731.23,0.0,False,False,Clear,54,SUP-03,14,0,1355.34,False,6924.92,1503.5600000000004
2025-09-25,P003,Core collection 03,Electronics,S04,Store 04,West,7,1731.23,0.0,False,False,Clear,47,SUP-03,14,0,1355.34,False,12118.61,2631.2300000000005
2025-09-26,P003,Core collection 03,Electronics,S04,Store 04,West,4,1731.23,0.0,False,False,Clear,43,SUP-03,14,0,1355.34,False,6924.92,1503.5600000000004
2025-09-27,P003,Core collection 03,Electronics,S04,Store 04,West,9,1731.23,0.0,False,False,Clear,34,SUP-03,14,1,1355.34,False,15581.07,3383.010000000001
2025-09-28,P003,Core collection 03,Electronics,S04,Store 04,West,11,1731.23,0.0,False,False,Clear,23,SUP-03,14,0,1355.34,False,19043.53,4134.790000000001
2025-09-29,P003,Core collection 03,Electronics,S04,Store 04,West,5,1731.23,0.0,False,False,Clear,18,SUP-03,14,1,1355.34,False,8656.15,1879.4500000000005
2025-09-30,P003,Core collection 03,Electronics,S04,Store 04,West,10,1731.23,0.0,False,False,Clear,8,SUP-03,14,0,1355.34,False,17312.3,3758.900000000001
2025-10-01,P003,Core collection 03,Electronics,S04,Store 04,West,6,1731.23,0.0,False,False,Clear,72,SUP-03,14,0,1355.34,False,10387.380000000001,2255.3400000000006
2025-10-02,P003,Core collection 03,Electronics,S04,Store 04,West,4,1731.23,0.0,False,True,Clear,68,SUP-03,14,0,1355.34,False,6924.92,1503.5600000000004
2025-10-03,P003,Core collection 03,Electronics,S04,Store 04,West,7,1731.23,0.0,False,False,Clear,61,SUP-03,14,0,1355.34,False,12118.61,2631.2300000000005
2025-10-04,P003,Core collection 03,Electronics,S04,Store 04,West,10,1731.23,0.0,False,False,Rain,51,SUP-03,14,0,1355.34,False,17312.3,3758.900000000001
2025-10-05,P003,Core collection 03,Electronics,S04,Store 04,West,10,1731.23,0.0,False,False,Clear,41,SUP-03,14,0,1355.34,False,17312.3,3758.900000000001
2025-10-06,P003,Core collection 03,Electronics,S04,Store 04,West,7,1731.23,0.0,False,False,Clear,34,SUP-03,14,0,1355.34,False,12118.61,2631.2300000000005
2025-10-07,P003,Core collection 03,Electronics,S04,Store 04,West,5,1731.23,0.0,False,False,Clear,29,SUP-03,14,0,1355.34,False,8656.15,1879.4500000000005
2025-10-08,P003,Core collection 03,Electronics,S04,Store 04,West,4,1731.23,0.0,False,False,Clear,25,SUP-03,14,0,1355.34,False,6924.92,1503.5600000000004
2025-10-09,P003,Core collection 03,Electronics,S04,Store 04,West,6,1731.23,0.0,False,False,Clear,19,SUP-03,14,0,1355.34,False,10387.380000000001,2255.3400000000006
2025-10-10,P003,Core collection 03,Electronics,S04,Store 04,West,4,1731.23,0.0,False,False,Clear,15,SUP-03,14,0,1355.34,False,6924.92,1503.5600000000004
2025-10-11,P003,Core collection 03,Electronics,S04,Store 04,West,8,1731.23,0.0,False,False,Clear,7,SUP-03,14,0,1355.34,False,13849.84,3007.120000000001
2025-10-12,P003,Core collection 03,Electronics,S04,Store 04,West,4,1731.23,0.0,False,False,Clear,3,SUP-03,14,0,1355.34,False,6924.92,1503.5600000000004
2025-10-13,P003,Core collection 03,Electronics,S04,Store 04,West,3,1731.23,0.0,False,False,Clear,0,SUP-03,14,1,1355.34,True,5193.6900000000005,1127.6700000000003
2025-10-14,P003,Core collection 03,Electronics,S04,Store 04,West,0,1731.23,0.0,False,False,Clear,0,SUP-03,14,0,1355.34,True,0.0,0.0
2025-10-15,P003,Core collection 03,Electronics,S04,Store 04,West,5,1731.23,0.0,False,False,Clear,67,SUP-03,14,1,1355.34,False,8656.15,1879.4500000000005
2025-10-16,P003,Core collection 03,Electronics,S04,Store 04,West,2,1731.23,0.0,False,False,Clear,65,SUP-03,14,0,1355.34,False,3462.46,751.7800000000002
2025-10-17,P003,Core collection 03,Electronics,S04,Store 04,West,5,1731.23,0.0,False,False,Rain,60,SUP-03,14,0,1355.34,False,8656.15,1879.4500000000005
2025-10-18,P003,Core collection 03,Electronics,S04,Store 04,West,5,1471.55,0.15,True,False,Clear,55,SUP-03,14,0,1355.34,False,7357.75,581.0500000000002
2025-10-19,P003,Core collection 03,Electronics,S04,Store 04,West,5,1731.23,0.0,False,False,Clear,50,SUP-03,14,0,1355.34,False,8656.15,1879.4500000000005
2025-10-20,P003,Core collection 03,Electronics,S04,Store 04,West,3,1731.23,0.0,False,False,Clear,47,SUP-03,14,0,1355.34,False,5193.6900000000005,1127.6700000000003
2025-10-21,P003,Core collection 03,Electronics,S04,Store 04,West,5,1731.23,0.0,False,False,Clear,42,SUP-03,14,0,1355.34,False,8656.15,1879.4500000000005
2025-10-22,P003,Core collection 03,Electronics,S04,Store 04,West,8,1731.23,0.0,False,False,Clear,34,SUP-03,14,0,1355.34,False,13849.84,3007.120000000001
2025-10-23,P003,Core collection 03,Electronics,S04,Store 04,West,3,1731.23,0.0,False,False,Clear,31,SUP-03,14,0,1355.34,False,5193.6900000000005,1127.6700000000003
2025-10-24,P003,Core collection 03,Electronics,S04,Store 04,West,6,1731.23,0.0,False,False,Clear,25,SUP-03,14,0,1355.34,False,10387.380000000001,2255.3400000000006
2025-10-25,P003,Core collection 03,Electronics,S04,Store 04,West,9,1731.23,0.0,False,False,Clear,16,SUP-03,14,0,1355.34,False,15581.07,3383.010000000001
2025-10-26,P003,Core collection 03,Electronics,S04,Store 04,West,6,1731.23,0.0,False,False,Clear,10,SUP-03,14,0,1355.34,False,10387.380000000001,2255.3400000000006
2025-10-27,P003,Core collection 03,Electronics,S04,Store 04,West,4,1731.23,0.0,False,False,Clear,6,SUP-03,14,0,1355.34,False,6924.92,1503.5600000000004
2025-10-28,P003,Core collection 03,Electronics,S04,Store 04,West,6,1731.23,0.0,False,False,Clear,0,SUP-03,14,0,1355.34,True,10387.380000000001,2255.3400000000006
2025-10-29,P003,Core collection 03,Electronics,S04,Store 04,West,7,1731.23,0.0,False,False,Clear,73,SUP-03,14,0,1355.34,False,12118.61,2631.2300000000005
2025-10-30,P003,Core collection 03,Electronics,S04,Store 04,West,13,1731.23,0.0,False,False,Clear,60,SUP-03,14,0,1355.34,False,22505.99,4886.5700000000015
2025-10-31,P003,Core collection 03,Electronics,S04,Store 04,West,11,1731.23,0.0,False,False,Clear,49,SUP-03,14,0,1355.34,False,19043.53,4134.790000000001
2025-11-01,P003,Core collection 03,Electronics,S04,Store 04,West,11,1731.23,0.0,False,False,Clear,38,SUP-03,14,0,1355.34,False,19043.53,4134.790000000001
2025-11-02,P003,Core collection 03,Electronics,S04,Store 04,West,4,1731.23,0.0,False,False,Clear,34,SUP-03,14,2,1355.34,False,6924.92,1503.5600000000004
2025-11-03,P003,Core collection 03,Electronics,S04,Store 04,West,11,1731.23,0.0,False,False,Clear,23,SUP-03,14,1,1355.34,False,19043.53,4134.790000000001
2025-11-04,P003,Core collection 03,Electronics,S04,Store 04,West,8,1731.23,0.0,False,False,Clear,15,SUP-03,14,1,1355.34,False,13849.84,3007.120000000001
2025-11-05,P003,Core collection 03,Electronics,S04,Store 04,West,8,1731.23,0.0,False,False,Clear,7,SUP-03,14,0,1355.34,False,13849.84,3007.120000000001
2025-11-06,P003,Core collection 03,Electronics,S04,Store 04,West,7,1731.23,0.0,False,False,Clear,0,SUP-03,14,0,1355.34,True,12118.61,2631.2300000000005
2025-11-07,P003,Core collection 03,Electronics,S04,Store 04,West,0,1731.23,0.0,False,False,Clear,0,SUP-03,14,0,1355.34,True,0.0,0.0
2025-11-08,P003,Core collection 03,Electronics,S04,Store 04,West,0,1731.23,0.0,False,False,Clear,0,SUP-03,14,0,1355.34,True,0.0,0.0
2025-11-09,P003,Core collection 03,Electronics,S04,Store 04,West,0,1731.23,0.0,False,False,Clear,0,SUP-03,14,0,1355.34,True,0.0,0.0
2025-11-10,P003,Core collection 03,Electronics,S04,Store 04,West,0,1731.23,0.0,False,False,Clear,0,SUP-03,14,0,1355.34,True,0.0,0.0
2025-11-11,P003,Core collection 03,Electronics,S04,Store 04,West,0,1731.23,0.0,False,False,Clear,0,SUP-03,14,0,1355.34,True,0.0,0.0
2025-11-12,P003,Core collection 03,Electronics,S04,Store 04,West,3,1731.23,0.0,False,False,Clear,77,SUP-03,14,0,1355.34,False,5193.6900000000005,1127.6700000000003
2025-11-13,P003,Core collection 03,Electronics,S04,Store 04,West,6,1731.23,0.0,False,False,Clear,71,SUP-03,14,0,1355.34,False,10387.380000000001,2255.3400000000006
2025-11-14,P003,Core collection 03,Electronics,S04,Store 04,West,3,1731.23,0.0,False,False,Clear,68,SUP-03,14,0,1355.34,False,5193.6900000000005,1127.6700000000003
2025-11-15,P003,Core collection 03,Electronics,S04,Store 04,West,7,1731.23,0.0,False,False,Clear,61,SUP-03,14,1,1355.34,False,12118.61,2631.2300000000005
2025-11-16,P003,Core collection 03,Electronics,S04,Store 04,West,3,1731.23,0.0,False,False,Clear,58,SUP-03,14,0,1355.34,False,5193.6900000000005,1127.6700000000003
2025-11-17,P003,Core collection 03,Electronics,S04,Store 04,West,7,1731.23,0.0,False,False,Rain,51,SUP-03,14,0,1355.34,False,12118.61,2631.2300000000005
2025-11-18,P003,Core collection 03,Electronics,S04,Store 04,West,2,1731.23,0.0,False,False,Clear,49,SUP-03,14,0,1355.34,False,3462.46,751.7800000000002
2025-11-19,P003,Core collection 03,Electronics,S04,Store 04,West,3,1731.23,0.0,False,False,Clear,46,SUP-03,14,0,1355.34,False,5193.6900000000005,1127.6700000000003
2025-11-20,P003,Core collection 03,Electronics,S04,Store 04,West,3,1731.23,0.0,False,False,Clear,43,SUP-03,14,0,1355.34,False,5193.6900000000005,1127.6700000000003
2025-11-21,P003,Core collection 03,Electronics,S04,Store 04,West,1,1731.23,0.0,False,False,Clear,42,SUP-03,14,0,1355.34,False,1731.23,375.8900000000001
2025-11-22,P003,Core collection 03,Electronics,S04,Store 04,West,9,1731.23,0.0,False,False,Rain,33,SUP-03,14,0,1355.34,False,15581.07,3383.010000000001
2025-11-23,P003,Core collection 03,Electronics,S04,Store 04,West,6,1731.23,0.0,False,False,Rain,27,SUP-03,14,0,1355.34,False,10387.380000000001,2255.3400000000006
2025-11-24,P003,Core collection 03,Electronics,S04,Store 04,West,4,1731.23,0.0,False,False,Rain,23,SUP-03,14,0,1355.34,False,6924.92,1503.5600000000004
2025-11-25,P003,Core collection 03,Electronics,S04,Store 04,West,3,1731.23,0.0,False,False,Clear,20,SUP-03,14,0,1355.34,False,5193.6900000000005,1127.6700000000003
2025-11-26,P003,Core collection 03,Electronics,S04,Store 04,West,5,1731.23,0.0,False,False,Clear,85,SUP-03,14,0,1355.34,False,8656.15,1879.4500000000005
2025-11-27,P003,Core collection 03,Electronics,S04,Store 04,West,6,1731.23,0.0,False,False,Clear,79,SUP-03,14,0,1355.34,False,10387.380000000001,2255.3400000000006
2025-11-28,P003,Core collection 03,Electronics,S04,Store 04,West,4,1731.23,0.0,False,False,Clear,75,SUP-03,14,0,1355.34,False,6924.92,1503.5600000000004
2025-11-29,P003,Core collection 03,Electronics,S04,Store 04,West,8,1731.23,0.0,False,False,Clear,67,SUP-03,14,0,1355.34,False,13849.84,3007.120000000001
2025-11-30,P003,Core collection 03,Electronics,S04,Store 04,West,7,1731.23,0.0,False,False,Clear,60,SUP-03,14,0,1355.34,False,12118.61,2631.2300000000005
2025-12-01,P003,Core collection 03,Electronics,S04,Store 04,West,5,1731.23,0.0,False,False,Clear,55,SUP-03,14,0,1355.34,False,8656.15,1879.4500000000005
2025-12-02,P003,Core collection 03,Electronics,S04,Store 04,West,3,1731.23,0.0,False,False,Clear,52,SUP-03,14,1,1355.34,False,5193.6900000000005,1127.6700000000003
2025-12-03,P003,Core collection 03,Electronics,S04,Store 04,West,5,1471.55,0.15,True,False,Clear,47,SUP-03,14,0,1355.34,False,7357.75,581.0500000000002
2025-12-04,P003,Core collection 03,Electronics,S04,Store 04,West,11,1471.55,0.15,True,False,Clear,36,SUP-03,14,1,1355.34,False,16187.05,1278.3100000000004
2025-12-05,P003,Core collection 03,Electronics,S04,Store 04,West,8,1731.23,0.0,False,False,Clear,28,SUP-03,14,0,1355.34,False,13849.84,3007.120000000001
2025-12-06,P003,Core collection 03,Electronics,S04,Store 04,West,5,1731.23,0.0,False,False,Clear,23,SUP-03,14,0,1355.34,False,8656.15,1879.4500000000005
2025-12-07,P003,Core collection 03,Electronics,S04,Store 04,West,6,1731.23,0.0,False,False,Clear,17,SUP-03,14,0,1355.34,False,10387.380000000001,2255.3400000000006
2025-12-08,P003,Core collection 03,Electronics,S04,Store 04,West,4,1731.23,0.0,False,False,Clear,13,SUP-03,14,0,1355.34,False,6924.92,1503.5600000000004
2025-12-09,P003,Core collection 03,Electronics,S04,Store 04,West,4,1731.23,0.0,False,False,Clear,9,SUP-03,14,0,1355.34,False,6924.92,1503.5600000000004
2025-12-10,P003,Core collection 03,Electronics,S04,Store 04,West,3,1731.23,0.0,False,False,Clear,80,SUP-03,14,0,1355.34,False,5193.6900000000005,1127.6700000000003
2025-12-11,P003,Core collection 03,Electronics,S04,Store 04,West,4,1731.23,0.0,False,False,Clear,76,SUP-03,14,0,1355.34,False,6924.92,1503.5600000000004
2025-12-12,P003,Core collection 03,Electronics,S04,Store 04,West,7,1731.23,0.0,False,False,Clear,69,SUP-03,14,0,1355.34,False,12118.61,2631.2300000000005
2025-12-13,P003,Core collection 03,Electronics,S04,Store 04,West,3,1731.23,0.0,False,False,Clear,66,SUP-03,14,0,1355.34,False,5193.6900000000005,1127.6700000000003
2025-12-14,P003,Core collection 03,Electronics,S04,Store 04,West,5,1731.23,0.0,False,False,Clear,61,SUP-03,14,0,1355.34,False,8656.15,1879.4500000000005
2025-12-15,P003,Core collection 03,Electronics,S04,Store 04,West,8,1731.23,0.0,False,False,Clear,53,SUP-03,14,1,1355.34,False,13849.84,3007.120000000001
2025-12-16,P003,Core collection 03,Electronics,S04,Store 04,West,3,1731.23,0.0,False,False,Clear,50,SUP-03,14,0,1355.34,False,5193.6900000000005,1127.6700000000003
2025-12-17,P003,Core collection 03,Electronics,S04,Store 04,West,2,1731.23,0.0,False,False,Clear,48,SUP-03,14,0,1355.34,False,3462.46,751.7800000000002
2025-12-18,P003,Core collection 03,Electronics,S04,Store 04,West,8,1731.23,0.0,False,False,Clear,40,SUP-03,14,0,1355.34,False,13849.84,3007.120000000001
2025-12-19,P003,Core collection 03,Electronics,S04,Store 04,West,3,1731.23,0.0,False,False,Clear,37,SUP-03,14,0,1355.34,False,5193.6900000000005,1127.6700000000003
2025-12-20,P003,Core collection 03,Electronics,S04,Store 04,West,7,1731.23,0.0,False,False,Rain,30,SUP-03,14,0,1355.34,False,12118.61,2631.2300000000005
2025-12-21,P003,Core collection 03,Electronics,S04,Store 04,West,4,1731.23,0.0,False,False,Clear,26,SUP-03,14,0,1355.34,False,6924.92,1503.5600000000004
2025-12-22,P003,Core collection 03,Electronics,S04,Store 04,West,2,1731.23,0.0,False,False,Rain,24,SUP-03,14,0,1355.34,False,3462.46,751.7800000000002
2025-12-23,P003,Core collection 03,Electronics,S04,Store 04,West,1,1731.23,0.0,False,False,Clear,23,SUP-03,14,0,1355.34,False,1731.23,375.8900000000001
2025-12-24,P003,Core collection 03,Electronics,S04,Store 04,West,8,1731.23,0.0,False,False,Rain,84,SUP-03,14,0,1355.34,False,13849.84,3007.120000000001
2025-12-25,P003,Core collection 03,Electronics,S04,Store 04,West,11,1731.23,0.0,False,True,Rain,73,SUP-03,14,0,1355.34,False,19043.53,4134.790000000001
2025-12-26,P003,Core collection 03,Electronics,S04,Store 04,West,4,1384.98,0.2,True,False,Clear,69,SUP-03,14,1,1355.34,False,5539.92,118.5600000000004
2025-12-27,P003,Core collection 03,Electronics,S04,Store 04,West,7,1731.23,0.0,False,False,Clear,62,SUP-03,14,0,1355.34,False,12118.61,2631.2300000000005
2025-12-28,P003,Core collection 03,Electronics,S04,Store 04,West,8,1731.23,0.0,False,False,Rain,54,SUP-03,14,0,1355.34,False,13849.84,3007.120000000001
2025-12-29,P003,Core collection 03,Electronics,S04,Store 04,West,3,1731.23,0.0,False,False,Clear,51,SUP-03,14,0,1355.34,False,5193.6900000000005,1127.6700000000003
2025-12-30,P003,Core collection 03,Electronics,S04,Store 04,West,4,1731.23,0.0,False,False,Clear,47,SUP-03,14,0,1355.34,False,6924.92,1503.5600000000004
2025-12-31,P003,Core collection 03,Electronics,S04,Store 04,West,9,1731.23,0.0,False,False,Clear,38,SUP-03,14,0,1355.34,False,15581.07,3383.010000000001
2025-09-03,P004,Premium kit 04,Home,S01,Store 01,North,20,390.01,0.0,False,False,Clear,170,SUP-04,14,1,266.95,False,7800.2,2461.2
2025-09-04,P004,Premium kit 04,Home,S01,Store 01,North,12,390.01,0.0,False,False,Clear,158,SUP-04,14,0,266.95,False,4680.12,1476.72
2025-09-05,P004,Premium kit 04,Home,S01,Store 01,North,15,390.01,0.0,False,False,Clear,143,SUP-04,14,1,266.95,False,5850.15,1845.9
2025-09-06,P004,Premium kit 04,Home,S01,Store 01,North,24,390.01,0.0,False,False,Clear,119,SUP-04,14,0,266.95,False,9360.24,2953.44
2025-09-07,P004,Premium kit 04,Home,S01,Store 01,North,19,390.01,0.0,False,False,Clear,100,SUP-04,14,0,266.95,False,7410.19,2338.14
2025-09-08,P004,Premium kit 04,Home,S01,Store 01,North,13,390.01,0.0,False,False,Clear,87,SUP-04,14,1,266.95,False,5070.13,1599.78
2025-09-09,P004,Premium kit 04,Home,S01,Store 01,North,8,390.01,0.0,False,False,Clear,79,SUP-04,14,0,266.95,False,3120.08,984.48
2025-09-10,P004,Premium kit 04,Home,S01,Store 01,North,15,390.01,0.0,False,False,Clear,64,SUP-04,14,0,266.95,False,5850.15,1845.9
2025-09-11,P004,Premium kit 04,Home,S01,Store 01,North,15,390.01,0.0,False,False,Clear,49,SUP-04,14,1,266.95,False,5850.15,1845.9
2025-09-12,P004,Premium kit 04,Home,S01,Store 01,North,7,390.01,0.0,False,False,Rain,42,SUP-04,14,0,266.95,False,2730.0699999999997,861.4200000000001
2025-09-13,P004,Premium kit 04,Home,S01,Store 01,North,11,331.51,0.15,True,False,Clear,31,SUP-04,14,0,266.95,False,3646.6099999999997,710.1600000000001
2025-09-14,P004,Premium kit 04,Home,S01,Store 01,North,10,390.01,0.0,False,False,Clear,21,SUP-04,14,0,266.95,False,3900.1,1230.6
2025-09-15,P004,Premium kit 04,Home,S01,Store 01,North,16,390.01,0.0,False,False,Clear,5,SUP-04,14,0,266.95,False,6240.16,1968.96
2025-09-16,P004,Premium kit 04,Home,S01,Store 01,North,5,390.01,0.0,False,False,Clear,0,SUP-04,14,1,266.95,True,1950.05,615.3
2025-09-17,P004,Premium kit 04,Home,S01,Store 01,North,15,390.01,0.0,False,False,Clear,189,SUP-04,14,0,266.95,False,5850.15,1845.9
2025-09-18,P004,Premium kit 04,Home,S01,Store 01,North,17,390.01,0.0,False,False,Clear,172,SUP-04,14,1,266.95,False,6630.17,2092.02
2025-09-19,P004,Premium kit 04,Home,S01,Store 01,North,7,390.01,0.0,False,False,Clear,165,SUP-04,14,0,266.95,False,2730.0699999999997,861.4200000000001
2025-09-20,P004,Premium kit 04,Home,S01,Store 01,North,18,390.01,0.0,False,False,Clear,147,SUP-04,14,0,266.95,False,7020.18,2215.08
2025-09-21,P004,Premium kit 04,Home,S01,Store 01,North,18,390.01,0.0,False,False,Clear,129,SUP-04,14,0,266.95,False,7020.18,2215.08
2025-09-22,P004,Premium kit 04,Home,S01,Store 01,North,14,390.01,0.0,False,False,Clear,115,SUP-04,14,0,266.95,False,5460.139999999999,1722.8400000000001
2025-09-23,P004,Premium kit 04,Home,S01,Store 01,North,15,390.01,0.0,False,False,Clear,100,SUP-04,14,0,266.95,False,5850.15,1845.9
2025-09-24,P004,Premium kit 04,Home,S01,Store 01,North,16,390.01,0.0,False,False,Clear,84,SUP-04,14,0,266.95,False,6240.16,1968.96
2025-09-25,P004,Premium kit 04,Home,S01,Store 01,North,21,390.01,0.0,False,False,Clear,63,SUP-04,14,0,266.95,False,8190.21,2584.26
2025-09-26,P004,Premium kit 04,Home,S01,Store 01,North,18,390.01,0.0,False,False,Clear,45,SUP-04,14,0,266.95,False,7020.18,2215.08
2025-09-27,P004,Premium kit 04,Home,S01,Store 01,North,26,390.01,0.0,False,False,Clear,19,SUP-04,14,0,266.95,False,10140.26,3199.56
2025-09-28,P004,Premium kit 04,Home,S01,Store 01,North,16,390.01,0.0,False,False,Clear,3,SUP-04,14,0,266.95,False,6240.16,1968.96
2025-09-29,P004,Premium kit 04,Home,S01,Store 01,North,3,390.01,0.0,False,False,Clear,0,SUP-04,14,0,266.95,True,1170.03,369.18
2025-09-30,P004,Premium kit 04,Home,S01,Store 01,North,0,390.01,0.0,False,False,Rain,0,SUP-04,14,0,266.95,True,0.0,0.0
2025-10-01,P004,Premium kit 04,Home,S01,Store 01,North,18,390.01,0.0,False,False,Clear,197,SUP-04,14,0,266.95,False,7020.18,2215.08
2025-10-02,P004,Premium kit 04,Home,S01,Store 01,North,25,312.01,0.2,True,True,Clear,172,SUP-04,14,1,266.95,False,7800.25,1126.5
2025-10-03,P004,Premium kit 04,Home,S01,Store 01,North,10,390.01,0.0,False,False,Clear,162,SUP-04,14,0,266.95,False,3900.1,1230.6
2025-10-04,P004,Premium kit 04,Home,S01,Store 01,North,13,370.51,0.05,True,False,Clear,149,SUP-04,14,0,266.95,False,4816.63,1346.28
2025-10-05,P004,Premium kit 04,Home,S01,Store 01,North,23,390.01,0.0,False,False,Rain,126,SUP-04,14,2,266.95,False,8970.23,2830.38
2025-10-06,P004,Premium kit 04,Home,S01,Store 01,North,21,390.01,0.0,False,False,Clear,105,SUP-04,14,1,266.95,False,8190.21,2584.26
2025-10-07,P004,Premium kit 04,Home,S01,Store 01,North,15,390.01,0.0,False,False,Clear,90,SUP-04,14,2,266.95,False,5850.15,1845.9
2025-10-08,P004,Premium kit 04,Home,S01,Store 01,North,20,390.01,0.0,False,False,Clear,70,SUP-04,14,0,266.95,False,7800.2,2461.2
2025-10-09,P004,Premium kit 04,Home,S01,Store 01,North,18,390.01,0.0,False,False,Clear,52,SUP-04,14,0,266.95,False,7020.18,2215.08
2025-10-10,P004,Premium kit 04,Home,S01,Store 01,North,11,390.01,0.0,False,False,Clear,41,SUP-04,14,0,266.95,False,4290.11,1353.66
2025-10-11,P004,Premium kit 04,Home,S01,Store 01,North,8,390.01,0.0,False,False,Rain,33,SUP-04,14,1,266.95,False,3120.08,984.48
2025-10-12,P004,Premium kit 04,Home,S01,Store 01,North,18,390.01,0.0,False,False,Clear,15,SUP-04,14,0,266.95,False,7020.18,2215.08
2025-10-13,P004,Premium kit 04,Home,S01,Store 01,North,11,390.01,0.0,False,False,Rain,4,SUP-04,14,0,266.95,False,4290.11,1353.66
2025-10-14,P004,Premium kit 04,Home,S01,Store 01,North,4,331.51,0.15,True,False,Rain,0,SUP-04,14,0,266.95,True,1326.04,258.24
2025-10-15,P004,Premium kit 04,Home,S01,Store 01,North,10,390.01,0.0,False,False,Clear,193,SUP-04,14,0,266.95,False,3900.1,1230.6
2025-10-16,P004,Premium kit 04,Home,S01,Store 01,North,9,390.01,0.0,False,False,Clear,184,SUP-04,14,0,266.95,False,3510.09,1107.54
2025-10-17,P004,Premium kit 04,Home,S01,Store 01,North,9,390.01,0.0,False,False,Clear,175,SUP-04,14,0,266.95,False,3510.09,1107.54
2025-10-18,P004,Premium kit 04,Home,S01,Store 01,North,18,390.01,0.0,False,False,Clear,157,SUP-04,14,0,266.95,False,7020.18,2215.08
2025-10-19,P004,Premium kit 04,Home,S01,Store 01,North,27,390.01,0.0,False,False,Clear,130,SUP-04,14,1,266.95,False,10530.27,3322.62
2025-10-20,P004,Premium kit 04,Home,S01,Store 01,North,17,390.01,0.0,False,False,Rain,113,SUP-04,14,0,266.95,False,6630.17,2092.02
2025-10-21,P004,Premium kit 04,Home,S01,Store 01,North,19,390.01,0.0,False,False,Clear,94,SUP-04,14,1,266.95,False,7410.19,2338.14
2025-10-22,P004,Premium kit 04,Home,S01,Store 01,North,13,390.01,0.0,False,False,Clear,81,SUP-04,14,0,266.95,False,5070.13,1599.78
2025-10-23,P004,Premium kit 04,Home,S01,Store 01,North,14,351.01,0.1,True,False,Clear,67,SUP-04,14,0,266.95,False,4914.139999999999,1176.8400000000001
2025-10-24,P004,Premium kit 04,Home,S01,Store 01,North,22,390.01,0.0,False,False,Clear,45,SUP-04,14,1,266.95,False,8580.22,2707.32
2025-10-25,P004,Premium kit 04,Home,S01,Store 01,North,31,331.51,0.15,True,False,Clear,14,SUP-04,14,0,266.95,False,10276.81,2001.3600000000001
2025-10-26,P004,Premium kit 04,Home,S01,Store 01,North,14,390.01,0.0,False,False,Rain,0,SUP-04,14,0,266.95,True,5460.139999999999,1722.8400000000001
2025-10-27,P004,Premium kit 04,Home,S01,Store 01,North,0,390.01,0.0,False,False,Clear,0,SUP-04,14,0,266.95,True,0.0,0.0
2025-10-28,P004,Premium kit 04,Home,S01,Store 01,North,0,390.01,0.0,False,False,Clear,0,SUP-04,14,0,266.95,True,0.0,0.0
2025-10-29,P004,Premium kit 04,Home,S01,Store 01,North,22,390.01,0.0,False,False,Clear,198,SUP-04,14,0,266.95,False,8580.22,2707.32
2025-10-30,P004,Premium kit 04,Home,S01,Store 01,North,13,390.01,0.0,False,False,Clear,185,SUP-04,14,0,266.95,False,5070.13,1599.78
2025-10-31,P004,Premium kit 04,Home,S01,Store 01,North,22,312.01,0.2,True,False,Rain,163,SUP-04,14,1,266.95,False,6864.219999999999,991.32
2025-11-01,P004,Premium kit 04,Home,S01,Store 01,North,26,331.51,0.15,True,False,Clear,137,SUP-04,14,0,266.95,False,8619.26,1678.56
2025-11-02,P004,Premium kit 04,Home,S01,Store 01,North,13,390.01,0.0,False,False,Clear,124,SUP-04,14,0,266.95,False,5070.13,1599.78
2025-11-03,P004,Premium kit 04,Home,S01,Store 01,North,17,390.01,0.0,False,False,Clear,107,SUP-04,14,0,266.95,False,6630.17,2092.02
2025-11-04,P004,Premium kit 04,Home,S01,Store 01,North,12,390.01,0.0,False,False,Rain,95,SUP-04,14,1,266.95,False,4680.12,1476.72
2025-11-05,P004,Premium kit 04,Home,S01,Store 01,North,14,390.01,0.0,False,False,Clear,81,SUP-04,14,0,266.95,False,5460.139999999999,1722.8400000000001
2025-11-06,P004,Premium kit 04,Home,S01,Store 01,North,18,390.01,0.0,False,False,Clear,63,SUP-04,14,0,266.95,False,7020.18,2215.08
2025-11-07,P004,Premium kit 04,Home,S01,Store 01,North,20,390.01,0.0,False,False,Clear,43,SUP-04,14,2,266.95,False,7800.2,2461.2
2025-11-08,P004,Premium kit 04,Home,S01,Store 01,North,15,390.01,0.0,False,False,Clear,28,SUP-04,14,0,266.95,False,5850.15,1845.9
2025-11-09,P004,Premium kit 04,Home,S01,Store 01,North,11,390.01,0.0,False,False,Clear,17,SUP-04,14,0,266.95,False,4290.11,1353.66
2025-11-10,P004,Premium kit 04,Home,S01,Store 01,North,16,390.01,0.0,False,False,Clear,1,SUP-04,14,0,266.95,False,6240.16,1968.96
2025-11-11,P004,Premium kit 04,Home,S01,Store 01,North,1,390.01,0.0,False,False,Clear,0,SUP-04,14,0,266.95,True,390.01,123.06
2025-11-12,P004,Premium kit 04,Home,S01,Store 01,North,14,390.01,0.0,False,False,Clear,200,SUP-04,14,0,266.95,False,5460.139999999999,1722.8400000000001
2025-11-13,P004,Premium kit 04,Home,S01,Store 01,North,13,390.01,0.0,False,False,Clear,187,SUP-04,14,0,266.95,False,5070.13,1599.78
2025-11-14,P004,Premium kit 04,Home,S01,Store 01,North,16,390.01,0.0,False,False,Clear,171,SUP-04,14,0,266.95,False,6240.16,1968.96
2025-11-15,P004,Premium kit 04,Home,S01,Store 01,North,16,390.01,0.0,False,False,Clear,155,SUP-04,14,0,266.95,False,6240.16,1968.96
2025-11-16,P004,Premium kit 04,Home,S01,Store 01,North,15,390.01,0.0,False,False,Clear,140,SUP-04,14,0,266.95,False,5850.15,1845.9
2025-11-17,P004,Premium kit 04,Home,S01,Store 01,North,8,390.01,0.0,False,False,Clear,132,SUP-04,14,0,266.95,False,3120.08,984.48
2025-11-18,P004,Premium kit 04,Home,S01,Store 01,North,17,390.01,0.0,False,False,Clear,115,SUP-04,14,1,266.95,False,6630.17,2092.02
2025-11-19,P004,Premium kit 04,Home,S01,Store 01,North,11,390.01,0.0,False,False,Clear,104,SUP-04,14,0,266.95,False,4290.11,1353.66
2025-11-20,P004,Premium kit 04,Home,S01,Store 01,North,15,390.01,0.0,False,False,Clear,89,SUP-04,14,0,266.95,False,5850.15,1845.9
2025-11-21,P004,Premium kit 04,Home,S01,Store 01,North,13,390.01,0.0,False,False,Clear,76,SUP-04,14,0,266.95,False,5070.13,1599.78
2025-11-22,P004,Premium kit 04,Home,S01,Store 01,North,26,390.01,0.0,False,False,Clear,50,SUP-04,14,1,266.95,False,10140.26,3199.56
2025-11-23,P004,Premium kit 04,Home,S01,Store 01,North,23,390.01,0.0,False,False,Clear,27,SUP-04,14,0,266.95,False,8970.23,2830.38
2025-11-24,P004,Premium kit 04,Home,S01,Store 01,North,17,390.01,0.0,False,False,Clear,10,SUP-04,14,0,266.95,False,6630.17,2092.02
2025-11-25,P004,Premium kit 04,Home,S01,Store 01,North,10,390.01,0.0,False,False,Clear,0,SUP-04,14,1,266.95,True,3900.1,1230.6
2025-11-26,P004,Premium kit 04,Home,S01,Store 01,North,27,390.01,0.0,False,False,Clear,206,SUP-04,14,0,266.95,False,10530.27,3322.62
2025-11-27,P004,Premium kit 04,Home,S01,Store 01,North,23,331.51,0.15,True,False,Clear,183,SUP-04,14,0,266.95,False,7624.73,1484.88
2025-11-28,P004,Premium kit 04,Home,S01,Store 01,North,17,390.01,0.0,False,False,Clear,166,SUP-04,14,0,266.95,False,6630.17,2092.02
2025-11-29,P004,Premium kit 04,Home,S01,Store 01,North,24,390.01,0.0,False,False,Clear,142,SUP-04,14,0,266.95,False,9360.24,2953.44
2025-11-30,P004,Premium kit 04,Home,S01,Store 01,North,20,390.01,0.0,False,False,Rain,122,SUP-04,14,0,266.95,False,7800.2,2461.2
2025-12-01,P004,Premium kit 04,Home,S01,Store 01,North,24,390.01,0.0,False,False,Clear,98,SUP-04,14,0,266.95,False,9360.24,2953.44
2025-12-02,P004,Premium kit 04,Home,S01,Store 01,North,15,390.01,0.0,False,False,Clear,83,SUP-04,14,0,266.95,False,5850.15,1845.9
2025-12-03,P004,Premium kit 04,Home,S01,Store 01,North,9,390.01,0.0,False,False,Clear,74,SUP-04,14,1,266.95,False,3510.09,1107.54
2025-12-04,P004,Premium kit 04,Home,S01,Store 01,North,21,390.01,0.0,False,False,Rain,53,SUP-04,14,0,266.95,False,8190.21,2584.26
2025-12-05,P004,Premium kit 04,Home,S01,Store 01,North,12,390.01,0.0,False,False,Clear,41,SUP-04,14,0,266.95,False,4680.12,1476.72
2025-12-06,P004,Premium kit 04,Home,S01,Store 01,North,24,312.01,0.2,True,False,Rain,17,SUP-04,14,0,266.95,False,7488.24,1081.44
2025-12-07,P004,Premium kit 04,Home,S01,Store 01,North,14,390.01,0.0,False,False,Clear,3,SUP-04,14,1,266.95,False,5460.139999999999,1722.8400000000001
2025-12-08,P004,Premium kit 04,Home,S01,Store 01,North,3,390.01,0.0,False,False,Clear,0,SUP-04,14,0,266.95,True,1170.03,369.18
2025-12-09,P004,Premium kit 04,Home,S01,Store 01,North,0,390.01,0.0,False,False,Clear,0,SUP-04,14,0,266.95,True,0.0,0.0
2025-12-10,P004,Premium kit 04,Home,S01,Store 01,North,11,390.01,0.0,False,False,Clear,189,SUP-04,14,1,266.95,False,4290.11,1353.66
2025-12-11,P004,Premium kit 04,Home,S01,Store 01,North,11,390.01,0.0,False,False,Clear,178,SUP-04,14,0,266.95,False,4290.11,1353.66
2025-12-12,P004,Premium kit 04,Home,S01,Store 01,North,14,390.01,0.0,False,False,Rain,164,SUP-04,14,0,266.95,False,5460.139999999999,1722.8400000000001
2025-12-13,P004,Premium kit 04,Home,S01,Store 01,North,13,390.01,0.0,False,False,Clear,151,SUP-04,14,0,266.95,False,5070.13,1599.78
2025-12-14,P004,Premium kit 04,Home,S01,Store 01,North,12,390.01,0.0,False,False,Clear,139,SUP-04,14,0,266.95,False,4680.12,1476.72
2025-12-15,P004,Premium kit 04,Home,S01,Store 01,North,14,390.01,0.0,False,False,Clear,125,SUP-04,14,1,266.95,False,5460.139999999999,1722.8400000000001
2025-12-16,P004,Premium kit 04,Home,S01,Store 01,North,10,390.01,0.0,False,False,Clear,115,SUP-04,14,0,266.95,False,3900.1,1230.6
2025-12-17,P004,Premium kit 04,Home,S01,Store 01,North,9,390.01,0.0,False,False,Clear,106,SUP-04,14,0,266.95,False,3510.09,1107.54
2025-12-18,P004,Premium kit 04,Home,S01,Store 01,North,13,390.01,0.0,False,False,Clear,93,SUP-04,14,1,266.95,False,5070.13,1599.78
2025-12-19,P004,Premium kit 04,Home,S01,Store 01,North,15,390.01,0.0,False,False,Clear,78,SUP-04,14,0,266.95,False,5850.15,1845.9
2025-12-20,P004,Premium kit 04,Home,S01,Store 01,North,20,331.51,0.15,True,False,Clear,58,SUP-04,14,0,266.95,False,6630.2,1291.2
2025-12-21,P004,Premium kit 04,Home,S01,Store 01,North,27,351.01,0.1,True,False,Rain,31,SUP-04,14,1,266.95,False,9477.27,2269.62
2025-12-22,P004,Premium kit 04,Home,S01,Store 01,North,18,390.01,0.0,False,False,Rain,13,SUP-04,14,2,266.95,False,7020.18,2215.08
2025-12-23,P004,Premium kit 04,Home,S01,Store 01,North,11,390.01,0.0,False,False,Rain,2,SUP-04,14,0,266.95,False,4290.11,1353.66
2025-12-24,P004,Premium kit 04,Home,S01,Store 01,North,18,390.01,0.0,False,False,Clear,215,SUP-04,14,0,266.95,False,7020.18,2215.08
2025-12-25,P004,Premium kit 04,Home,S01,Store 01,North,18,390.01,0.0,False,True,Clear,197,SUP-04,14,1,266.95,False,7020.18,2215.08
2025-12-26,P004,Premium kit 04,Home,S01,Store 01,North,14,390.01,0.0,False,False,Clear,183,SUP-04,14,1,266.95,False,5460.139999999999,1722.8400000000001
2025-12-27,P004,Premium kit 04,Home,S01,Store 01,North,18,390.01,0.0,False,False,Clear,165,SUP-04,14,0,266.95,False,7020.18,2215.08
2025-12-28,P004,Premium kit 04,Home,S01,Store 01,North,22,390.01,0.0,False,False,Clear,143,SUP-04,14,0,266.95,False,8580.22,2707.32
2025-12-29,P004,Premium kit 04,Home,S01,Store 01,North,12,390.01,0.0,False,False,Clear,131,SUP-04,14,0,266.95,False,4680.12,1476.72
2025-12-30,P004,Premium kit 04,Home,S01,Store 01,North,21,390.01,0.0,False,False,Clear,110,SUP-04,14,0,266.95,False,8190.21,2584.26
2025-12-31,P004,Premium kit 04,Home,S01,Store 01,North,18,390.01,0.0,False,False,Clear,92,SUP-04,14,0,266.95,False,7020.18,2215.08
2025-09-03,P004,Premium kit 04,Home,S02,Store 02,South,23,390.01,0.0,False,False,Clear,274,SUP-04,13,0,266.95,False,8970.23,2830.38
2025-09-04,P004,Premium kit 04,Home,S02,Store 02,South,20,390.01,0.0,False,False,Clear,254,SUP-04,13,0,266.95,False,7800.2,2461.2
2025-09-05,P004,Premium kit 04,Home,S02,Store 02,South,27,331.51,0.15,True,False,Clear,227,SUP-04,13,0,266.95,False,8950.77,1743.1200000000001
2025-09-06,P004,Premium kit 04,Home,S02,Store 02,South,25,390.01,0.0,False,False,Clear,202,SUP-04,13,0,266.95,False,9750.25,3076.5
2025-09-07,P004,Premium kit 04,Home,S02,Store 02,South,20,390.01,0.0,False,False,Clear,182,SUP-04,13,0,266.95,False,7800.2,2461.2
2025-09-08,P004,Premium kit 04,Home,S02,Store 02,South,15,390.01,0.0,False,False,Clear,167,SUP-04,13,0,266.95,False,5850.15,1845.9
2025-09-09,P004,Premium kit 04,Home,S02,Store 02,South,8,390.01,0.0,False,False,Rain,159,SUP-04,13,0,266.95,False,3120.08,984.48
2025-09-10,P004,Premium kit 04,Home,S02,Store 02,South,24,370.51,0.05,True,False,Clear,135,SUP-04,13,0,266.95,False,8892.24,2485.44
2025-09-11,P004,Premium kit 04,Home,S02,Store 02,South,12,390.01,0.0,False,False,Clear,123,SUP-04,13,0,266.95,False,4680.12,1476.72
2025-09-12,P004,Premium kit 04,Home,S02,Store 02,South,8,390.01,0.0,False,False,Rain,115,SUP-04,13,0,266.95,False,3120.08,984.48
2025-09-13,P004,Premium kit 04,Home,S02,Store 02,South,20,390.01,0.0,False,False,Clear,95,SUP-04,13,0,266.95,False,7800.2,2461.2
2025-09-14,P004,Premium kit 04,Home,S02,Store 02,South,17,390.01,0.0,False,False,Rain,78,SUP-04,13,0,266.95,False,6630.17,2092.02
2025-09-15,P004,Premium kit 04,Home,S02,Store 02,South,22,390.01,0.0,False,False,Clear,56,SUP-04,13,0,266.95,False,8580.22,2707.32
2025-09-16,P004,Premium kit 04,Home,S02,Store 02,South,12,390.01,0.0,False,False,Clear,245,SUP-04,13,0,266.95,False,4680.12,1476.72
2025-09-17,P004,Premium kit 04,Home,S02,Store 02,South,9,390.01,0.0,False,False,Clear,236,SUP-04,13,0,266.95,False,3510.09,1107.54
2025-09-18,P004,Premium kit 04,Home,S02,Store 02,South,16,390.01,0.0,False,False,Clear,220,SUP-04,13,0,266.95,False,6240.16,1968.96
2025-09-19,P004,Premium kit 04,Home,S02,Store 02,South,13,390.01,0.0,False,False,Clear,207,SUP-04,13,0,266.95,False,5070.13,1599.78
2025-09-20,P004,Premium kit 04,Home,S02,Store 02,South,20,390.01,0.0,False,False,Clear,187,SUP-04,13,1,266.95,False,7800.2,2461.2
2025-09-21,P004,Premium kit 04,Home,S02,Store 02,South,24,390.01,0.0,False,False,Rain,163,SUP-04,13,0,266.95,False,9360.24,2953.44
2025-09-22,P004,Premium kit 04,Home,S02,Store 02,South,15,390.01,0.0,False,False,Clear,148,SUP-04,13,0,266.95,False,5850.15,1845.9
2025-09-23,P004,Premium kit 04,Home,S02,Store 02,South,18,390.01,0.0,False,False,Clear,130,SUP-04,13,0,266.95,False,7020.18,2215.08
2025-09-24,P004,Premium kit 04,Home,S02,Store 02,South,11,390.01,0.0,False,False,Clear,119,SUP-04,13,0,266.95,False,4290.11,1353.66
2025-09-25,P004,Premium kit 04,Home,S02,Store 02,South,19,390.01,0.0,False,False,Rain,100,SUP-04,13,1,266.95,False,7410.19,2338.14
2025-09-26,P004,Premium kit 04,Home,S02,Store 02,South,22,390.01,0.0,False,False,Clear,78,SUP-04,13,0,266.95,False,8580.22,2707.32
2025-09-27,P004,Premium kit 04,Home,S02,Store 02,South,21,390.01,0.0,False,False,Clear,57,SUP-04,13,0,266.95,False,8190.21,2584.26
2025-09-28,P004,Premium kit 04,Home,S02,Store 02,South,31,390.01,0.0,False,False,Clear,26,SUP-04,13,2,266.95,False,12090.31,3814.86
2025-09-29,P004,Premium kit 04,Home,S02,Store 02,South,18,351.01,0.1,True,False,Clear,220,SUP-04,13,1,266.95,False,6318.18,1513.08
2025-09-30,P004,Premium kit 04,Home,S02,Store 02,South,19,390.01,0.0,False,False,Clear,201,SUP-04,13,1,266.95,False,7410.19,2338.14
2025-10-01,P004,Premium kit 04,Home,S02,Store 02,South,14,390.01,0.0,False,False,Clear,187,SUP-04,13,1,266.95,False,5460.139999999999,1722.8400000000001
2025-10-02,P004,Premium kit 04,Home,S02,Store 02,South,27,390.01,0.0,False,True,Clear,160,SUP-04,13,1,266.95,False,10530.27,3322.62
2025-10-03,P004,Premium kit 04,Home,S02,Store 02,South,16,390.01,0.0,False,False,Clear,144,SUP-04,13,0,266.95,False,6240.16,1968.96
2025-10-04,P004,Premium kit 04,Home,S02,Store 02,South,18,390.01,0.0,False,False,Rain,126,SUP-04,13,1,266.95,False,7020.18,2215.08
2025-10-05,P004,Premium kit 04,Home,S02,Store 02,South,22,331.51,0.15,True,False,Rain,104,SUP-04,13,0,266.95,False,7293.219999999999,1420.3200000000002
2025-10-06,P004,Premium kit 04,Home,S02,Store 02,South,18,390.01,0.0,False,False,Clear,86,SUP-04,13,0,266.95,False,7020.18,2215.08
2025-10-07,P004,Premium kit 04,Home,S02,Store 02,South,18,390.01,0.0,False,False,Clear,68,SUP-04,13,0,266.95,False,7020.18,2215.08
2025-10-08,P004,Premium kit 04,Home,S02,Store 02,South,21,390.01,0.0,False,False,Clear,47,SUP-04,13,0,266.95,False,8190.21,2584.26
2025-10-09,P004,Premium kit 04,Home,S02,Store 02,South,12,390.01,0.0,False,False,Clear,35,SUP-04,13,0,266.95,False,4680.12,1476.72
2025-10-10,P004,Premium kit 04,Home,S02,Store 02,South,17,312.01,0.2,True,False,Rain,18,SUP-04,13,1,266.95,False,5304.17,766.02
2025-10-11,P004,Premium kit 04,Home,S02,Store 02,South,18,390.01,0.0,False,False,Rain,0,SUP-04,13,0,266.95,False,7020.18,2215.08
2025-10-12,P004,Premium kit 04,Home,S02,Store 02,South,14,390.01,0.0,False,False,Clear,184,SUP-04,13,0,266.95,False,5460.139999999999,1722.8400000000001
2025-10-13,P004,Premium kit 04,Home,S02,Store 02,South,9,390.01,0.0,False,False,Clear,175,SUP-04,13,0,266.95,False,3510.09,1107.54
2025-10-14,P004,Premium kit 04,Home,S02,Store 02,South,10,390.01,0.0,False,False,Clear,165,SUP-04,13,0,266.95,False,3900.1,1230.6
2025-10-15,P004,Premium kit 04,Home,S02,Store 02,South,18,390.01,0.0,False,False,Clear,147,SUP-04,13,0,266.95,False,7020.18,2215.08
2025-10-16,P004,Premium kit 04,Home,S02,Store 02,South,17,390.01,0.0,False,False,Rain,130,SUP-04,13,0,266.95,False,6630.17,2092.02
2025-10-17,P004,Premium kit 04,Home,S02,Store 02,South,17,390.01,0.0,False,False,Clear,113,SUP-04,13,0,266.95,False,6630.17,2092.02
2025-10-18,P004,Premium kit 04,Home,S02,Store 02,South,19,390.01,0.0,False,False,Rain,94,SUP-04,13,0,266.95,False,7410.19,2338.14
2025-10-19,P004,Premium kit 04,Home,S02,Store 02,South,19,390.01,0.0,False,False,Clear,75,SUP-04,13,0,266.95,False,7410.19,2338.14
2025-10-20,P004,Premium kit 04,Home,S02,Store 02,South,20,390.01,0.0,False,False,Clear,55,SUP-04,13,0,266.95,False,7800.2,2461.2
2025-10-21,P004,Premium kit 04,Home,S02,Store 02,South,17,390.01,0.0,False,False,Clear,38,SUP-04,13,0,266.95,False,6630.17,2092.02
2025-10-22,P004,Premium kit 04,Home,S02,Store 02,South,16,390.01,0.0,False,False,Clear,22,SUP-04,13,0,266.95,False,6240.16,1968.96
2025-10-23,P004,Premium kit 04,Home,S02,Store 02,South,15,390.01,0.0,False,False,Clear,7,SUP-04,13,0,266.95,False,5850.15,1845.9
2025-10-24,P004,Premium kit 04,Home,S02,Store 02,South,7,331.51,0.15,True,False,Rain,0,SUP-04,13,0,266.95,True,2320.5699999999997,451.92
2025-10-25,P004,Premium kit 04,Home,S02,Store 02,South,20,390.01,0.0,False,False,Clear,180,SUP-04,13,0,266.95,False,7800.2,2461.2
2025-10-26,P004,Premium kit 04,Home,S02,Store 02,South,24,390.01,0.0,False,False,Clear,156,SUP-04,13,1,266.95,False,9360.24,2953.44
2025-10-27,P004,Premium kit 04,Home,S02,Store 02,South,12,390.01,0.0,False,False,Clear,144,SUP-04,13,0,266.95,False,4680.12,1476.72
2025-10-28,P004,Premium kit 04,Home,S02,Store 02,South,15,390.01,0.0,False,False,Clear,129,SUP-04,13,0,266.95,False,5850.15,1845.9
2025-10-29,P004,Premium kit 04,Home,S02,Store 02,South,18,331.51,0.15,True,False,Clear,111,SUP-04,13,0,266.95,False,5967.18,1162.08
2025-10-30,P004,Premium kit 04,Home,S02,Store 02,South,15,390.01,0.0,False,False,Clear,96,SUP-04,13,1,266.95,False,5850.15,1845.9
2025-10-31,P004,Premium kit 04,Home,S02,Store 02,South,18,390.01,0.0,False,False,Clear,78,SUP-04,13,0,266.95,False,7020.18,2215.08
2025-11-01,P004,Premium kit 04,Home,S02,Store 02,South,26,390.01,0.0,False,False,Clear,52,SUP-04,13,0,266.95,False,10140.26,3199.56
2025-11-02,P004,Premium kit 04,Home,S02,Store 02,South,18,390.01,0.0,False,False,Clear,34,SUP-04,13,0,266.95,False,7020.18,2215.08
2025-11-03,P004,Premium kit 04,Home,S02,Store 02,South,10,390.01,0.0,False,False,Clear,24,SUP-04,13,0,266.95,False,3900.1,1230.6
2025-11-04,P004,Premium kit 04,Home,S02,Store 02,South,14,390.01,0.0,False,False,Clear,10,SUP-04,13,1,266.95,False,5460.139999999999,1722.8400000000001
2025-11-05,P004,Premium kit 04,Home,S02,Store 02,South,10,390.01,0.0,False,False,Clear,0,SUP-04,13,1,266.95,True,3900.1,1230.6
2025-11-06,P004,Premium kit 04,Home,S02,Store 02,South,0,390.01,0.0,False,False,Clear,0,SUP-04,13,0,266.95,True,0.0,0.0
2025-11-07,P004,Premium kit 04,Home,S02,Store 02,South,13,390.01,0.0,False,False,Clear,198,SUP-04,13,0,266.95,False,5070.13,1599.78
2025-11-08,P004,Premium kit 04,Home,S02,Store 02,South,12,390.01,0.0,False,False,Clear,186,SUP-04,13,0,266.95,False,4680.12,1476.72
2025-11-09,P004,Premium kit 04,Home,S02,Store 02,South,15,390.01,0.0,False,False,Clear,171,SUP-04,13,0,266.95,False,5850.15,1845.9
2025-11-10,P004,Premium kit 04,Home,S02,Store 02,South,11,390.01,0.0,False,False,Clear,160,SUP-04,13,0,266.95,False,4290.11,1353.66
2025-11-11,P004,Premium kit 04,Home,S02,Store 02,South,14,390.01,0.0,False,False,Clear,146,SUP-04,13,0,266.95,False,5460.139999999999,1722.8400000000001
2025-11-12,P004,Premium kit 04,Home,S02,Store 02,South,8,390.01,0.0,False,False,Clear,138,SUP-04,13,0,266.95,False,3120.08,984.48
2025-11-13,P004,Premium kit 04,Home,S02,Store 02,South,10,390.01,0.0,False,False,Clear,128,SUP-04,13,0,266.95,False,3900.1,1230.6
2025-11-14,P004,Premium kit 04,Home,S02,Store 02,South,15,390.01,0.0,False,False,Clear,113,SUP-04,13,0,266.95,False,5850.15,1845.9
2025-11-15,P004,Premium kit 04,Home,S02,Store 02,South,18,390.01,0.0,False,False,Clear,95,SUP-04,13,1,266.95,False,7020.18,2215.08
2025-11-16,P004,Premium kit 04,Home,S02,Store 02,South,12,390.01,0.0,False,False,Clear,83,SUP-04,13,0,266.95,False,4680.12,1476.72
2025-11-17,P004,Premium kit 04,Home,S02,Store 02,South,22,390.01,0.0,False,False,Clear,61,SUP-04,13,0,266.95,False,8580.22,2707.32
2025-11-18,P004,Premium kit 04,Home,S02,Store 02,South,22,331.51,0.15,True,False,Clear,39,SUP-04,13,0,266.95,False,7293.219999999999,1420.3200000000002
2025-11-19,P004,Premium kit 04,Home,S02,Store 02,South,12,390.01,0.0,False,False,Clear,27,SUP-04,13,0,266.95,False,4680.12,1476.72
2025-11-20,P004,Premium kit 04,Home,S02,Store 02,South,13,390.01,0.0,False,False,Clear,204,SUP-04,13,0,266.95,False,5070.13,1599.78
2025-11-21,P004,Premium kit 04,Home,S02,Store 02,South,18,390.01,0.0,False,False,Clear,186,SUP-04,13,0,266.95,False,7020.18,2215.08
2025-11-22,P004,Premium kit 04,Home,S02,Store 02,South,28,390.01,0.0,False,False,Clear,158,SUP-04,13,2,266.95,False,10920.279999999999,3445.6800000000003
2025-11-23,P004,Premium kit 04,Home,S02,Store 02,South,22,390.01,0.0,False,False,Rain,136,SUP-04,13,0,266.95,False,8580.22,2707.32
2025-11-24,P004,Premium kit 04,Home,S02,Store 02,South,16,390.01,0.0,False,False,Clear,120,SUP-04,13,0,266.95,False,6240.16,1968.96
2025-11-25,P004,Premium kit 04,Home,S02,Store 02,South,19,390.01,0.0,False,False,Rain,101,SUP-04,13,0,266.95,False,7410.19,2338.14
2025-11-26,P004,Premium kit 04,Home,S02,Store 02,South,14,390.01,0.0,False,False,Clear,87,SUP-04,13,1,266.95,False,5460.139999999999,1722.8400000000001
2025-11-27,P004,Premium kit 04,Home,S02,Store 02,South,16,312.01,0.2,True,False,Clear,71,SUP-04,13,0,266.95,False,4992.16,720.96
2025-11-28,P004,Premium kit 04,Home,S02,Store 02,South,20,390.01,0.0,False,False,Clear,51,SUP-04,13,0,266.95,False,7800.2,2461.2
2025-11-29,P004,Premium kit 04,Home,S02,Store 02,South,21,390.01,0.0,False,False,Clear,30,SUP-04,13,0,266.95,False,8190.21,2584.26
2025-11-30,P004,Premium kit 04,Home,S02,Store 02,South,21,390.01,0.0,False,False,Clear,9,SUP-04,13,0,266.95,False,8190.21,2584.26
2025-12-01,P004,Premium kit 04,Home,S02,Store 02,South,9,390.01,0.0,False,False,Clear,0,SUP-04,13,0,266.95,True,3510.09,1107.54
2025-12-02,P004,Premium kit 04,Home,S02,Store 02,South,0,390.01,0.0,False,False,Clear,0,SUP-04,13,0,266.95,True,0.0,0.0
2025-12-03,P004,Premium kit 04,Home,S02,Store 02,South,16,390.01,0.0,False,False,Clear,168,SUP-04,13,0,266.95,False,6240.16,1968.96
2025-12-04,P004,Premium kit 04,Home,S02,Store 02,South,12,390.01,0.0,False,False,Rain,156,SUP-04,13,0,266.95,False,4680.12,1476.72
2025-12-05,P004,Premium kit 04,Home,S02,Store 02,South,9,390.01,0.0,False,False,Clear,147,SUP-04,13,0,266.95,False,3510.09,1107.54
2025-12-06,P004,Premium kit 04,Home,S02,Store 02,South,10,390.01,0.0,False,False,Clear,137,SUP-04,13,1,266.95,False,3900.1,1230.6
2025-12-07,P004,Premium kit 04,Home,S02,Store 02,South,14,390.01,0.0,False,False,Clear,123,SUP-04,13,0,266.95,False,5460.139999999999,1722.8400000000001
2025-12-08,P004,Premium kit 04,Home,S02,Store 02,South,9,390.01,0.0,False,False,Clear,114,SUP-04,13,0,266.95,False,3510.09,1107.54
2025-12-09,P004,Premium kit 04,Home,S02,Store 02,South,22,370.51,0.05,True,False,Clear,92,SUP-04,13,0,266.95,False,8151.219999999999,2278.32
2025-12-10,P004,Premium kit 04,Home,S02,Store 02,South,8,390.01,0.0,False,False,Clear,84,SUP-04,13,0,266.95,False,3120.08,984.48
2025-12-11,P004,Premium kit 04,Home,S02,Store 02,South,9,390.01,0.0,False,False,Clear,75,SUP-04,13,0,266.95,False,3510.09,1107.54
2025-12-12,P004,Premium kit 04,Home,S02,Store 02,South,13,390.01,0.0,False,False,Clear,62,SUP-04,13,0,266.95,False,5070.13,1599.78
2025-12-13,P004,Premium kit 04,Home,S02,Store 02,South,9,390.01,0.0,False,False,Clear,53,SUP-04,13,0,266.95,False,3510.09,1107.54
2025-12-14,P004,Premium kit 04,Home,S02,Store 02,South,12,390.01,0.0,False,False,Clear,41,SUP-04,13,0,266.95,False,4680.12,1476.72
2025-12-15,P004,Premium kit 04,Home,S02,Store 02,South,20,312.01,0.2,True,False,Clear,21,SUP-04,13,0,266.95,False,6240.2,901.2
2025-12-16,P004,Premium kit 04,Home,S02,Store 02,South,14,390.01,0.0,False,False,Clear,208,SUP-04,13,0,266.95,False,5460.139999999999,1722.8400000000001
2025-12-17,P004,Premium kit 04,Home,S02,Store 02,South,15,390.01,0.0,False,False,Rain,193,SUP-04,13,0,266.95,False,5850.15,1845.9
2025-12-18,P004,Premium kit 04,Home,S02,Store 02,South,15,390.01,0.0,False,False,Clear,178,SUP-04,13,0,266.95,False,5850.15,1845.9
2025-12-19,P004,Premium kit 04,Home,S02,Store 02,South,21,390.01,0.0,False,False,Clear,157,SUP-04,13,0,266.95,False,8190.21,2584.26
2025-12-20,P004,Premium kit 04,Home,S02,Store 02,South,15,390.01,0.0,False,False,Rain,142,SUP-04,13,0,266.95,False,5850.15,1845.9
2025-12-21,P004,Premium kit 04,Home,S02,Store 02,South,14,390.01,0.0,False,False,Clear,128,SUP-04,13,1,266.95,False,5460.139999999999,1722.8400000000001
2025-12-22,P004,Premium kit 04,Home,S02,Store 02,South,16,390.01,0.0,False,False,Rain,112,SUP-04,13,0,266.95,False,6240.16,1968.96
2025-12-23,P004,Premium kit 04,Home,S02,Store 02,South,18,390.01,0.0,False,False,Clear,94,SUP-04,13,1,266.95,False,7020.18,2215.08
2025-12-24,P004,Premium kit 04,Home,S02,Store 02,South,11,390.01,0.0,False,False,Rain,83,SUP-04,13,0,266.95,False,4290.11,1353.66
2025-12-25,P004,Premium kit 04,Home,S02,Store 02,South,18,390.01,0.0,False,True,Clear,65,SUP-04,13,1,266.95,False,7020.18,2215.08
2025-12-26,P004,Premium kit 04,Home,S02,Store 02,South,16,390.01,0.0,False,False,Clear,49,SUP-04,13,0,266.95,False,6240.16,1968.96
2025-12-27,P004,Premium kit 04,Home,S02,Store 02,South,19,390.01,0.0,False,False,Clear,30,SUP-04,13,0,266.95,False,7410.19,2338.14
2025-12-28,P004,Premium kit 04,Home,S02,Store 02,South,30,390.01,0.0,False,False,Clear,0,SUP-04,13,0,266.95,True,11700.3,3691.8
2025-12-29,P004,Premium kit 04,Home,S02,Store 02,South,6,390.01,0.0,False,False,Clear,198,SUP-04,13,0,266.95,False,2340.06,738.36
2025-12-30,P004,Premium kit 04,Home,S02,Store 02,South,14,390.01,0.0,False,False,Clear,184,SUP-04,13,0,266.95,False,5460.139999999999,1722.8400000000001
2025-12-31,P004,Premium kit 04,Home,S02,Store 02,South,19,390.01,0.0,False,False,Clear,165,SUP-04,13,0,266.95,False,7410.19,2338.14
2025-09-03,P004,Premium kit 04,Home,S03,Store 03,East,16,390.01,0.0,False,False,Clear,68,SUP-04,6,0,266.95,False,6240.16,1968.96
2025-09-04,P004,Premium kit 04,Home,S03,Store 03,East,14,390.01,0.0,False,False,Clear,54,SUP-04,6,1,266.95,False,5460.139999999999,1722.8400000000001
2025-09-05,P004,Premium kit 04,Home,S03,Store 03,East,13,390.01,0.0,False,False,Clear,41,SUP-04,6,0,266.95,False,5070.13,1599.78
2025-09-06,P004,Premium kit 04,Home,S03,Store 03,East,15,390.01,0.0,False,False,Clear,26,SUP-04,6,0,266.95,False,5850.15,1845.9
2025-09-07,P004,Premium kit 04,Home,S03,Store 03,East,18,390.01,0.0,False,False,Clear,8,SUP-04,6,0,266.95,False,7020.18,2215.08
2025-09-08,P004,Premium kit 04,Home,S03,Store 03,East,8,390.01,0.0,False,False,Clear,0,SUP-04,6,0,266.95,True,3120.08,984.48
2025-09-09,P004,Premium kit 04,Home,S03,Store 03,East,11,390.01,0.0,False,False,Clear,119,SUP-04,6,0,266.95,False,4290.11,1353.66
2025-09-10,P004,Premium kit 04,Home,S03,Store 03,East,18,390.01,0.0,False,False,Clear,101,SUP-04,6,0,266.95,False,7020.18,2215.08
2025-09-11,P004,Premium kit 04,Home,S03,Store 03,East,9,390.01,0.0,False,False,Rain,92,SUP-04,6,1,266.95,False,3510.09,1107.54
2025-09-12,P004,Premium kit 04,Home,S03,Store 03,East,6,390.01,0.0,False,False,Clear,86,SUP-04,6,0,266.95,False,2340.06,738.36
2025-09-13,P004,Premium kit 04,Home,S03,Store 03,East,14,390.01,0.0,False,False,Clear,72,SUP-04,6,2,266.95,False,5460.139999999999,1722.8400000000001
2025-09-14,P004,Premium kit 04,Home,S03,Store 03,East,13,390.01,0.0,False,False,Clear,59,SUP-04,6,0,266.95,False,5070.13,1599.78
2025-09-15,P004,Premium kit 04,Home,S03,Store 03,East,14,390.01,0.0,False,False,Clear,165,SUP-04,6,0,266.95,False,5460.139999999999,1722.8400000000001
2025-09-16,P004,Premium kit 04,Home,S03,Store 03,East,10,390.01,0.0,False,False,Clear,155,SUP-04,6,0,266.95,False,3900.1,1230.6
2025-09-17,P004,Premium kit 04,Home,S03,Store 03,East,11,390.01,0.0,False,False,Clear,144,SUP-04,6,0,266.95,False,4290.11,1353.66
2025-09-18,P004,Premium kit 04,Home,S03,Store 03,East,9,390.01,0.0,False,False,Clear,135,SUP-04,6,0,266.95,False,3510.09,1107.54
2025-09-19,P004,Premium kit 04,Home,S03,Store 03,East,17,390.01,0.0,False,False,Rain,118,SUP-04,6,0,266.95,False,6630.17,2092.02
2025-09-20,P004,Premium kit 04,Home,S03,Store 03,East,9,390.01,0.0,False,False,Clear,109,SUP-04,6,0,266.95,False,3510.09,1107.54
2025-09-21,P004,Premium kit 04,Home,S03,Store 03,East,25,312.01,0.2,True,False,Clear,195,SUP-04,6,1,266.95,False,7800.25,1126.5
2025-09-22,P004,Premium kit 04,Home,S03,Store 03,East,24,370.51,0.05,True,False,Clear,171,SUP-04,6,0,266.95,False,8892.24,2485.44
2025-09-23,P004,Premium kit 04,Home,S03,Store 03,East,13,390.01,0.0,False,False,Clear,158,SUP-04,6,0,266.95,False,5070.13,1599.78
2025-09-24,P004,Premium kit 04,Home,S03,Store 03,East,21,390.01,0.0,False,False,Clear,137,SUP-04,6,1,266.95,False,8190.21,2584.26
2025-09-25,P004,Premium kit 04,Home,S03,Store 03,East,18,390.01,0.0,False,False,Clear,119,SUP-04,6,0,266.95,False,7020.18,2215.08
2025-09-26,P004,Premium kit 04,Home,S03,Store 03,East,17,390.01,0.0,False,False,Clear,102,SUP-04,6,0,266.95,False,6630.17,2092.02
2025-09-27,P004,Premium kit 04,Home,S03,Store 03,East,19,390.01,0.0,False,False,Clear,205,SUP-04,6,2,266.95,False,7410.19,2338.14
2025-09-28,P004,Premium kit 04,Home,S03,Store 03,East,16,390.01,0.0,False,False,Clear,189,SUP-04,6,0,266.95,False,6240.16,1968.96
2025-09-29,P004,Premium kit 04,Home,S03,Store 03,East,24,390.01,0.0,False,False,Rain,165,SUP-04,6,0,266.95,False,9360.24,2953.44
2025-09-30,P004,Premium kit 04,Home,S03,Store 03,East,10,390.01,0.0,False,False,Clear,155,SUP-04,6,0,266.95,False,3900.1,1230.6
2025-10-01,P004,Premium kit 04,Home,S03,Store 03,East,12,390.01,0.0,False,False,Clear,143,SUP-04,6,0,266.95,False,4680.12,1476.72
2025-10-02,P004,Premium kit 04,Home,S03,Store 03,East,23,390.01,0.0,False,True,Clear,120,SUP-04,6,2,266.95,False,8970.23,2830.38
2025-10-03,P004,Premium kit 04,Home,S03,Store 03,East,11,390.01,0.0,False,False,Clear,240,SUP-04,6,0,266.95,False,4290.11,1353.66
2025-10-04,P004,Premium kit 04,Home,S03,Store 03,East,35,390.01,0.0,False,False,Clear,205,SUP-04,6,0,266.95,False,13650.35,4307.1
2025-10-05,P004,Premium kit 04,Home,S03,Store 03,East,17,390.01,0.0,False,False,Rain,188,SUP-04,6,0,266.95,False,6630.17,2092.02
2025-10-06,P004,Premium kit 04,Home,S03,Store 03,East,14,390.01,0.0,False,False,Clear,174,SUP-04,6,0,266.95,False,5460.139999999999,1722.8400000000001
2025-10-07,P004,Premium kit 04,Home,S03,Store 03,East,24,390.01,0.0,False,False,Clear,150,SUP-04,6,0,266.95,False,9360.24,2953.44
2025-10-08,P004,Premium kit 04,Home,S03,Store 03,East,16,390.01,0.0,False,False,Clear,134,SUP-04,6,0,266.95,False,6240.16,1968.96
2025-10-09,P004,Premium kit 04,Home,S03,Store 03,East,17,331.51,0.15,True,False,Clear,242,SUP-04,6,2,266.95,False,5635.67,1097.52
2025-10-10,P004,Premium kit 04,Home,S03,Store 03,East,11,390.01,0.0,False,False,Clear,231,SUP-04,6,0,266.95,False,4290.11,1353.66
2025-10-11,P004,Premium kit 04,Home,S03,Store 03,East,10,390.01,0.0,False,False,Clear,221,SUP-04,6,0,266.95,False,3900.1,1230.6
2025-10-12,P004,Premium kit 04,Home,S03,Store 03,East,14,390.01,0.0,False,False,Clear,207,SUP-04,6,0,266.95,False,5460.139999999999,1722.8400000000001
2025-10-13,P004,Premium kit 04,Home,S03,Store 03,East,14,312.01,0.2,True,False,Clear,193,SUP-04,6,0,266.95,False,4368.139999999999,630.84
2025-10-14,P004,Premium kit 04,Home,S03,Store 03,East,11,390.01,0.0,False,False,Clear,182,SUP-04,6,1,266.95,False,4290.11,1353.66
2025-10-15,P004,Premium kit 04,Home,S03,Store 03,East,8,390.01,0.0,False,False,Rain,284,SUP-04,6,0,266.95,False,3120.08,984.48
2025-10-16,P004,Premium kit 04,Home,S03,Store 03,East,17,390.01,0.0,False,False,Clear,267,SUP-04,6,1,266.95,False,6630.17,2092.02
2025-10-17,P004,Premium kit 04,Home,S03,Store 03,East,9,390.01,0.0,False,False,Clear,258,SUP-04,6,0,266.95,False,3510.09,1107.54
2025-10-18,P004,Premium kit 04,Home,S03,Store 03,East,12,390.01,0.0,False,False,Clear,246,SUP-04,6,0,266.95,False,4680.12,1476.72
2025-10-19,P004,Premium kit 04,Home,S03,Store 03,East,18,390.01,0.0,False,False,Clear,228,SUP-04,6,0,266.95,False,7020.18,2215.08
2025-10-20,P004,Premium kit 04,Home,S03,Store 03,East,22,390.01,0.0,False,False,Clear,206,SUP-04,6,0,266.95,False,8580.22,2707.32
2025-10-21,P004,Premium kit 04,Home,S03,Store 03,East,17,390.01,0.0,False,False,Clear,301,SUP-04,6,0,266.95,False,6630.17,2092.02
2025-10-22,P004,Premium kit 04,Home,S03,Store 03,East,15,351.01,0.1,True,False,Clear,286,SUP-04,6,0,266.95,False,5265.15,1260.9
2025-10-23,P004,Premium kit 04,Home,S03,Store 03,East,15,390.01,0.0,False,False,Clear,271,SUP-04,6,1,266.95,False,5850.15,1845.9
2025-10-24,P004,Premium kit 04,Home,S03,Store 03,East,16,390.01,0.0,False,False,Rain,255,SUP-04,6,0,266.95,False,6240.16,1968.96
2025-10-25,P004,Premium kit 04,Home,S03,Store 03,East,25,390.01,0.0,False,False,Clear,230,SUP-04,6,0,266.95,False,9750.25,3076.5
2025-10-26,P004,Premium kit 04,Home,S03,Store 03,East,17,390.01,0.0,False,False,Clear,213,SUP-04,6,0,266.95,False,6630.17,2092.02
2025-10-27,P004,Premium kit 04,Home,S03,Store 03,East,23,390.01,0.0,False,False,Clear,301,SUP-04,6,0,266.95,False,8970.23,2830.38
2025-10-28,P004,Premium kit 04,Home,S03,Store 03,East,17,390.01,0.0,False,False,Clear,284,SUP-04,6,0,266.95,False,6630.17,2092.02
2025-10-29,P004,Premium kit 04,Home,S03,Store 03,East,15,390.01,0.0,False,False,Rain,269,SUP-04,6,0,266.95,False,5850.15,1845.9
2025-10-30,P004,Premium kit 04,Home,S03,Store 03,East,13,390.01,0.0,False,False,Clear,256,SUP-04,6,0,266.95,False,5070.13,1599.78
2025-10-31,P004,Premium kit 04,Home,S03,Store 03,East,22,390.01,0.0,False,False,Clear,234,SUP-04,6,0,266.95,False,8580.22,2707.32
2025-11-01,P004,Premium kit 04,Home,S03,Store 03,East,26,312.01,0.2,True,False,Clear,208,SUP-04,6,0,266.95,False,8112.26,1171.56
2025-11-02,P004,Premium kit 04,Home,S03,Store 03,East,26,390.01,0.0,False,False,Clear,311,SUP-04,6,1,266.95,False,10140.26,3199.56
2025-11-03,P004,Premium kit 04,Home,S03,Store 03,East,15,390.01,0.0,False,False,Clear,296,SUP-04,6,0,266.95,False,5850.15,1845.9
2025-11-04,P004,Premium kit 04,Home,S03,Store 03,East,17,390.01,0.0,False,False,Clear,279,SUP-04,6,0,266.95,False,6630.17,2092.02
2025-11-05,P004,Premium kit 04,Home,S03,Store 03,East,11,390.01,0.0,False,False,Clear,268,SUP-04,6,0,266.95,False,4290.11,1353.66
2025-11-06,P004,Premium kit 04,Home,S03,Store 03,East,10,390.01,0.0,False,False,Clear,258,SUP-04,6,0,266.95,False,3900.1,1230.6
2025-11-07,P004,Premium kit 04,Home,S03,Store 03,East,15,390.01,0.0,False,False,Rain,243,SUP-04,6,0,266.95,False,5850.15,1845.9
2025-11-08,P004,Premium kit 04,Home,S03,Store 03,East,12,390.01,0.0,False,False,Clear,342,SUP-04,6,0,266.95,False,4680.12,1476.72
2025-11-09,P004,Premium kit 04,Home,S03,Store 03,East,25,390.01,0.0,False,False,Clear,317,SUP-04,6,1,266.95,False,9750.25,3076.5
2025-11-10,P004,Premium kit 04,Home,S03,Store 03,East,10,390.01,0.0,False,False,Clear,307,SUP-04,6,0,266.95,False,3900.1,1230.6
2025-11-11,P004,Premium kit 04,Home,S03,Store 03,East,11,390.01,0.0,False,False,Clear,296,SUP-04,6,0,266.95,False,4290.11,1353.66
2025-11-12,P004,Premium kit 04,Home,S03,Store 03,East,12,390.01,0.0,False,False,Clear,284,SUP-04,6,0,266.95,False,4680.12,1476.72
2025-11-13,P004,Premium kit 04,Home,S03,Store 03,East,10,390.01,0.0,False,False,Clear,274,SUP-04,6,1,266.95,False,3900.1,1230.6
2025-11-14,P004,Premium kit 04,Home,S03,Store 03,East,20,390.01,0.0,False,False,Clear,385,SUP-04,6,0,266.95,False,7800.2,2461.2
2025-11-15,P004,Premium kit 04,Home,S03,Store 03,East,15,390.01,0.0,False,False,Rain,370,SUP-04,6,0,266.95,False,5850.15,1845.9
2025-11-16,P004,Premium kit 04,Home,S03,Store 03,East,14,390.01,0.0,False,False,Clear,356,SUP-04,6,0,266.95,False,5460.139999999999,1722.8400000000001
2025-11-17,P004,Premium kit 04,Home,S03,Store 03,East,18,390.01,0.0,False,False,Clear,338,SUP-04,6,0,266.95,False,7020.18,2215.08
2025-11-18,P004,Premium kit 04,Home,S03,Store 03,East,9,390.01,0.0,False,False,Clear,329,SUP-04,6,0,266.95,False,3510.09,1107.54
2025-11-19,P004,Premium kit 04,Home,S03,Store 03,East,13,331.51,0.15,True,False,Clear,316,SUP-04,6,0,266.95,False,4309.63,839.28
2025-11-20,P004,Premium kit 04,Home,S03,Store 03,East,5,390.01,0.0,False,False,Clear,419,SUP-04,6,0,266.95,False,1950.05,615.3
2025-11-21,P004,Premium kit 04,Home,S03,Store 03,East,16,390.01,0.0,False,False,Rain,403,SUP-04,6,0,266.95,False,6240.16,1968.96
2025-11-22,P004,Premium kit 04,Home,S03,Store 03,East,15,390.01,0.0,False,False,Clear,388,SUP-04,6,0,266.95,False,5850.15,1845.9
2025-11-23,P004,Premium kit 04,Home,S03,Store 03,East,17,390.01,0.0,False,False,Clear,371,SUP-04,6,1,266.95,False,6630.17,2092.02
2025-11-24,P004,Premium kit 04,Home,S03,Store 03,East,15,312.01,0.2,True,False,Rain,356,SUP-04,6,0,266.95,False,4680.15,675.9000000000001
2025-11-25,P004,Premium kit 04,Home,S03,Store 03,East,21,390.01,0.0,False,False,Clear,335,SUP-04,6,0,266.95,False,8190.21,2584.26
2025-11-26,P004,Premium kit 04,Home,S03,Store 03,East,20,390.01,0.0,False,False,Clear,442,SUP-04,6,0,266.95,False,7800.2,2461.2
2025-11-27,P004,Premium kit 04,Home,S03,Store 03,East,15,351.01,0.1,True,False,Clear,427,SUP-04,6,0,266.95,False,5265.15,1260.9
2025-11-28,P004,Premium kit 04,Home,S03,Store 03,East,16,390.01,0.0,False,False,Clear,411,SUP-04,6,0,266.95,False,6240.16,1968.96
2025-11-29,P004,Premium kit 04,Home,S03,Store 03,East,22,390.01,0.0,False,False,Rain,389,SUP-04,6,0,266.95,False,8580.22,2707.32
2025-11-30,P004,Premium kit 04,Home,S03,Store 03,East,15,390.01,0.0,False,False,Clear,374,SUP-04,6,0,266.95,False,5850.15,1845.9
2025-12-01,P004,Premium kit 04,Home,S03,Store 03,East,16,390.01,0.0,False,False,Clear,358,SUP-04,6,0,266.95,False,6240.16,1968.96
2025-12-02,P004,Premium kit 04,Home,S03,Store 03,East,13,390.01,0.0,False,False,Clear,465,SUP-04,6,2,266.95,False,5070.13,1599.78
2025-12-03,P004,Premium kit 04,Home,S03,Store 03,East,19,390.01,0.0,False,False,Clear,446,SUP-04,6,0,266.95,False,7410.19,2338.14
2025-12-04,P004,Premium kit 04,Home,S03,Store 03,East,14,390.01,0.0,False,False,Clear,432,SUP-04,6,0,266.95,False,5460.139999999999,1722.8400000000001
2025-12-05,P004,Premium kit 04,Home,S03,Store 03,East,13,390.01,0.0,False,False,Clear,419,SUP-04,6,0,266.95,False,5070.13,1599.78
2025-12-06,P004,Premium kit 04,Home,S03,Store 03,East,18,390.01,0.0,False,False,Clear,401,SUP-04,6,0,266.95,False,7020.18,2215.08
2025-12-07,P004,Premium kit 04,Home,S03,Store 03,East,19,390.01,0.0,False,False,Clear,382,SUP-04,6,0,266.95,False,7410.19,2338.14
2025-12-08,P004,Premium kit 04,Home,S03,Store 03,East,12,390.01,0.0,False,False,Clear,491,SUP-04,6,0,266.95,False,4680.12,1476.72
2025-12-09,P004,Premium kit 04,Home,S03,Store 03,East,13,390.01,0.0,False,False,Clear,478,SUP-04,6,0,266.95,False,5070.13,1599.78
2025-12-10,P004,Premium kit 04,Home,S03,Store 03,East,21,390.01,0.0,False,False,Clear,457,SUP-04,6,0,266.95,False,8190.21,2584.26
2025-12-11,P004,Premium kit 04,Home,S03,Store 03,East,12,390.01,0.0,False,False,Clear,445,SUP-04,6,0,266.95,False,4680.12,1476.72
2025-12-12,P004,Premium kit 04,Home,S03,Store 03,East,15,390.01,0.0,False,False,Clear,430,SUP-04,6,0,266.95,False,5850.15,1845.9
2025-12-13,P004,Premium kit 04,Home,S03,Store 03,East,9,390.01,0.0,False,False,Clear,421,SUP-04,6,0,266.95,False,3510.09,1107.54
2025-12-14,P004,Premium kit 04,Home,S03,Store 03,East,12,390.01,0.0,False,False,Clear,522,SUP-04,6,0,266.95,False,4680.12,1476.72
2025-12-15,P004,Premium kit 04,Home,S03,Store 03,East,13,390.01,0.0,False,False,Clear,509,SUP-04,6,0,266.95,False,5070.13,1599.78
2025-12-16,P004,Premium kit 04,Home,S03,Store 03,East,10,390.01,0.0,False,False,Clear,499,SUP-04,6,0,266.95,False,3900.1,1230.6
2025-12-17,P004,Premium kit 04,Home,S03,Store 03,East,8,390.01,0.0,False,False,Clear,491,SUP-04,6,0,266.95,False,3120.08,984.48
2025-12-18,P004,Premium kit 04,Home,S03,Store 03,East,11,351.01,0.1,True,False,Clear,480,SUP-04,6,0,266.95,False,3861.1099999999997,924.6600000000001
2025-12-19,P004,Premium kit 04,Home,S03,Store 03,East,12,390.01,0.0,False,False,Clear,468,SUP-04,6,0,266.95,False,4680.12,1476.72
2025-12-20,P004,Premium kit 04,Home,S03,Store 03,East,22,390.01,0.0,False,False,Clear,557,SUP-04,6,0,266.95,False,8580.22,2707.32
2025-12-21,P004,Premium kit 04,Home,S03,Store 03,East,16,390.01,0.0,False,False,Clear,541,SUP-04,6,0,266.95,False,6240.16,1968.96
2025-12-22,P004,Premium kit 04,Home,S03,Store 03,East,9,390.01,0.0,False,False,Clear,532,SUP-04,6,0,266.95,False,3510.09,1107.54
2025-12-23,P004,Premium kit 04,Home,S03,Store 03,East,12,390.01,0.0,False,False,Clear,520,SUP-04,6,0,266.95,False,4680.12,1476.72
2025-12-24,P004,Premium kit 04,Home,S03,Store 03,East,13,390.01,0.0,False,False,Clear,507,SUP-04,6,0,266.95,False,5070.13,1599.78
2025-12-25,P004,Premium kit 04,Home,S03,Store 03,East,21,390.01,0.0,False,True,Clear,486,SUP-04,6,1,266.95,False,8190.21,2584.26
2025-12-26,P004,Premium kit 04,Home,S03,Store 03,East,16,390.01,0.0,False,False,Clear,592,SUP-04,6,1,266.95,False,6240.16,1968.96
2025-12-27,P004,Premium kit 04,Home,S03,Store 03,East,16,390.01,0.0,False,False,Rain,576,SUP-04,6,0,266.95,False,6240.16,1968.96
2025-12-28,P004,Premium kit 04,Home,S03,Store 03,East,21,390.01,0.0,False,False,Clear,555,SUP-04,6,0,266.95,False,8190.21,2584.26
2025-12-29,P004,Premium kit 04,Home,S03,Store 03,East,18,390.01,0.0,False,False,Clear,537,SUP-04,6,0,266.95,False,7020.18,2215.08
2025-12-30,P004,Premium kit 04,Home,S03,Store 03,East,23,390.01,0.0,False,False,Clear,514,SUP-04,6,2,266.95,False,8970.23,2830.38
2025-12-31,P004,Premium kit 04,Home,S03,Store 03,East,10,390.01,0.0,False,False,Clear,504,SUP-04,6,1,266.95,False,3900.1,1230.6
2025-09-03,P004,Premium kit 04,Home,S04,Store 04,West,19,351.01,0.1,True,False,Clear,124,SUP-04,6,2,266.95,False,6669.19,1597.14
2025-09-04,P004,Premium kit 04,Home,S04,Store 04,West,24,390.01,0.0,False,False,Clear,100,SUP-04,6,0,266.95,False,9360.24,2953.44
2025-09-05,P004,Premium kit 04,Home,S04,Store 04,West,14,390.01,0.0,False,False,Clear,86,SUP-04,6,1,266.95,False,5460.139999999999,1722.8400000000001
2025-09-06,P004,Premium kit 04,Home,S04,Store 04,West,31,351.01,0.1,True,False,Clear,55,SUP-04,6,1,266.95,False,10881.31,2605.86
2025-09-07,P004,Premium kit 04,Home,S04,Store 04,West,27,390.01,0.0,False,False,Clear,28,SUP-04,6,0,266.95,False,10530.27,3322.62
2025-09-08,P004,Premium kit 04,Home,S04,Store 04,West,19,390.01,0.0,False,False,Clear,9,SUP-04,6,1,266.95,False,7410.19,2338.14
2025-09-09,P004,Premium kit 04,Home,S04,Store 04,West,19,390.01,0.0,False,False,Clear,122,SUP-04,6,0,266.95,False,7410.19,2338.14
2025-09-10,P004,Premium kit 04,Home,S04,Store 04,West,20,390.01,0.0,False,False,Clear,102,SUP-04,6,0,266.95,False,7800.2,2461.2
2025-09-11,P004,Premium kit 04,Home,S04,Store 04,West,17,390.01,0.0,False,False,Clear,85,SUP-04,6,0,266.95,False,6630.17,2092.02
2025-09-12,P004,Premium kit 04,Home,S04,Store 04,West,12,390.01,0.0,False,False,Clear,73,SUP-04,6,0,266.95,False,4680.12,1476.72
2025-09-13,P004,Premium kit 04,Home,S04,Store 04,West,18,390.01,0.0,False,False,Clear,55,SUP-04,6,0,266.95,False,7020.18,2215.08
2025-09-14,P004,Premium kit 04,Home,S04,Store 04,West,19,390.01,0.0,False,False,Clear,36,SUP-04,6,1,266.95,False,7410.19,2338.14
2025-09-15,P004,Premium kit 04,Home,S04,Store 04,West,21,312.01,0.2,True,False,Clear,155,SUP-04,6,1,266.95,False,6552.21,946.26
2025-09-16,P004,Premium kit 04,Home,S04,Store 04,West,10,390.01,0.0,False,False,Rain,145,SUP-04,6,0,266.95,False,3900.1,1230.6
2025-09-17,P004,Premium kit 04,Home,S04,Store 04,West,21,390.01,0.0,False,False,Clear,124,SUP-04,6,0,266.95,False,8190.21,2584.26
2025-09-18,P004,Premium kit 04,Home,S04,Store 04,West,12,390.01,0.0,False,False,Clear,112,SUP-04,6,0,266.95,False,4680.12,1476.72
2025-09-19,P004,Premium kit 04,Home,S04,Store 04,West,11,390.01,0.0,False,False,Clear,101,SUP-04,6,0,266.95,False,4290.11,1353.66
2025-09-20,P004,Premium kit 04,Home,S04,Store 04,West,19,390.01,0.0,False,False,Clear,82,SUP-04,6,0,266.95,False,7410.19,2338.14
2025-09-21,P004,Premium kit 04,Home,S04,Store 04,West,23,390.01,0.0,False,False,Clear,208,SUP-04,6,0,266.95,False,8970.23,2830.38
2025-09-22,P004,Premium kit 04,Home,S04,Store 04,West,23,390.01,0.0,False,False,Clear,185,SUP-04,6,0,266.95,False,8970.23,2830.38
2025-09-23,P004,Premium kit 04,Home,S04,Store 04,West,28,390.01,0.0,False,False,Clear,157,SUP-04,6,0,266.95,False,10920.279999999999,3445.6800000000003
2025-09-24,P004,Premium kit 04,Home,S04,Store 04,West,20,390.01,0.0,False,False,Rain,137,SUP-04,6,0,266.95,False,7800.2,2461.2
2025-09-25,P004,Premium kit 04,Home,S04,Store 04,West,15,390.01,0.0,False,False,Clear,122,SUP-04,6,0,266.95,False,5850.15,1845.9
2025-09-26,P004,Premium kit 04,Home,S04,Store 04,West,22,390.01,0.0,False,False,Clear,100,SUP-04,6,0,266.95,False,8580.22,2707.32
2025-09-27,P004,Premium kit 04,Home,S04,Store 04,West,24,331.51,0.15,True,False,Clear,213,SUP-04,6,0,266.95,False,7956.24,1549.44
2025-09-28,P004,Premium kit 04,Home,S04,Store 04,West,21,390.01,0.0,False,False,Clear,192,SUP-04,6,1,266.95,False,8190.21,2584.26
2025-09-29,P004,Premium kit 04,Home,S04,Store 04,West,22,390.01,0.0,False,False,Rain,170,SUP-04,6,1,266.95,False,8580.22,2707.32
2025-09-30,P004,Premium kit 04,Home,S04,Store 04,West,31,390.01,0.0,False,False,Clear,139,SUP-04,6,0,266.95,False,12090.31,3814.86
2025-10-01,P004,Premium kit 04,Home,S04,Store 04,West,20,390.01,0.0,False,False,Clear,119,SUP-04,6,0,266.95,False,7800.2,2461.2
2025-10-02,P004,Premium kit 04,Home,S04,Store 04,West,28,390.01,0.0,False,True,Clear,91,SUP-04,6,0,266.95,False,10920.279999999999,3445.6800000000003
2025-10-03,P004,Premium kit 04,Home,S04,Store 04,West,23,390.01,0.0,False,False,Clear,226,SUP-04,6,0,266.95,False,8970.23,2830.38
2025-10-04,P004,Premium kit 04,Home,S04,Store 04,West,28,390.01,0.0,False,False,Clear,198,SUP-04,6,0,266.95,False,10920.279999999999,3445.6800000000003
2025-10-05,P004,Premium kit 04,Home,S04,Store 04,West,23,390.01,0.0,False,False,Clear,175,SUP-04,6,0,266.95,False,8970.23,2830.38
2025-10-06,P004,Premium kit 04,Home,S04,Store 04,West,18,390.01,0.0,False,False,Clear,157,SUP-04,6,0,266.95,False,7020.18,2215.08
2025-10-07,P004,Premium kit 04,Home,S04,Store 04,West,24,390.01,0.0,False,False,Clear,133,SUP-04,6,0,266.95,False,9360.24,2953.44
2025-10-08,P004,Premium kit 04,Home,S04,Store 04,West,16,390.01,0.0,False,False,Clear,117,SUP-04,6,0,266.95,False,6240.16,1968.96
2025-10-09,P004,Premium kit 04,Home,S04,Store 04,West,13,390.01,0.0,False,False,Clear,254,SUP-04,6,0,266.95,False,5070.13,1599.78
2025-10-10,P004,Premium kit 04,Home,S04,Store 04,West,14,390.01,0.0,False,False,Clear,240,SUP-04,6,1,266.95,False,5460.139999999999,1722.8400000000001
2025-10-11,P004,Premium kit 04,Home,S04,Store 04,West,18,390.01,0.0,False,False,Clear,222,SUP-04,6,0,266.95,False,7020.18,2215.08
2025-10-12,P004,Premium kit 04,Home,S04,Store 04,West,13,390.01,0.0,False,False,Clear,209,SUP-04,6,0,266.95,False,5070.13,1599.78
2025-10-13,P004,Premium kit 04,Home,S04,Store 04,West,17,390.01,0.0,False,False,Clear,192,SUP-04,6,0,266.95,False,6630.17,2092.02
2025-10-14,P004,Premium kit 04,Home,S04,Store 04,West,14,390.01,0.0,False,False,Clear,178,SUP-04,6,0,266.95,False,5460.139999999999,1722.8400000000001
2025-10-15,P004,Premium kit 04,Home,S04,Store 04,West,17,390.01,0.0,False,False,Clear,304,SUP-04,6,0,266.95,False,6630.17,2092.02
2025-10-16,P004,Premium kit 04,Home,S04,Store 04,West,19,390.01,0.0,False,False,Clear,285,SUP-04,6,0,266.95,False,7410.19,2338.14
2025-10-17,P004,Premium kit 04,Home,S04,Store 04,West,13,331.51,0.15,True,False,Clear,272,SUP-04,6,0,266.95,False,4309.63,839.28
2025-10-18,P004,Premium kit 04,Home,S04,Store 04,West,31,390.01,0.0,False,False,Clear,241,SUP-04,6,1,266.95,False,12090.31,3814.86
2025-10-19,P004,Premium kit 04,Home,S04,Store 04,West,17,390.01,0.0,False,False,Clear,224,SUP-04,6,0,266.95,False,6630.17,2092.02
2025-10-20,P004,Premium kit 04,Home,S04,Store 04,West,20,390.01,0.0,False,False,Clear,204,SUP-04,6,0,266.95,False,7800.2,2461.2
2025-10-21,P004,Premium kit 04,Home,S04,Store 04,West,29,312.01,0.2,True,False,Clear,329,SUP-04,6,1,266.95,False,9048.289999999999,1306.74
2025-10-22,P004,Premium kit 04,Home,S04,Store 04,West,19,390.01,0.0,False,False,Clear,310,SUP-04,6,0,266.95,False,7410.19,2338.14
2025-10-23,P004,Premium kit 04,Home,S04,Store 04,West,23,390.01,0.0,False,False,Clear,287,SUP-04,6,1,266.95,False,8970.23,2830.38
2025-10-24,P004,Premium kit 04,Home,S04,Store 04,West,16,390.01,0.0,False,False,Clear,271,SUP-04,6,0,266.95,False,6240.16,1968.96
2025-10-25,P004,Premium kit 04,Home,S04,Store 04,West,19,390.01,0.0,False,False,Clear,252,SUP-04,6,1,266.95,False,7410.19,2338.14
2025-10-26,P004,Premium kit 04,Home,S04,Store 04,West,31,390.01,0.0,False,False,Clear,221,SUP-04,6,1,266.95,False,12090.31,3814.86
2025-10-27,P004,Premium kit 04,Home,S04,Store 04,West,16,390.01,0.0,False,False,Clear,354,SUP-04,6,1,266.95,False,6240.16,1968.96
2025-10-28,P004,Premium kit 04,Home,S04,Store 04,West,19,390.01,0.0,False,False,Clear,335,SUP-04,6,1,266.95,False,7410.19,2338.14
2025-10-29,P004,Premium kit 04,Home,S04,Store 04,West,18,390.01,0.0,False,False,Clear,317,SUP-04,6,0,266.95,False,7020.18,2215.08
2025-10-30,P004,Premium kit 04,Home,S04,Store 04,West,24,390.01,0.0,False,False,Clear,293,SUP-04,6,0,266.95,False,9360.24,2953.44
2025-10-31,P004,Premium kit 04,Home,S04,Store 04,West,28,390.01,0.0,False,False,Clear,265,SUP-04,6,0,266.95,False,10920.279999999999,3445.6800000000003
2025-11-01,P004,Premium kit 04,Home,S04,Store 04,West,31,390.01,0.0,False,False,Clear,234,SUP-04,6,0,266.95,False,12090.31,3814.86
2025-11-02,P004,Premium kit 04,Home,S04,Store 04,West,21,390.01,0.0,False,False,Clear,360,SUP-04,6,0,266.95,False,8190.21,2584.26
2025-11-03,P004,Premium kit 04,Home,S04,Store 04,West,19,390.01,0.0,False,False,Clear,341,SUP-04,6,1,266.95,False,7410.19,2338.14
2025-11-04,P004,Premium kit 04,Home,S04,Store 04,West,18,390.01,0.0,False,False,Rain,323,SUP-04,6,0,266.95,False,7020.18,2215.08
2025-11-05,P004,Premium kit 04,Home,S04,Store 04,West,20,390.01,0.0,False,False,Clear,303,SUP-04,6,0,266.95,False,7800.2,2461.2
2025-11-06,P004,Premium kit 04,Home,S04,Store 04,West,21,390.01,0.0,False,False,Clear,282,SUP-04,6,0,266.95,False,8190.21,2584.26
2025-11-07,P004,Premium kit 04,Home,S04,Store 04,West,17,390.01,0.0,False,False,Clear,265,SUP-04,6,0,266.95,False,6630.17,2092.02
2025-11-08,P004,Premium kit 04,Home,S04,Store 04,West,24,390.01,0.0,False,False,Clear,389,SUP-04,6,0,266.95,False,9360.24,2953.44
2025-11-09,P004,Premium kit 04,Home,S04,Store 04,West,23,390.01,0.0,False,False,Clear,366,SUP-04,6,0,266.95,False,8970.23,2830.38
2025-11-10,P004,Premium kit 04,Home,S04,Store 04,West,13,390.01,0.0,False,False,Rain,353,SUP-04,6,0,266.95,False,5070.13,1599.78
2025-11-11,P004,Premium kit 04,Home,S04,Store 04,West,19,390.01,0.0,False,False,Clear,334,SUP-04,6,1,266.95,False,7410.19,2338.14
2025-11-12,P004,Premium kit 04,Home,S04,Store 04,West,16,390.01,0.0,False,False,Clear,318,SUP-04,6,0,266.95,False,6240.16,1968.96
2025-11-13,P004,Premium kit 04,Home,S04,Store 04,West,22,390.01,0.0,False,False,Clear,296,SUP-04,6,1,266.95,False,8580.22,2707.32
2025-11-14,P004,Premium kit 04,Home,S04,Store 04,West,24,390.01,0.0,False,False,Clear,423,SUP-04,6,0,266.95,False,9360.24,2953.44
2025-11-15,P004,Premium kit 04,Home,S04,Store 04,West,15,390.01,0.0,False,False,Clear,408,SUP-04,6,0,266.95,False,5850.15,1845.9
2025-11-16,P004,Premium kit 04,Home,S04,Store 04,West,19,390.01,0.0,False,False,Clear,389,SUP-04,6,1,266.95,False,7410.19,2338.14
2025-11-17,P004,Premium kit 04,Home,S04,Store 04,West,14,390.01,0.0,False,False,Clear,375,SUP-04,6,2,266.95,False,5460.139999999999,1722.8400000000001
2025-11-18,P004,Premium kit 04,Home,S04,Store 04,West,19,390.01,0.0,False,False,Clear,356,SUP-04,6,0,266.95,False,7410.19,2338.14
2025-11-19,P004,Premium kit 04,Home,S04,Store 04,West,14,390.01,0.0,False,False,Clear,342,SUP-04,6,0,266.95,False,5460.139999999999,1722.8400000000001
2025-11-20,P004,Premium kit 04,Home,S04,Store 04,West,19,390.01,0.0,False,False,Rain,474,SUP-04,6,0,266.95,False,7410.19,2338.14
2025-11-21,P004,Premium kit 04,Home,S04,Store 04,West,29,390.01,0.0,False,False,Clear,445,SUP-04,6,1,266.95,False,11310.289999999999,3568.7400000000002
2025-11-22,P004,Premium kit 04,Home,S04,Store 04,West,33,390.01,0.0,False,False,Clear,412,SUP-04,6,0,266.95,False,12870.33,4060.98
2025-11-23,P004,Premium kit 04,Home,S04,Store 04,West,21,390.01,0.0,False,False,Clear,391,SUP-04,6,0,266.95,False,8190.21,2584.26
2025-11-24,P004,Premium kit 04,Home,S04,Store 04,West,18,390.01,0.0,False,False,Clear,373,SUP-04,6,0,266.95,False,7020.18,2215.08
2025-11-25,P004,Premium kit 04,Home,S04,Store 04,West,24,390.01,0.0,False,False,Clear,349,SUP-04,6,0,266.95,False,9360.24,2953.44
2025-11-26,P004,Premium kit 04,Home,S04,Store 04,West,20,390.01,0.0,False,False,Clear,480,SUP-04,6,1,266.95,False,7800.2,2461.2
2025-11-27,P004,Premium kit 04,Home,S04,Store 04,West,18,390.01,0.0,False,False,Clear,462,SUP-04,6,1,266.95,False,7020.18,2215.08
2025-11-28,P004,Premium kit 04,Home,S04,Store 04,West,26,390.01,0.0,False,False,Clear,436,SUP-04,6,2,266.95,False,10140.26,3199.56
2025-11-29,P004,Premium kit 04,Home,S04,Store 04,West,13,390.01,0.0,False,False,Clear,423,SUP-04,6,1,266.95,False,5070.13,1599.78
2025-11-30,P004,Premium kit 04,Home,S04,Store 04,West,22,390.01,0.0,False,False,Clear,401,SUP-04,6,0,266.95,False,8580.22,2707.32
2025-12-01,P004,Premium kit 04,Home,S04,Store 04,West,13,390.01,0.0,False,False,Clear,388,SUP-04,6,0,266.95,False,5070.13,1599.78
2025-12-02,P004,Premium kit 04,Home,S04,Store 04,West,19,390.01,0.0,False,False,Clear,528,SUP-04,6,1,266.95,False,7410.19,2338.14
2025-12-03,P004,Premium kit 04,Home,S04,Store 04,West,22,390.01,0.0,False,False,Clear,506,SUP-04,6,0,266.95,False,8580.22,2707.32
2025-12-04,P004,Premium kit 04,Home,S04,Store 04,West,17,390.01,0.0,False,False,Clear,489,SUP-04,6,0,266.95,False,6630.17,2092.02
2025-12-05,P004,Premium kit 04,Home,S04,Store 04,West,18,390.01,0.0,False,False,Clear,471,SUP-04,6,0,266.95,False,7020.18,2215.08
2025-12-06,P004,Premium kit 04,Home,S04,Store 04,West,17,390.01,0.0,False,False,Clear,454,SUP-04,6,0,266.95,False,6630.17,2092.02
2025-12-07,P004,Premium kit 04,Home,S04,Store 04,West,19,390.01,0.0,False,False,Clear,435,SUP-04,6,1,266.95,False,7410.19,2338.14
2025-12-08,P004,Premium kit 04,Home,S04,Store 04,West,18,351.01,0.1,True,False,Clear,556,SUP-04,6,1,266.95,False,6318.18,1513.08
2025-12-09,P004,Premium kit 04,Home,S04,Store 04,West,13,390.01,0.0,False,False,Clear,543,SUP-04,6,0,266.95,False,5070.13,1599.78
2025-12-10,P004,Premium kit 04,Home,S04,Store 04,West,26,390.01,0.0,False,False,Clear,517,SUP-04,6,0,266.95,False,10140.26,3199.56
2025-12-11,P004,Premium kit 04,Home,S04,Store 04,West,12,390.01,0.0,False,False,Clear,505,SUP-04,6,0,266.95,False,4680.12,1476.72
2025-12-12,P004,Premium kit 04,Home,S04,Store 04,West,12,390.01,0.0,False,False,Clear,493,SUP-04,6,1,266.95,False,4680.12,1476.72
2025-12-13,P004,Premium kit 04,Home,S04,Store 04,West,18,390.01,0.0,False,False,Clear,475,SUP-04,6,0,266.95,False,7020.18,2215.08
2025-12-14,P004,Premium kit 04,Home,S04,Store 04,West,14,390.01,0.0,False,False,Clear,607,SUP-04,6,0,266.95,False,5460.139999999999,1722.8400000000001
2025-12-15,P004,Premium kit 04,Home,S04,Store 04,West,16,390.01,0.0,False,False,Clear,591,SUP-04,6,0,266.95,False,6240.16,1968.96
2025-12-16,P004,Premium kit 04,Home,S04,Store 04,West,19,390.01,0.0,False,False,Clear,572,SUP-04,6,0,266.95,False,7410.19,2338.14
2025-12-17,P004,Premium kit 04,Home,S04,Store 04,West,24,312.01,0.2,True,False,Clear,548,SUP-04,6,1,266.95,False,7488.24,1081.44
2025-12-18,P004,Premium kit 04,Home,S04,Store 04,West,16,390.01,0.0,False,False,Clear,532,SUP-04,6,1,266.95,False,6240.16,1968.96
2025-12-19,P004,Premium kit 04,Home,S04,Store 04,West,15,390.01,0.0,False,False,Clear,517,SUP-04,6,0,266.95,False,5850.15,1845.9
2025-12-20,P004,Premium kit 04,Home,S04,Store 04,West,25,390.01,0.0,False,False,Clear,641,SUP-04,6,0,266.95,False,9750.25,3076.5
2025-12-21,P004,Premium kit 04,Home,S04,Store 04,West,22,390.01,0.0,False,False,Rain,619,SUP-04,6,0,266.95,False,8580.22,2707.32
2025-12-22,P004,Premium kit 04,Home,S04,Store 04,West,24,390.01,0.0,False,False,Clear,595,SUP-04,6,0,266.95,False,9360.24,2953.44
2025-12-23,P004,Premium kit 04,Home,S04,Store 04,West,17,390.01,0.0,False,False,Clear,578,SUP-04,6,0,266.95,False,6630.17,2092.02
2025-12-24,P004,Premium kit 04,Home,S04,Store 04,West,30,351.01,0.1,True,False,Clear,548,SUP-04,6,1,266.95,False,10530.3,2521.8
2025-12-25,P004,Premium kit 04,Home,S04,Store 04,West,20,390.01,0.0,False,True,Clear,528,SUP-04,6,1,266.95,False,7800.2,2461.2
2025-12-26,P004,Premium kit 04,Home,S04,Store 04,West,14,390.01,0.0,False,False,Clear,673,SUP-04,6,0,266.95,False,5460.139999999999,1722.8400000000001
2025-12-27,P004,Premium kit 04,Home,S04,Store 04,West,24,390.01,0.0,False,False,Clear,649,SUP-04,6,0,266.95,False,9360.24,2953.44
2025-12-28,P004,Premium kit 04,Home,S04,Store 04,West,30,390.01,0.0,False,False,Rain,619,SUP-04,6,1,266.95,False,11700.3,3691.8
2025-12-29,P004,Premium kit 04,Home,S04,Store 04,West,18,390.01,0.0,False,False,Clear,601,SUP-04,6,1,266.95,False,7020.18,2215.08
2025-12-30,P004,Premium kit 04,Home,S04,Store 04,West,24,390.01,0.0,False,False,Clear,577,SUP-04,6,1,266.95,False,9360.24,2953.44
2025-12-31,P004,Premium kit 04,Home,S04,Store 04,West,15,390.01,0.0,False,False,Clear,562,SUP-04,6,0,266.95,False,5850.15,1845.9
2025-09-03,P005,Everyday line 05,Beauty,S01,Store 01,North,12,1438.26,0.0,False,False,Rain,202,SUP-05,5,0,723.61,False,17259.12,8575.8
2025-09-04,P005,Everyday line 05,Beauty,S01,Store 01,North,13,1438.26,0.0,False,False,Rain,189,SUP-05,5,0,723.61,False,18697.38,9290.449999999999
2025-09-05,P005,Everyday line 05,Beauty,S01,Store 01,North,17,1438.26,0.0,False,False,Clear,172,SUP-05,5,0,723.61,False,24450.42,12149.05
2025-09-06,P005,Everyday line 05,Beauty,S01,Store 01,North,12,1438.26,0.0,False,False,Rain,160,SUP-05,5,0,723.61,False,17259.12,8575.8
2025-09-07,P005,Everyday line 05,Beauty,S01,Store 01,North,12,1438.26,0.0,False,False,Clear,148,SUP-05,5,1,723.61,False,17259.12,8575.8
2025-09-08,P005,Everyday line 05,Beauty,S01,Store 01,North,15,1438.26,0.0,False,False,Clear,191,SUP-05,5,0,723.61,False,21573.9,10719.75
2025-09-09,P005,Everyday line 05,Beauty,S01,Store 01,North,12,1438.26,0.0,False,False,Clear,179,SUP-05,5,0,723.61,False,17259.12,8575.8
2025-09-10,P005,Everyday line 05,Beauty,S01,Store 01,North,9,1438.26,0.0,False,False,Clear,170,SUP-05,5,0,723.61,False,12944.34,6431.849999999999
2025-09-11,P005,Everyday line 05,Beauty,S01,Store 01,North,11,1438.26,0.0,False,False,Rain,159,SUP-05,5,0,723.61,False,15820.86,7861.15
2025-09-12,P005,Everyday line 05,Beauty,S01,Store 01,North,5,1366.35,0.05,True,False,Clear,154,SUP-05,5,0,723.61,False,6831.75,3213.6999999999994
2025-09-13,P005,Everyday line 05,Beauty,S01,Store 01,North,11,1438.26,0.0,False,False,Clear,198,SUP-05,5,0,723.61,False,15820.86,7861.15
2025-09-14,P005,Everyday line 05,Beauty,S01,Store 01,North,11,1438.26,0.0,False,False,Clear,187,SUP-05,5,1,723.61,False,15820.86,7861.15
2025-09-15,P005,Everyday line 05,Beauty,S01,Store 01,North,11,1438.26,0.0,False,False,Clear,176,SUP-05,5,1,723.61,False,15820.86,7861.15
2025-09-16,P005,Everyday line 05,Beauty,S01,Store 01,North,20,1438.26,0.0,False,False,Clear,156,SUP-05,5,0,723.61,False,28765.2,14293.0
2025-09-17,P005,Everyday line 05,Beauty,S01,Store 01,North,9,1438.26,0.0,False,False,Clear,147,SUP-05,5,1,723.61,False,12944.34,6431.849999999999
2025-09-18,P005,Everyday line 05,Beauty,S01,Store 01,North,17,1438.26,0.0,False,False,Clear,185,SUP-05,5,1,723.61,False,24450.42,12149.05
2025-09-19,P005,Everyday line 05,Beauty,S01,Store 01,North,12,1438.26,0.0,False,False,Clear,173,SUP-05,5,0,723.61,False,17259.12,8575.8
2025-09-20,P005,Everyday line 05,Beauty,S01,Store 01,North,15,1438.26,0.0,False,False,Rain,158,SUP-05,5,0,723.61,False,21573.9,10719.75
2025-09-21,P005,Everyday line 05,Beauty,S01,Store 01,North,20,1294.43,0.1,True,False,Rain,138,SUP-05,5,0,723.61,False,25888.600000000002,11416.400000000001
2025-09-22,P005,Everyday line 05,Beauty,S01,Store 01,North,12,1438.26,0.0,False,False,Clear,126,SUP-05,5,1,723.61,False,17259.12,8575.8
2025-09-23,P005,Everyday line 05,Beauty,S01,Store 01,North,15,1438.26,0.0,False,False,Clear,165,SUP-05,5,0,723.61,False,21573.9,10719.75
2025-09-24,P005,Everyday line 05,Beauty,S01,Store 01,North,19,1438.26,0.0,False,False,Clear,146,SUP-05,5,1,723.61,False,27326.94,13578.35
2025-09-25,P005,Everyday line 05,Beauty,S01,Store 01,North,15,1438.26,0.0,False,False,Clear,131,SUP-05,5,0,723.61,False,21573.9,10719.75
2025-09-26,P005,Everyday line 05,Beauty,S01,Store 01,North,11,1222.52,0.15,True,False,Clear,120,SUP-05,5,0,723.61,False,13447.72,5488.009999999999
2025-09-27,P005,Everyday line 05,Beauty,S01,Store 01,North,18,1438.26,0.0,False,False,Clear,102,SUP-05,5,0,723.61,False,25888.68,12863.699999999999
2025-09-28,P005,Everyday line 05,Beauty,S01,Store 01,North,14,1438.26,0.0,False,False,Rain,142,SUP-05,5,0,723.61,False,20135.64,10005.1
2025-09-29,P005,Everyday line 05,Beauty,S01,Store 01,North,12,1438.26,0.0,False,False,Clear,130,SUP-05,5,0,723.61,False,17259.12,8575.8
2025-09-30,P005,Everyday line 05,Beauty,S01,Store 01,North,17,1438.26,0.0,False,False,Clear,113,SUP-05,5,1,723.61,False,24450.42,12149.05
2025-10-01,P005,Everyday line 05,Beauty,S01,Store 01,North,11,1438.26,0.0,False,False,Clear,102,SUP-05,5,0,723.61,False,15820.86,7861.15
2025-10-02,P005,Everyday line 05,Beauty,S01,Store 01,North,10,1438.26,0.0,False,True,Clear,92,SUP-05,5,0,723.61,False,14382.6,7146.5
2025-10-03,P005,Everyday line 05,Beauty,S01,Store 01,North,12,1438.26,0.0,False,False,Rain,140,SUP-05,5,1,723.61,False,17259.12,8575.8
2025-10-04,P005,Everyday line 05,Beauty,S01,Store 01,North,15,1438.26,0.0,False,False,Clear,125,SUP-05,5,0,723.61,False,21573.9,10719.75
2025-10-05,P005,Everyday line 05,Beauty,S01,Store 01,North,11,1438.26,0.0,False,False,Clear,114,SUP-05,5,0,723.61,False,15820.86,7861.15
2025-10-06,P005,Everyday line 05,Beauty,S01,Store 01,North,13,1438.26,0.0,False,False,Clear,101,SUP-05,5,0,723.61,False,18697.38,9290.449999999999
2025-10-07,P005,Everyday line 05,Beauty,S01,Store 01,North,4,1438.26,0.0,False,False,Clear,97,SUP-05,5,0,723.61,False,5753.04,2858.6
2025-10-08,P005,Everyday line 05,Beauty,S01,Store 01,North,11,1438.26,0.0,False,False,Clear,138,SUP-05,5,0,723.61,False,15820.86,7861.15
2025-10-09,P005,Everyday line 05,Beauty,S01,Store 01,North,14,1438.26,0.0,False,False,Clear,124,SUP-05,5,0,723.61,False,20135.64,10005.1
2025-10-10,P005,Everyday line 05,Beauty,S01,Store 01,North,9,1438.26,0.0,False,False,Clear,115,SUP-05,5,0,723.61,False,12944.34,6431.849999999999
2025-10-11,P005,Everyday line 05,Beauty,S01,Store 01,North,20,1438.26,0.0,False,False,Clear,95,SUP-05,5,1,723.61,False,28765.2,14293.0
2025-10-12,P005,Everyday line 05,Beauty,S01,Store 01,North,7,1438.26,0.0,False,False,Clear,88,SUP-05,5,0,723.61,False,10067.82,5002.55
2025-10-13,P005,Everyday line 05,Beauty,S01,Store 01,North,15,1438.26,0.0,False,False,Clear,128,SUP-05,5,2,723.61,False,21573.9,10719.75
2025-10-14,P005,Everyday line 05,Beauty,S01,Store 01,North,11,1438.26,0.0,False,False,Clear,117,SUP-05,5,0,723.61,False,15820.86,7861.15
2025-10-15,P005,Everyday line 05,Beauty,S01,Store 01,North,2,1438.26,0.0,False,False,Clear,115,SUP-05,5,0,723.61,False,2876.52,1429.3
2025-10-16,P005,Everyday line 05,Beauty,S01,Store 01,North,18,1366.35,0.05,True,False,Rain,97,SUP-05,5,0,723.61,False,24594.3,11569.319999999998
2025-10-17,P005,Everyday line 05,Beauty,S01,Store 01,North,7,1438.26,0.0,False,False,Clear,90,SUP-05,5,0,723.61,False,10067.82,5002.55
2025-10-18,P005,Everyday line 05,Beauty,S01,Store 01,North,14,1438.26,0.0,False,False,Clear,129,SUP-05,5,0,723.61,False,20135.64,10005.1
2025-10-19,P005,Everyday line 05,Beauty,S01,Store 01,North,13,1438.26,0.0,False,False,Clear,116,SUP-05,5,0,723.61,False,18697.38,9290.449999999999
2025-10-20,P005,Everyday line 05,Beauty,S01,Store 01,North,15,1438.26,0.0,False,False,Clear,101,SUP-05,5,0,723.61,False,21573.9,10719.75
2025-10-21,P005,Everyday line 05,Beauty,S01,Store 01,North,11,1438.26,0.0,False,False,Clear,90,SUP-05,5,0,723.61,False,15820.86,7861.15
2025-10-22,P005,Everyday line 05,Beauty,S01,Store 01,North,16,1438.26,0.0,False,False,Clear,74,SUP-05,5,0,723.61,False,23012.16,11434.4
2025-10-23,P005,Everyday line 05,Beauty,S01,Store 01,North,20,1438.26,0.0,False,False,Clear,113,SUP-05,5,0,723.61,False,28765.2,14293.0
2025-10-24,P005,Everyday line 05,Beauty,S01,Store 01,North,17,1438.26,0.0,False,False,Clear,96,SUP-05,5,1,723.61,False,24450.42,12149.05
2025-10-25,P005,Everyday line 05,Beauty,S01,Store 01,North,13,1438.26,0.0,False,False,Clear,83,SUP-05,5,0,723.61,False,18697.38,9290.449999999999
2025-10-26,P005,Everyday line 05,Beauty,S01,Store 01,North,18,1294.43,0.1,True,False,Clear,65,SUP-05,5,0,723.61,False,23299.74,10274.76
2025-10-27,P005,Everyday line 05,Beauty,S01,Store 01,North,20,1294.43,0.1,True,False,Clear,45,SUP-05,5,0,723.61,False,25888.600000000002,11416.400000000001
2025-10-28,P005,Everyday line 05,Beauty,S01,Store 01,North,17,1438.26,0.0,False,False,Clear,88,SUP-05,5,0,723.61,False,24450.42,12149.05
2025-10-29,P005,Everyday line 05,Beauty,S01,Store 01,North,12,1294.43,0.1,True,False,Clear,76,SUP-05,5,0,723.61,False,15533.16,6849.84
2025-10-30,P005,Everyday line 05,Beauty,S01,Store 01,North,18,1438.26,0.0,False,False,Clear,58,SUP-05,5,0,723.61,False,25888.68,12863.699999999999
2025-10-31,P005,Everyday line 05,Beauty,S01,Store 01,North,10,1438.26,0.0,False,False,Clear,48,SUP-05,5,1,723.61,False,14382.6,7146.5
2025-11-01,P005,Everyday line 05,Beauty,S01,Store 01,North,8,1438.26,0.0,False,False,Rain,40,SUP-05,5,0,723.61,False,11506.08,5717.2
2025-11-02,P005,Everyday line 05,Beauty,S01,Store 01,North,12,1438.26,0.0,False,False,Clear,87,SUP-05,5,0,723.61,False,17259.12,8575.8
2025-11-03,P005,Everyday line 05,Beauty,S01,Store 01,North,6,1438.26,0.0,False,False,Clear,81,SUP-05,5,0,723.61,False,8629.56,4287.9
2025-11-04,P005,Everyday line 05,Beauty,S01,Store 01,North,5,1438.26,0.0,False,False,Clear,76,SUP-05,5,0,723.61,False,7191.3,3573.25
2025-11-05,P005,Everyday line 05,Beauty,S01,Store 01,North,7,1438.26,0.0,False,False,Clear,69,SUP-05,5,0,723.61,False,10067.82,5002.55
2025-11-06,P005,Everyday line 05,Beauty,S01,Store 01,North,5,1438.26,0.0,False,False,Clear,64,SUP-05,5,0,723.61,False,7191.3,3573.25
2025-11-07,P005,Everyday line 05,Beauty,S01,Store 01,North,9,1438.26,0.0,False,False,Clear,110,SUP-05,5,0,723.61,False,12944.34,6431.849999999999
2025-11-08,P005,Everyday line 05,Beauty,S01,Store 01,North,8,1438.26,0.0,False,False,Clear,102,SUP-05,5,1,723.61,False,11506.08,5717.2
2025-11-09,P005,Everyday line 05,Beauty,S01,Store 01,North,4,1438.26,0.0,False,False,Rain,98,SUP-05,5,0,723.61,False,5753.04,2858.6
2025-11-10,P005,Everyday line 05,Beauty,S01,Store 01,North,14,1438.26,0.0,False,False,Clear,84,SUP-05,5,0,723.61,False,20135.64,10005.1
2025-11-11,P005,Everyday line 05,Beauty,S01,Store 01,North,13,1438.26,0.0,False,False,Clear,71,SUP-05,5,0,723.61,False,18697.38,9290.449999999999
2025-11-12,P005,Everyday line 05,Beauty,S01,Store 01,North,13,1438.26,0.0,False,False,Clear,111,SUP-05,5,0,723.61,False,18697.38,9290.449999999999
2025-11-13,P005,Everyday line 05,Beauty,S01,Store 01,North,13,1438.26,0.0,False,False,Clear,98,SUP-05,5,0,723.61,False,18697.38,9290.449999999999
2025-11-14,P005,Everyday line 05,Beauty,S01,Store 01,North,11,1438.26,0.0,False,False,Clear,87,SUP-05,5,0,723.61,False,15820.86,7861.15
2025-11-15,P005,Everyday line 05,Beauty,S01,Store 01,North,12,1438.26,0.0,False,False,Clear,75,SUP-05,5,1,723.61,False,17259.12,8575.8
2025-11-16,P005,Everyday line 05,Beauty,S01,Store 01,North,11,1438.26,0.0,False,False,Clear,64,SUP-05,5,1,723.61,False,15820.86,7861.15
2025-11-17,P005,Everyday line 05,Beauty,S01,Store 01,North,10,1438.26,0.0,False,False,Clear,106,SUP-05,5,0,723.61,False,14382.6,7146.5
2025-11-18,P005,Everyday line 05,Beauty,S01,Store 01,North,14,1438.26,0.0,False,False,Clear,92,SUP-05,5,0,723.61,False,20135.64,10005.1
2025-11-19,P005,Everyday line 05,Beauty,S01,Store 01,North,13,1150.61,0.2,True,False,Clear,79,SUP-05,5,0,723.61,False,14957.929999999998,5550.999999999998
2025-11-20,P005,Everyday line 05,Beauty,S01,Store 01,North,11,1438.26,0.0,False,False,Clear,68,SUP-05,5,0,723.61,False,15820.86,7861.15
2025-11-21,P005,Everyday line 05,Beauty,S01,Store 01,North,20,1438.26,0.0,False,False,Clear,48,SUP-05,5,0,723.61,False,28765.2,14293.0
2025-11-22,P005,Everyday line 05,Beauty,S01,Store 01,North,21,1438.26,0.0,False,False,Clear,83,SUP-05,5,1,723.61,False,30203.46,15007.65
2025-11-23,P005,Everyday line 05,Beauty,S01,Store 01,North,17,1438.26,0.0,False,False,Clear,66,SUP-05,5,1,723.61,False,24450.42,12149.05
2025-11-24,P005,Everyday line 05,Beauty,S01,Store 01,North,13,1438.26,0.0,False,False,Rain,53,SUP-05,5,0,723.61,False,18697.38,9290.449999999999
2025-11-25,P005,Everyday line 05,Beauty,S01,Store 01,North,15,1438.26,0.0,False,False,Clear,38,SUP-05,5,0,723.61,False,21573.9,10719.75
2025-11-26,P005,Everyday line 05,Beauty,S01,Store 01,North,19,1294.43,0.1,True,False,Rain,19,SUP-05,5,0,723.61,False,24594.170000000002,10845.580000000002
2025-11-27,P005,Everyday line 05,Beauty,S01,Store 01,North,11,1438.26,0.0,False,False,Clear,59,SUP-05,5,0,723.61,False,15820.86,7861.15
2025-11-28,P005,Everyday line 05,Beauty,S01,Store 01,North,21,1438.26,0.0,False,False,Rain,38,SUP-05,5,0,723.61,False,30203.46,15007.65
2025-11-29,P005,Everyday line 05,Beauty,S01,Store 01,North,14,1438.26,0.0,False,False,Clear,24,SUP-05,5,0,723.61,False,20135.64,10005.1
2025-11-30,P005,Everyday line 05,Beauty,S01,Store 01,North,9,1438.26,0.0,False,False,Clear,15,SUP-05,5,1,723.61,False,12944.34,6431.849999999999
2025-12-01,P005,Everyday line 05,Beauty,S01,Store 01,North,15,1438.26,0.0,False,False,Clear,0,SUP-05,5,1,723.61,True,21573.9,10719.75
2025-12-02,P005,Everyday line 05,Beauty,S01,Store 01,North,10,1438.26,0.0,False,False,Clear,42,SUP-05,5,0,723.61,False,14382.6,7146.5
2025-12-03,P005,Everyday line 05,Beauty,S01,Store 01,North,13,1438.26,0.0,False,False,Clear,29,SUP-05,5,0,723.61,False,18697.38,9290.449999999999
2025-12-04,P005,Everyday line 05,Beauty,S01,Store 01,North,8,1438.26,0.0,False,False,Clear,21,SUP-05,5,0,723.61,False,11506.08,5717.2
2025-12-05,P005,Everyday line 05,Beauty,S01,Store 01,North,12,1438.26,0.0,False,False,Clear,9,SUP-05,5,0,723.61,False,17259.12,8575.8
2025-12-06,P005,Everyday line 05,Beauty,S01,Store 01,North,9,1438.26,0.0,False,False,Clear,0,SUP-05,5,0,723.61,False,12944.34,6431.849999999999
2025-12-07,P005,Everyday line 05,Beauty,S01,Store 01,North,7,1438.26,0.0,False,False,Clear,44,SUP-05,5,0,723.61,False,10067.82,5002.55
2025-12-08,P005,Everyday line 05,Beauty,S01,Store 01,North,16,1438.26,0.0,False,False,Clear,28,SUP-05,5,0,723.61,False,23012.16,11434.4
2025-12-09,P005,Everyday line 05,Beauty,S01,Store 01,North,16,1438.26,0.0,False,False,Clear,12,SUP-05,5,0,723.61,False,23012.16,11434.4
2025-12-10,P005,Everyday line 05,Beauty,S01,Store 01,North,7,1294.43,0.1,True,False,Clear,5,SUP-05,5,0,723.61,False,9061.01,3995.7400000000002
2025-12-11,P005,Everyday line 05,Beauty,S01,Store 01,North,5,1438.26,0.0,False,False,Clear,0,SUP-05,5,0,723.61,True,7191.3,3573.25
2025-12-12,P005,Everyday line 05,Beauty,S01,Store 01,North,4,1438.26,0.0,False,False,Clear,48,SUP-05,5,0,723.61,False,5753.04,2858.6
2025-12-13,P005,Everyday line 05,Beauty,S01,Store 01,North,7,1438.26,0.0,False,False,Clear,41,SUP-05,5,0,723.61,False,10067.82,5002.55
2025-12-14,P005,Everyday line 05,Beauty,S01,Store 01,North,8,1438.26,0.0,False,False,Clear,33,SUP-05,5,0,723.61,False,11506.08,5717.2
2025-12-15,P005,Everyday line 05,Beauty,S01,Store 01,North,13,1438.26,0.0,False,False,Clear,20,SUP-05,5,0,723.61,False,18697.38,9290.449999999999
2025-12-16,P005,Everyday line 05,Beauty,S01,Store 01,North,10,1438.26,0.0,False,False,Clear,10,SUP-05,5,0,723.61,False,14382.6,7146.5
2025-12-17,P005,Everyday line 05,Beauty,S01,Store 01,North,12,1438.26,0.0,False,False,Clear,51,SUP-05,5,0,723.61,False,17259.12,8575.8
2025-12-18,P005,Everyday line 05,Beauty,S01,Store 01,North,13,1438.26,0.0,False,False,Clear,38,SUP-05,5,0,723.61,False,18697.38,9290.449999999999
2025-12-19,P005,Everyday line 05,Beauty,S01,Store 01,North,10,1438.26,0.0,False,False,Clear,28,SUP-05,5,1,723.61,False,14382.6,7146.5
2025-12-20,P005,Everyday line 05,Beauty,S01,Store 01,North,20,1438.26,0.0,False,False,Clear,8,SUP-05,5,0,723.61,False,28765.2,14293.0
2025-12-21,P005,Everyday line 05,Beauty,S01,Store 01,North,8,1438.26,0.0,False,False,Clear,0,SUP-05,5,0,723.61,True,11506.08,5717.2
2025-12-22,P005,Everyday line 05,Beauty,S01,Store 01,North,17,1438.26,0.0,False,False,Clear,36,SUP-05,5,0,723.61,False,24450.42,12149.05
2025-12-23,P005,Everyday line 05,Beauty,S01,Store 01,North,11,1438.26,0.0,False,False,Clear,25,SUP-05,5,0,723.61,False,15820.86,7861.15
2025-12-24,P005,Everyday line 05,Beauty,S01,Store 01,North,13,1438.26,0.0,False,False,Clear,12,SUP-05,5,1,723.61,False,18697.38,9290.449999999999
2025-12-25,P005,Everyday line 05,Beauty,S01,Store 01,North,12,1438.26,0.0,False,True,Clear,0,SUP-05,5,0,723.61,True,17259.12,8575.8
2025-12-26,P005,Everyday line 05,Beauty,S01,Store 01,North,0,1438.26,0.0,False,False,Clear,0,SUP-05,5,0,723.61,True,0.0,0.0
2025-12-27,P005,Everyday line 05,Beauty,S01,Store 01,North,23,1150.61,0.2,True,False,Clear,38,SUP-05,5,1,723.61,False,26464.03,9820.999999999998
2025-12-28,P005,Everyday line 05,Beauty,S01,Store 01,North,11,1438.26,0.0,False,False,Clear,27,SUP-05,5,0,723.61,False,15820.86,7861.15
2025-12-29,P005,Everyday line 05,Beauty,S01,Store 01,North,14,1438.26,0.0,False,False,Clear,13,SUP-05,5,0,723.61,False,20135.64,10005.1
2025-12-30,P005,Everyday line 05,Beauty,S01,Store 01,North,8,1438.26,0.0,False,False,Clear,5,SUP-05,5,0,723.61,False,11506.08,5717.2
2025-12-31,P005,Everyday line 05,Beauty,S01,Store 01,North,5,1438.26,0.0,False,False,Clear,0,SUP-05,5,0,723.61,True,7191.3,3573.25
2025-09-03,P005,Everyday line 05,Beauty,S02,Store 02,South,17,1438.26,0.0,False,False,Rain,218,SUP-05,5,1,723.61,False,24450.42,12149.05
2025-09-04,P005,Everyday line 05,Beauty,S02,Store 02,South,14,1438.26,0.0,False,False,Clear,204,SUP-05,5,1,723.61,False,20135.64,10005.1
2025-09-05,P005,Everyday line 05,Beauty,S02,Store 02,South,11,1438.26,0.0,False,False,Clear,193,SUP-05,5,0,723.61,False,15820.86,7861.15
2025-09-06,P005,Everyday line 05,Beauty,S02,Store 02,South,9,1438.26,0.0,False,False,Rain,184,SUP-05,5,0,723.61,False,12944.34,6431.849999999999
2025-09-07,P005,Everyday line 05,Beauty,S02,Store 02,South,5,1438.26,0.0,False,False,Clear,179,SUP-05,5,0,723.61,False,7191.3,3573.25
2025-09-08,P005,Everyday line 05,Beauty,S02,Store 02,South,5,1438.26,0.0,False,False,Rain,256,SUP-05,5,0,723.61,False,7191.3,3573.25
2025-09-09,P005,Everyday line 05,Beauty,S02,Store 02,South,10,1438.26,0.0,False,False,Clear,246,SUP-05,5,0,723.61,False,14382.6,7146.5
2025-09-10,P005,Everyday line 05,Beauty,S02,Store 02,South,6,1438.26,0.0,False,False,Clear,240,SUP-05,5,1,723.61,False,8629.56,4287.9
2025-09-11,P005,Everyday line 05,Beauty,S02,Store 02,South,10,1438.26,0.0,False,False,Clear,230,SUP-05,5,0,723.61,False,14382.6,7146.5
2025-09-12,P005,Everyday line 05,Beauty,S02,Store 02,South,13,1294.43,0.1,True,False,Clear,217,SUP-05,5,1,723.61,False,16827.59,7420.660000000001
2025-09-13,P005,Everyday line 05,Beauty,S02,Store 02,South,13,1438.26,0.0,False,False,Clear,285,SUP-05,5,0,723.61,False,18697.38,9290.449999999999
2025-09-14,P005,Everyday line 05,Beauty,S02,Store 02,South,12,1438.26,0.0,False,False,Clear,273,SUP-05,5,0,723.61,False,17259.12,8575.8
2025-09-15,P005,Everyday line 05,Beauty,S02,Store 02,South,15,1438.26,0.0,False,False,Clear,258,SUP-05,5,0,723.61,False,21573.9,10719.75
2025-09-16,P005,Everyday line 05,Beauty,S02,Store 02,South,10,1438.26,0.0,False,False,Clear,248,SUP-05,5,0,723.61,False,14382.6,7146.5
2025-09-17,P005,Everyday line 05,Beauty,S02,Store 02,South,21,1438.26,0.0,False,False,Clear,227,SUP-05,5,0,723.61,False,30203.46,15007.65
2025-09-18,P005,Everyday line 05,Beauty,S02,Store 02,South,15,1438.26,0.0,False,False,Clear,296,SUP-05,5,0,723.61,False,21573.9,10719.75
2025-09-19,P005,Everyday line 05,Beauty,S02,Store 02,South,13,1438.26,0.0,False,False,Clear,283,SUP-05,5,0,723.61,False,18697.38,9290.449999999999
2025-09-20,P005,Everyday line 05,Beauty,S02,Store 02,South,23,1438.26,0.0,False,False,Rain,260,SUP-05,5,0,723.61,False,33079.98,16436.95
2025-09-21,P005,Everyday line 05,Beauty,S02,Store 02,South,16,1438.26,0.0,False,False,Clear,244,SUP-05,5,0,723.61,False,23012.16,11434.4
2025-09-22,P005,Everyday line 05,Beauty,S02,Store 02,South,18,1438.26,0.0,False,False,Clear,226,SUP-05,5,0,723.61,False,25888.68,12863.699999999999
2025-09-23,P005,Everyday line 05,Beauty,S02,Store 02,South,11,1438.26,0.0,False,False,Clear,300,SUP-05,5,0,723.61,False,15820.86,7861.15
2025-09-24,P005,Everyday line 05,Beauty,S02,Store 02,South,16,1438.26,0.0,False,False,Clear,284,SUP-05,5,0,723.61,False,23012.16,11434.4
2025-09-25,P005,Everyday line 05,Beauty,S02,Store 02,South,14,1438.26,0.0,False,False,Rain,270,SUP-05,5,1,723.61,False,20135.64,10005.1
2025-09-26,P005,Everyday line 05,Beauty,S02,Store 02,South,13,1438.26,0.0,False,False,Clear,257,SUP-05,5,1,723.61,False,18697.38,9290.449999999999
2025-09-27,P005,Everyday line 05,Beauty,S02,Store 02,South,26,1438.26,0.0,False,False,Clear,231,SUP-05,5,2,723.61,False,37394.76,18580.899999999998
2025-09-28,P005,Everyday line 05,Beauty,S02,Store 02,South,18,1438.26,0.0,False,False,Clear,290,SUP-05,5,0,723.61,False,25888.68,12863.699999999999
2025-09-29,P005,Everyday line 05,Beauty,S02,Store 02,South,9,1438.26,0.0,False,False,Clear,281,SUP-05,5,0,723.61,False,12944.34,6431.849999999999
2025-09-30,P005,Everyday line 05,Beauty,S02,Store 02,South,10,1438.26,0.0,False,False,Rain,271,SUP-05,5,0,723.61,False,14382.6,7146.5
2025-10-01,P005,Everyday line 05,Beauty,S02,Store 02,South,12,1438.26,0.0,False,False,Clear,259,SUP-05,5,0,723.61,False,17259.12,8575.8
2025-10-02,P005,Everyday line 05,Beauty,S02,Store 02,South,17,1150.61,0.2,True,True,Clear,242,SUP-05,5,0,723.61,False,19560.37,7258.999999999998
2025-10-03,P005,Everyday line 05,Beauty,S02,Store 02,South,12,1438.26,0.0,False,False,Clear,315,SUP-05,5,0,723.61,False,17259.12,8575.8
2025-10-04,P005,Everyday line 05,Beauty,S02,Store 02,South,15,1150.61,0.2,True,False,Clear,300,SUP-05,5,0,723.61,False,17259.149999999998,6404.999999999998
2025-10-05,P005,Everyday line 05,Beauty,S02,Store 02,South,20,1438.26,0.0,False,False,Clear,280,SUP-05,5,0,723.61,False,28765.2,14293.0
2025-10-06,P005,Everyday line 05,Beauty,S02,Store 02,South,10,1438.26,0.0,False,False,Clear,270,SUP-05,5,0,723.61,False,14382.6,7146.5
2025-10-07,P005,Everyday line 05,Beauty,S02,Store 02,South,12,1438.26,0.0,False,False,Clear,258,SUP-05,5,0,723.61,False,17259.12,8575.8
2025-10-08,P005,Everyday line 05,Beauty,S02,Store 02,South,8,1438.26,0.0,False,False,Clear,333,SUP-05,5,0,723.61,False,11506.08,5717.2
2025-10-09,P005,Everyday line 05,Beauty,S02,Store 02,South,13,1438.26,0.0,False,False,Clear,320,SUP-05,5,0,723.61,False,18697.38,9290.449999999999
2025-10-10,P005,Everyday line 05,Beauty,S02,Store 02,South,12,1438.26,0.0,False,False,Clear,308,SUP-05,5,0,723.61,False,17259.12,8575.8
2025-10-11,P005,Everyday line 05,Beauty,S02,Store 02,South,15,1438.26,0.0,False,False,Clear,293,SUP-05,5,0,723.61,False,21573.9,10719.75
2025-10-12,P005,Everyday line 05,Beauty,S02,Store 02,South,10,1438.26,0.0,False,False,Clear,283,SUP-05,5,0,723.61,False,14382.6,7146.5
2025-10-13,P005,Everyday line 05,Beauty,S02,Store 02,South,12,1438.26,0.0,False,False,Clear,348,SUP-05,5,0,723.61,False,17259.12,8575.8
2025-10-14,P005,Everyday line 05,Beauty,S02,Store 02,South,9,1438.26,0.0,False,False,Clear,339,SUP-05,5,0,723.61,False,12944.34,6431.849999999999
2025-10-15,P005,Everyday line 05,Beauty,S02,Store 02,South,17,1438.26,0.0,False,False,Rain,322,SUP-05,5,0,723.61,False,24450.42,12149.05
2025-10-16,P005,Everyday line 05,Beauty,S02,Store 02,South,9,1438.26,0.0,False,False,Clear,313,SUP-05,5,0,723.61,False,12944.34,6431.849999999999
2025-10-17,P005,Everyday line 05,Beauty,S02,Store 02,South,13,1438.26,0.0,False,False,Rain,300,SUP-05,5,0,723.61,False,18697.38,9290.449999999999
2025-10-18,P005,Everyday line 05,Beauty,S02,Store 02,South,10,1438.26,0.0,False,False,Clear,364,SUP-05,5,0,723.61,False,14382.6,7146.5
2025-10-19,P005,Everyday line 05,Beauty,S02,Store 02,South,22,1366.35,0.05,True,False,Clear,342,SUP-05,5,0,723.61,False,30059.699999999997,14140.279999999997
2025-10-20,P005,Everyday line 05,Beauty,S02,Store 02,South,18,1438.26,0.0,False,False,Clear,324,SUP-05,5,0,723.61,False,25888.68,12863.699999999999
2025-10-21,P005,Everyday line 05,Beauty,S02,Store 02,South,18,1438.26,0.0,False,False,Rain,306,SUP-05,5,0,723.61,False,25888.68,12863.699999999999
2025-10-22,P005,Everyday line 05,Beauty,S02,Store 02,South,15,1438.26,0.0,False,False,Rain,291,SUP-05,5,0,723.61,False,21573.9,10719.75
2025-10-23,P005,Everyday line 05,Beauty,S02,Store 02,South,10,1438.26,0.0,False,False,Clear,366,SUP-05,5,0,723.61,False,14382.6,7146.5
2025-10-24,P005,Everyday line 05,Beauty,S02,Store 02,South,14,1438.26,0.0,False,False,Clear,352,SUP-05,5,0,723.61,False,20135.64,10005.1
2025-10-25,P005,Everyday line 05,Beauty,S02,Store 02,South,23,1438.26,0.0,False,False,Clear,329,SUP-05,5,1,723.61,False,33079.98,16436.95
2025-10-26,P005,Everyday line 05,Beauty,S02,Store 02,South,21,1438.26,0.0,False,False,Rain,308,SUP-05,5,0,723.61,False,30203.46,15007.65
2025-10-27,P005,Everyday line 05,Beauty,S02,Store 02,South,16,1438.26,0.0,False,False,Clear,292,SUP-05,5,0,723.61,False,23012.16,11434.4
2025-10-28,P005,Everyday line 05,Beauty,S02,Store 02,South,12,1438.26,0.0,False,False,Clear,362,SUP-05,5,0,723.61,False,17259.12,8575.8
2025-10-29,P005,Everyday line 05,Beauty,S02,Store 02,South,11,1438.26,0.0,False,False,Clear,351,SUP-05,5,0,723.61,False,15820.86,7861.15
2025-10-30,P005,Everyday line 05,Beauty,S02,Store 02,South,15,1438.26,0.0,False,False,Clear,336,SUP-05,5,1,723.61,False,21573.9,10719.75
2025-10-31,P005,Everyday line 05,Beauty,S02,Store 02,South,13,1438.26,0.0,False,False,Clear,323,SUP-05,5,0,723.61,False,18697.38,9290.449999999999
2025-11-01,P005,Everyday line 05,Beauty,S02,Store 02,South,16,1438.26,0.0,False,False,Rain,307,SUP-05,5,0,723.61,False,23012.16,11434.4
2025-11-02,P005,Everyday line 05,Beauty,S02,Store 02,South,17,1438.26,0.0,False,False,Clear,376,SUP-05,5,0,723.61,False,24450.42,12149.05
2025-11-03,P005,Everyday line 05,Beauty,S02,Store 02,South,16,1438.26,0.0,False,False,Clear,360,SUP-05,5,0,723.61,False,23012.16,11434.4
2025-11-04,P005,Everyday line 05,Beauty,S02,Store 02,South,10,1438.26,0.0,False,False,Clear,350,SUP-05,5,0,723.61,False,14382.6,7146.5
2025-11-05,P005,Everyday line 05,Beauty,S02,Store 02,South,13,1222.52,0.15,True,False,Clear,337,SUP-05,5,0,723.61,False,15892.76,6485.83
2025-11-06,P005,Everyday line 05,Beauty,S02,Store 02,South,15,1438.26,0.0,False,False,Clear,322,SUP-05,5,0,723.61,False,21573.9,10719.75
2025-11-07,P005,Everyday line 05,Beauty,S02,Store 02,South,12,1438.26,0.0,False,False,Clear,390,SUP-05,5,0,723.61,False,17259.12,8575.8
2025-11-08,P005,Everyday line 05,Beauty,S02,Store 02,South,17,1438.26,0.0,False,False,Clear,373,SUP-05,5,1,723.61,False,24450.42,12149.05
2025-11-09,P005,Everyday line 05,Beauty,S02,Store 02,South,11,1438.26,0.0,False,False,Clear,362,SUP-05,5,0,723.61,False,15820.86,7861.15
2025-11-10,P005,Everyday line 05,Beauty,S02,Store 02,South,8,1438.26,0.0,False,False,Clear,354,SUP-05,5,0,723.61,False,11506.08,5717.2
2025-11-11,P005,Everyday line 05,Beauty,S02,Store 02,South,14,1438.26,0.0,False,False,Clear,340,SUP-05,5,0,723.61,False,20135.64,10005.1
2025-11-12,P005,Everyday line 05,Beauty,S02,Store 02,South,10,1438.26,0.0,False,False,Clear,413,SUP-05,5,0,723.61,False,14382.6,7146.5
2025-11-13,P005,Everyday line 05,Beauty,S02,Store 02,South,14,1294.43,0.1,True,False,Rain,399,SUP-05,5,0,723.61,False,18122.02,7991.4800000000005
2025-11-14,P005,Everyday line 05,Beauty,S02,Store 02,South,16,1438.26,0.0,False,False,Clear,383,SUP-05,5,1,723.61,False,23012.16,11434.4
2025-11-15,P005,Everyday line 05,Beauty,S02,Store 02,South,14,1438.26,0.0,False,False,Clear,369,SUP-05,5,0,723.61,False,20135.64,10005.1
2025-11-16,P005,Everyday line 05,Beauty,S02,Store 02,South,18,1438.26,0.0,False,False,Clear,351,SUP-05,5,1,723.61,False,25888.68,12863.699999999999
2025-11-17,P005,Everyday line 05,Beauty,S02,Store 02,South,14,1438.26,0.0,False,False,Clear,413,SUP-05,5,0,723.61,False,20135.64,10005.1
2025-11-18,P005,Everyday line 05,Beauty,S02,Store 02,South,9,1438.26,0.0,False,False,Clear,404,SUP-05,5,1,723.61,False,12944.34,6431.849999999999
2025-11-19,P005,Everyday line 05,Beauty,S02,Store 02,South,13,1438.26,0.0,False,False,Clear,391,SUP-05,5,0,723.61,False,18697.38,9290.449999999999
2025-11-20,P005,Everyday line 05,Beauty,S02,Store 02,South,6,1438.26,0.0,False,False,Clear,385,SUP-05,5,0,723.61,False,8629.56,4287.9
2025-11-21,P005,Everyday line 05,Beauty,S02,Store 02,South,17,1438.26,0.0,False,False,Clear,368,SUP-05,5,0,723.61,False,24450.42,12149.05
2025-11-22,P005,Everyday line 05,Beauty,S02,Store 02,South,23,1438.26,0.0,False,False,Clear,422,SUP-05,5,0,723.61,False,33079.98,16436.95
2025-11-23,P005,Everyday line 05,Beauty,S02,Store 02,South,13,1438.26,0.0,False,False,Rain,409,SUP-05,5,1,723.61,False,18697.38,9290.449999999999
2025-11-24,P005,Everyday line 05,Beauty,S02,Store 02,South,14,1438.26,0.0,False,False,Rain,395,SUP-05,5,0,723.61,False,20135.64,10005.1
2025-11-25,P005,Everyday line 05,Beauty,S02,Store 02,South,15,1438.26,0.0,False,False,Clear,380,SUP-05,5,0,723.61,False,21573.9,10719.75
2025-11-26,P005,Everyday line 05,Beauty,S02,Store 02,South,14,1438.26,0.0,False,False,Clear,366,SUP-05,5,0,723.61,False,20135.64,10005.1
2025-11-27,P005,Everyday line 05,Beauty,S02,Store 02,South,18,1438.26,0.0,False,False,Clear,425,SUP-05,5,0,723.61,False,25888.68,12863.699999999999
2025-11-28,P005,Everyday line 05,Beauty,S02,Store 02,South,13,1438.26,0.0,False,False,Clear,412,SUP-05,5,0,723.61,False,18697.38,9290.449999999999
2025-11-29,P005,Everyday line 05,Beauty,S02,Store 02,South,13,1438.26,0.0,False,False,Clear,399,SUP-05,5,0,723.61,False,18697.38,9290.449999999999
2025-11-30,P005,Everyday line 05,Beauty,S02,Store 02,South,11,1438.26,0.0,False,False,Clear,388,SUP-05,5,0,723.61,False,15820.86,7861.15
2025-12-01,P005,Everyday line 05,Beauty,S02,Store 02,South,14,1438.26,0.0,False,False,Clear,374,SUP-05,5,1,723.61,False,20135.64,10005.1
2025-12-02,P005,Everyday line 05,Beauty,S02,Store 02,South,8,1438.26,0.0,False,False,Clear,439,SUP-05,5,0,723.61,False,11506.08,5717.2
2025-12-03,P005,Everyday line 05,Beauty,S02,Store 02,South,13,1438.26,0.0,False,False,Clear,426,SUP-05,5,0,723.61,False,18697.38,9290.449999999999
2025-12-04,P005,Everyday line 05,Beauty,S02,Store 02,South,13,1438.26,0.0,False,False,Clear,413,SUP-05,5,0,723.61,False,18697.38,9290.449999999999
2025-12-05,P005,Everyday line 05,Beauty,S02,Store 02,South,10,1438.26,0.0,False,False,Clear,403,SUP-05,5,0,723.61,False,14382.6,7146.5
2025-12-06,P005,Everyday line 05,Beauty,S02,Store 02,South,18,1438.26,0.0,False,False,Clear,385,SUP-05,5,0,723.61,False,25888.68,12863.699999999999
2025-12-07,P005,Everyday line 05,Beauty,S02,Store 02,South,23,1222.52,0.15,True,False,Clear,449,SUP-05,5,0,723.61,False,28117.96,11474.929999999998
2025-12-08,P005,Everyday line 05,Beauty,S02,Store 02,South,11,1438.26,0.0,False,False,Clear,438,SUP-05,5,0,723.61,False,15820.86,7861.15
2025-12-09,P005,Everyday line 05,Beauty,S02,Store 02,South,9,1438.26,0.0,False,False,Clear,429,SUP-05,5,0,723.61,False,12944.34,6431.849999999999
2025-12-10,P005,Everyday line 05,Beauty,S02,Store 02,South,11,1438.26,0.0,False,False,Clear,418,SUP-05,5,0,723.61,False,15820.86,7861.15
2025-12-11,P005,Everyday line 05,Beauty,S02,Store 02,South,15,1438.26,0.0,False,False,Clear,403,SUP-05,5,0,723.61,False,21573.9,10719.75
2025-12-12,P005,Everyday line 05,Beauty,S02,Store 02,South,15,1438.26,0.0,False,False,Clear,460,SUP-05,5,0,723.61,False,21573.9,10719.75
2025-12-13,P005,Everyday line 05,Beauty,S02,Store 02,South,4,1438.26,0.0,False,False,Clear,456,SUP-05,5,0,723.61,False,5753.04,2858.6
2025-12-14,P005,Everyday line 05,Beauty,S02,Store 02,South,12,1438.26,0.0,False,False,Rain,444,SUP-05,5,0,723.61,False,17259.12,8575.8
2025-12-15,P005,Everyday line 05,Beauty,S02,Store 02,South,12,1438.26,0.0,False,False,Clear,432,SUP-05,5,0,723.61,False,17259.12,8575.8
2025-12-16,P005,Everyday line 05,Beauty,S02,Store 02,South,9,1438.26,0.0,False,False,Rain,423,SUP-05,5,0,723.61,False,12944.34,6431.849999999999
2025-12-17,P005,Everyday line 05,Beauty,S02,Store 02,South,11,1438.26,0.0,False,False,Clear,489,SUP-05,5,1,723.61,False,15820.86,7861.15
2025-12-18,P005,Everyday line 05,Beauty,S02,Store 02,South,18,1438.26,0.0,False,False,Clear,471,SUP-05,5,0,723.61,False,25888.68,12863.699999999999
2025-12-19,P005,Everyday line 05,Beauty,S02,Store 02,South,18,1438.26,0.0,False,False,Clear,453,SUP-05,5,0,723.61,False,25888.68,12863.699999999999
2025-12-20,P005,Everyday line 05,Beauty,S02,Store 02,South,24,1438.26,0.0,False,False,Clear,429,SUP-05,5,1,723.61,False,34518.24,17151.6
2025-12-21,P005,Everyday line 05,Beauty,S02,Store 02,South,18,1438.26,0.0,False,False,Clear,411,SUP-05,5,0,723.61,False,25888.68,12863.699999999999
2025-12-22,P005,Everyday line 05,Beauty,S02,Store 02,South,11,1438.26,0.0,False,False,Clear,485,SUP-05,5,0,723.61,False,15820.86,7861.15
2025-12-23,P005,Everyday line 05,Beauty,S02,Store 02,South,14,1438.26,0.0,False,False,Clear,471,SUP-05,5,0,723.61,False,20135.64,10005.1
2025-12-24,P005,Everyday line 05,Beauty,S02,Store 02,South,19,1438.26,0.0,False,False,Clear,452,SUP-05,5,2,723.61,False,27326.94,13578.35
2025-12-25,P005,Everyday line 05,Beauty,S02,Store 02,South,22,1438.26,0.0,False,True,Clear,430,SUP-05,5,1,723.61,False,31641.72,15722.3
2025-12-26,P005,Everyday line 05,Beauty,S02,Store 02,South,13,1438.26,0.0,False,False,Rain,417,SUP-05,5,0,723.61,False,18697.38,9290.449999999999
2025-12-27,P005,Everyday line 05,Beauty,S02,Store 02,South,19,1438.26,0.0,False,False,Rain,473,SUP-05,5,1,723.61,False,27326.94,13578.35
2025-12-28,P005,Everyday line 05,Beauty,S02,Store 02,South,21,1438.26,0.0,False,False,Rain,452,SUP-05,5,0,723.61,False,30203.46,15007.65
2025-12-29,P005,Everyday line 05,Beauty,S02,Store 02,South,10,1438.26,0.0,False,False,Clear,442,SUP-05,5,1,723.61,False,14382.6,7146.5
2025-12-30,P005,Everyday line 05,Beauty,S02,Store 02,South,27,1438.26,0.0,False,False,Clear,415,SUP-05,5,0,723.61,False,38833.02,19295.55
2025-12-31,P005,Everyday line 05,Beauty,S02,Store 02,South,19,1438.26,0.0,False,False,Rain,396,SUP-05,5,2,723.61,False,27326.94,13578.35
2025-09-03,P005,Everyday line 05,Beauty,S03,Store 03,East,22,1438.26,0.0,False,False,Clear,350,SUP-05,4,0,723.61,False,31641.72,15722.3
2025-09-04,P005,Everyday line 05,Beauty,S03,Store 03,East,14,1438.26,0.0,False,False,Clear,336,SUP-05,4,1,723.61,False,20135.64,10005.1
2025-09-05,P005,Everyday line 05,Beauty,S03,Store 03,East,19,1438.26,0.0,False,False,Rain,317,SUP-05,4,0,723.61,False,27326.94,13578.35
2025-09-06,P005,Everyday line 05,Beauty,S03,Store 03,East,18,1438.26,0.0,False,False,Rain,299,SUP-05,4,1,723.61,False,25888.68,12863.699999999999
2025-09-07,P005,Everyday line 05,Beauty,S03,Store 03,East,14,1438.26,0.0,False,False,Clear,387,SUP-05,4,1,723.61,False,20135.64,10005.1
2025-09-08,P005,Everyday line 05,Beauty,S03,Store 03,East,16,1438.26,0.0,False,False,Clear,371,SUP-05,4,0,723.61,False,23012.16,11434.4
2025-09-09,P005,Everyday line 05,Beauty,S03,Store 03,East,10,1438.26,0.0,False,False,Clear,361,SUP-05,4,0,723.61,False,14382.6,7146.5
2025-09-10,P005,Everyday line 05,Beauty,S03,Store 03,East,16,1438.26,0.0,False,False,Clear,345,SUP-05,4,0,723.61,False,23012.16,11434.4
2025-09-11,P005,Everyday line 05,Beauty,S03,Store 03,East,15,1438.26,0.0,False,False,Clear,420,SUP-05,4,0,723.61,False,21573.9,10719.75
2025-09-12,P005,Everyday line 05,Beauty,S03,Store 03,East,15,1438.26,0.0,False,False,Rain,405,SUP-05,4,0,723.61,False,21573.9,10719.75
2025-09-13,P005,Everyday line 05,Beauty,S03,Store 03,East,15,1438.26,0.0,False,False,Clear,390,SUP-05,4,2,723.61,False,21573.9,10719.75
2025-09-14,P005,Everyday line 05,Beauty,S03,Store 03,East,18,1438.26,0.0,False,False,Clear,372,SUP-05,4,0,723.61,False,25888.68,12863.699999999999
2025-09-15,P005,Everyday line 05,Beauty,S03,Store 03,East,11,1438.26,0.0,False,False,Clear,467,SUP-05,4,0,723.61,False,15820.86,7861.15
2025-09-16,P005,Everyday line 05,Beauty,S03,Store 03,East,16,1438.26,0.0,False,False,Clear,451,SUP-05,4,0,723.61,False,23012.16,11434.4
2025-09-17,P005,Everyday line 05,Beauty,S03,Store 03,East,18,1438.26,0.0,False,False,Clear,433,SUP-05,4,3,723.61,False,25888.68,12863.699999999999
2025-09-18,P005,Everyday line 05,Beauty,S03,Store 03,East,23,1438.26,0.0,False,False,Clear,410,SUP-05,4,1,723.61,False,33079.98,16436.95
2025-09-19,P005,Everyday line 05,Beauty,S03,Store 03,East,18,1438.26,0.0,False,False,Rain,482,SUP-05,4,0,723.61,False,25888.68,12863.699999999999
2025-09-20,P005,Everyday line 05,Beauty,S03,Store 03,East,27,1438.26,0.0,False,False,Clear,455,SUP-05,4,0,723.61,False,38833.02,19295.55
2025-09-21,P005,Everyday line 05,Beauty,S03,Store 03,East,19,1438.26,0.0,False,False,Clear,436,SUP-05,4,0,723.61,False,27326.94,13578.35
2025-09-22,P005,Everyday line 05,Beauty,S03,Store 03,East,14,1438.26,0.0,False,False,Clear,422,SUP-05,4,0,723.61,False,20135.64,10005.1
2025-09-23,P005,Everyday line 05,Beauty,S03,Store 03,East,32,1366.35,0.05,True,False,Clear,486,SUP-05,4,0,723.61,False,43723.2,20567.679999999997
2025-09-24,P005,Everyday line 05,Beauty,S03,Store 03,East,23,1438.26,0.0,False,False,Clear,463,SUP-05,4,1,723.61,False,33079.98,16436.95
2025-09-25,P005,Everyday line 05,Beauty,S03,Store 03,East,26,1438.26,0.0,False,False,Clear,437,SUP-05,4,1,723.61,False,37394.76,18580.899999999998
2025-09-26,P005,Everyday line 05,Beauty,S03,Store 03,East,39,1150.61,0.2,True,False,Clear,398,SUP-05,4,0,723.61,False,44873.78999999999,16652.999999999996
2025-09-27,P005,Everyday line 05,Beauty,S03,Store 03,East,17,1438.26,0.0,False,False,Clear,477,SUP-05,4,0,723.61,False,24450.42,12149.05
2025-09-28,P005,Everyday line 05,Beauty,S03,Store 03,East,35,1438.26,0.0,False,False,Clear,442,SUP-05,4,0,723.61,False,50339.1,25012.75
2025-09-29,P005,Everyday line 05,Beauty,S03,Store 03,East,24,1438.26,0.0,False,False,Clear,418,SUP-05,4,1,723.61,False,34518.24,17151.6
2025-09-30,P005,Everyday line 05,Beauty,S03,Store 03,East,26,1438.26,0.0,False,False,Clear,392,SUP-05,4,2,723.61,False,37394.76,18580.899999999998
2025-10-01,P005,Everyday line 05,Beauty,S03,Store 03,East,19,1438.26,0.0,False,False,Clear,470,SUP-05,4,1,723.61,False,27326.94,13578.35
2025-10-02,P005,Everyday line 05,Beauty,S03,Store 03,East,16,1438.26,0.0,False,True,Clear,454,SUP-05,4,1,723.61,False,23012.16,11434.4
2025-10-03,P005,Everyday line 05,Beauty,S03,Store 03,East,22,1438.26,0.0,False,False,Clear,432,SUP-05,4,0,723.61,False,31641.72,15722.3
2025-10-04,P005,Everyday line 05,Beauty,S03,Store 03,East,23,1438.26,0.0,False,False,Rain,409,SUP-05,4,1,723.61,False,33079.98,16436.95
2025-10-05,P005,Everyday line 05,Beauty,S03,Store 03,East,13,1438.26,0.0,False,False,Clear,498,SUP-05,4,0,723.61,False,18697.38,9290.449999999999
2025-10-06,P005,Everyday line 05,Beauty,S03,Store 03,East,21,1438.26,0.0,False,False,Rain,477,SUP-05,4,0,723.61,False,30203.46,15007.65
2025-10-07,P005,Everyday line 05,Beauty,S03,Store 03,East,11,1438.26,0.0,False,False,Clear,466,SUP-05,4,0,723.61,False,15820.86,7861.15
2025-10-08,P005,Everyday line 05,Beauty,S03,Store 03,East,11,1438.26,0.0,False,False,Clear,455,SUP-05,4,0,723.61,False,15820.86,7861.15
2025-10-09,P005,Everyday line 05,Beauty,S03,Store 03,East,13,1438.26,0.0,False,False,Clear,550,SUP-05,4,0,723.61,False,18697.38,9290.449999999999
2025-10-10,P005,Everyday line 05,Beauty,S03,Store 03,East,11,1438.26,0.0,False,False,Clear,539,SUP-05,4,0,723.61,False,15820.86,7861.15
2025-10-11,P005,Everyday line 05,Beauty,S03,Store 03,East,25,1222.52,0.15,True,False,Clear,514,SUP-05,4,1,723.61,False,30563.0,12472.75
2025-10-12,P005,Everyday line 05,Beauty,S03,Store 03,East,17,1438.26,0.0,False,False,Clear,497,SUP-05,4,0,723.61,False,24450.42,12149.05
2025-10-13,P005,Everyday line 05,Beauty,S03,Store 03,East,18,1150.61,0.2,True,False,Clear,586,SUP-05,4,0,723.61,False,20710.98,7685.999999999998
2025-10-14,P005,Everyday line 05,Beauty,S03,Store 03,East,16,1438.26,0.0,False,False,Clear,570,SUP-05,4,0,723.61,False,23012.16,11434.4
2025-10-15,P005,Everyday line 05,Beauty,S03,Store 03,East,14,1438.26,0.0,False,False,Clear,556,SUP-05,4,0,723.61,False,20135.64,10005.1
2025-10-16,P005,Everyday line 05,Beauty,S03,Store 03,East,19,1438.26,0.0,False,False,Clear,537,SUP-05,4,0,723.61,False,27326.94,13578.35
2025-10-17,P005,Everyday line 05,Beauty,S03,Store 03,East,25,1438.26,0.0,False,False,Clear,614,SUP-05,4,0,723.61,False,35956.5,17866.25
2025-10-18,P005,Everyday line 05,Beauty,S03,Store 03,East,24,1438.26,0.0,False,False,Clear,590,SUP-05,4,2,723.61,False,34518.24,17151.6
2025-10-19,P005,Everyday line 05,Beauty,S03,Store 03,East,24,1438.26,0.0,False,False,Clear,566,SUP-05,4,0,723.61,False,34518.24,17151.6
2025-10-20,P005,Everyday line 05,Beauty,S03,Store 03,East,24,1438.26,0.0,False,False,Clear,542,SUP-05,4,0,723.61,False,34518.24,17151.6
2025-10-21,P005,Everyday line 05,Beauty,S03,Store 03,East,21,1438.26,0.0,False,False,Rain,612,SUP-05,4,2,723.61,False,30203.46,15007.65
2025-10-22,P005,Everyday line 05,Beauty,S03,Store 03,East,25,1438.26,0.0,False,False,Clear,587,SUP-05,4,0,723.61,False,35956.5,17866.25
2025-10-23,P005,Everyday line 05,Beauty,S03,Store 03,East,23,1438.26,0.0,False,False,Clear,564,SUP-05,4,0,723.61,False,33079.98,16436.95
2025-10-24,P005,Everyday line 05,Beauty,S03,Store 03,East,16,1438.26,0.0,False,False,Clear,548,SUP-05,4,0,723.61,False,23012.16,11434.4
2025-10-25,P005,Everyday line 05,Beauty,S03,Store 03,East,24,1438.26,0.0,False,False,Clear,622,SUP-05,4,0,723.61,False,34518.24,17151.6
2025-10-26,P005,Everyday line 05,Beauty,S03,Store 03,East,17,1438.26,0.0,False,False,Clear,605,SUP-05,4,1,723.61,False,24450.42,12149.05
2025-10-27,P005,Everyday line 05,Beauty,S03,Store 03,East,23,1438.26,0.0,False,False,Clear,582,SUP-05,4,0,723.61,False,33079.98,16436.95
2025-10-28,P005,Everyday line 05,Beauty,S03,Store 03,East,18,1438.26,0.0,False,False,Rain,564,SUP-05,4,0,723.61,False,25888.68,12863.699999999999
2025-10-29,P005,Everyday line 05,Beauty,S03,Store 03,East,16,1438.26,0.0,False,False,Clear,656,SUP-05,4,0,723.61,False,23012.16,11434.4
2025-10-30,P005,Everyday line 05,Beauty,S03,Store 03,East,22,1438.26,0.0,False,False,Clear,634,SUP-05,4,1,723.61,False,31641.72,15722.3
2025-10-31,P005,Everyday line 05,Beauty,S03,Store 03,East,17,1438.26,0.0,False,False,Clear,617,SUP-05,4,1,723.61,False,24450.42,12149.05
2025-11-01,P005,Everyday line 05,Beauty,S03,Store 03,East,23,1438.26,0.0,False,False,Clear,594,SUP-05,4,2,723.61,False,33079.98,16436.95
2025-11-02,P005,Everyday line 05,Beauty,S03,Store 03,East,18,1438.26,0.0,False,False,Clear,678,SUP-05,4,0,723.61,False,25888.68,12863.699999999999
2025-11-03,P005,Everyday line 05,Beauty,S03,Store 03,East,21,1438.26,0.0,False,False,Clear,657,SUP-05,4,1,723.61,False,30203.46,15007.65
2025-11-04,P005,Everyday line 05,Beauty,S03,Store 03,East,21,1438.26,0.0,False,False,Clear,636,SUP-05,4,0,723.61,False,30203.46,15007.65
2025-11-05,P005,Everyday line 05,Beauty,S03,Store 03,East,15,1438.26,0.0,False,False,Clear,621,SUP-05,4,1,723.61,False,21573.9,10719.75
2025-11-06,P005,Everyday line 05,Beauty,S03,Store 03,East,14,1438.26,0.0,False,False,Clear,697,SUP-05,4,0,723.61,False,20135.64,10005.1
2025-11-07,P005,Everyday line 05,Beauty,S03,Store 03,East,18,1438.26,0.0,False,False,Clear,679,SUP-05,4,0,723.61,False,25888.68,12863.699999999999
2025-11-08,P005,Everyday line 05,Beauty,S03,Store 03,East,10,1438.26,0.0,False,False,Clear,669,SUP-05,4,0,723.61,False,14382.6,7146.5
2025-11-09,P005,Everyday line 05,Beauty,S03,Store 03,East,22,1438.26,0.0,False,False,Rain,647,SUP-05,4,0,723.61,False,31641.72,15722.3
2025-11-10,P005,Everyday line 05,Beauty,S03,Store 03,East,13,1438.26,0.0,False,False,Rain,743,SUP-05,4,0,723.61,False,18697.38,9290.449999999999
2025-11-11,P005,Everyday line 05,Beauty,S03,Store 03,East,14,1438.26,0.0,False,False,Clear,729,SUP-05,4,0,723.61,False,20135.64,10005.1
2025-11-12,P005,Everyday line 05,Beauty,S03,Store 03,East,19,1438.26,0.0,False,False,Clear,710,SUP-05,4,0,723.61,False,27326.94,13578.35
2025-11-13,P005,Everyday line 05,Beauty,S03,Store 03,East,14,1438.26,0.0,False,False,Clear,696,SUP-05,4,0,723.61,False,20135.64,10005.1
2025-11-14,P005,Everyday line 05,Beauty,S03,Store 03,East,23,1438.26,0.0,False,False,Rain,778,SUP-05,4,1,723.61,False,33079.98,16436.95
2025-11-15,P005,Everyday line 05,Beauty,S03,Store 03,East,30,1438.26,0.0,False,False,Clear,748,SUP-05,4,0,723.61,False,43147.8,21439.5
2025-11-16,P005,Everyday line 05,Beauty,S03,Store 03,East,23,1150.61,0.2,True,False,Clear,725,SUP-05,4,1,723.61,False,26464.03,9820.999999999998
2025-11-17,P005,Everyday line 05,Beauty,S03,Store 03,East,19,1438.26,0.0,False,False,Clear,706,SUP-05,4,0,723.61,False,27326.94,13578.35
2025-11-18,P005,Everyday line 05,Beauty,S03,Store 03,East,16,1438.26,0.0,False,False,Clear,793,SUP-05,4,1,723.61,False,23012.16,11434.4
2025-11-19,P005,Everyday line 05,Beauty,S03,Store 03,East,31,1438.26,0.0,False,False,Clear,762,SUP-05,4,0,723.61,False,44586.06,22154.149999999998
2025-11-20,P005,Everyday line 05,Beauty,S03,Store 03,East,25,1438.26,0.0,False,False,Clear,737,SUP-05,4,0,723.61,False,35956.5,17866.25
2025-11-21,P005,Everyday line 05,Beauty,S03,Store 03,East,16,1438.26,0.0,False,False,Clear,721,SUP-05,4,0,723.61,False,23012.16,11434.4
2025-11-22,P005,Everyday line 05,Beauty,S03,Store 03,East,26,1438.26,0.0,False,False,Clear,789,SUP-05,4,1,723.61,False,37394.76,18580.899999999998
2025-11-23,P005,Everyday line 05,Beauty,S03,Store 03,East,21,1438.26,0.0,False,False,Clear,768,SUP-05,4,0,723.61,False,30203.46,15007.65
2025-11-24,P005,Everyday line 05,Beauty,S03,Store 03,East,31,1294.43,0.1,True,False,Clear,737,SUP-05,4,0,723.61,False,40127.33,17695.420000000002
2025-11-25,P005,Everyday line 05,Beauty,S03,Store 03,East,15,1438.26,0.0,False,False,Clear,722,SUP-05,4,0,723.61,False,21573.9,10719.75
2025-11-26,P005,Everyday line 05,Beauty,S03,Store 03,East,25,1438.26,0.0,False,False,Clear,792,SUP-05,4,1,723.61,False,35956.5,17866.25
2025-11-27,P005,Everyday line 05,Beauty,S03,Store 03,East,22,1438.26,0.0,False,False,Clear,770,SUP-05,4,0,723.61,False,31641.72,15722.3
2025-11-28,P005,Everyday line 05,Beauty,S03,Store 03,East,17,1438.26,0.0,False,False,Clear,753,SUP-05,4,0,723.61,False,24450.42,12149.05
2025-11-29,P005,Everyday line 05,Beauty,S03,Store 03,East,24,1438.26,0.0,False,False,Clear,729,SUP-05,4,0,723.61,False,34518.24,17151.6
2025-11-30,P005,Everyday line 05,Beauty,S03,Store 03,East,21,1438.26,0.0,False,False,Clear,808,SUP-05,4,0,723.61,False,30203.46,15007.65
2025-12-01,P005,Everyday line 05,Beauty,S03,Store 03,East,17,1438.26,0.0,False,False,Clear,791,SUP-05,4,0,723.61,False,24450.42,12149.05
2025-12-02,P005,Everyday line 05,Beauty,S03,Store 03,East,15,1438.26,0.0,False,False,Clear,776,SUP-05,4,0,723.61,False,21573.9,10719.75
2025-12-03,P005,Everyday line 05,Beauty,S03,Store 03,East,18,1438.26,0.0,False,False,Clear,758,SUP-05,4,0,723.61,False,25888.68,12863.699999999999
2025-12-04,P005,Everyday line 05,Beauty,S03,Store 03,East,18,1438.26,0.0,False,False,Clear,838,SUP-05,4,0,723.61,False,25888.68,12863.699999999999
2025-12-05,P005,Everyday line 05,Beauty,S03,Store 03,East,14,1438.26,0.0,False,False,Clear,824,SUP-05,4,0,723.61,False,20135.64,10005.1
2025-12-06,P005,Everyday line 05,Beauty,S03,Store 03,East,13,1438.26,0.0,False,False,Rain,811,SUP-05,4,0,723.61,False,18697.38,9290.449999999999
2025-12-07,P005,Everyday line 05,Beauty,S03,Store 03,East,20,1438.26,0.0,False,False,Rain,791,SUP-05,4,1,723.61,False,28765.2,14293.0
2025-12-08,P005,Everyday line 05,Beauty,S03,Store 03,East,14,1438.26,0.0,False,False,Clear,868,SUP-05,4,0,723.61,False,20135.64,10005.1
2025-12-09,P005,Everyday line 05,Beauty,S03,Store 03,East,19,1438.26,0.0,False,False,Clear,849,SUP-05,4,0,723.61,False,27326.94,13578.35
2025-12-10,P005,Everyday line 05,Beauty,S03,Store 03,East,18,1438.26,0.0,False,False,Clear,831,SUP-05,4,1,723.61,False,25888.68,12863.699999999999
2025-12-11,P005,Everyday line 05,Beauty,S03,Store 03,East,18,1366.35,0.05,True,False,Clear,813,SUP-05,4,0,723.61,False,24594.3,11569.319999999998
2025-12-12,P005,Everyday line 05,Beauty,S03,Store 03,East,10,1438.26,0.0,False,False,Clear,898,SUP-05,4,0,723.61,False,14382.6,7146.5
2025-12-13,P005,Everyday line 05,Beauty,S03,Store 03,East,23,1438.26,0.0,False,False,Clear,875,SUP-05,4,2,723.61,False,33079.98,16436.95
2025-12-14,P005,Everyday line 05,Beauty,S03,Store 03,East,21,1438.26,0.0,False,False,Clear,854,SUP-05,4,0,723.61,False,30203.46,15007.65
2025-12-15,P005,Everyday line 05,Beauty,S03,Store 03,East,17,1438.26,0.0,False,False,Clear,837,SUP-05,4,0,723.61,False,24450.42,12149.05
2025-12-16,P005,Everyday line 05,Beauty,S03,Store 03,East,19,1438.26,0.0,False,False,Clear,926,SUP-05,4,0,723.61,False,27326.94,13578.35
2025-12-17,P005,Everyday line 05,Beauty,S03,Store 03,East,24,1438.26,0.0,False,False,Clear,902,SUP-05,4,0,723.61,False,34518.24,17151.6
2025-12-18,P005,Everyday line 05,Beauty,S03,Store 03,East,22,1438.26,0.0,False,False,Clear,880,SUP-05,4,2,723.61,False,31641.72,15722.3
2025-12-19,P005,Everyday line 05,Beauty,S03,Store 03,East,35,1438.26,0.0,False,False,Clear,845,SUP-05,4,3,723.61,False,50339.1,25012.75
2025-12-20,P005,Everyday line 05,Beauty,S03,Store 03,East,25,1438.26,0.0,False,False,Clear,925,SUP-05,4,0,723.61,False,35956.5,17866.25
2025-12-21,P005,Everyday line 05,Beauty,S03,Store 03,East,20,1438.26,0.0,False,False,Clear,905,SUP-05,4,0,723.61,False,28765.2,14293.0
2025-12-22,P005,Everyday line 05,Beauty,S03,Store 03,East,16,1438.26,0.0,False,False,Clear,889,SUP-05,4,0,723.61,False,23012.16,11434.4
2025-12-23,P005,Everyday line 05,Beauty,S03,Store 03,East,28,1438.26,0.0,False,False,Clear,861,SUP-05,4,0,723.61,False,40271.28,20010.2
2025-12-24,P005,Everyday line 05,Beauty,S03,Store 03,East,16,1438.26,0.0,False,False,Rain,948,SUP-05,4,0,723.61,False,23012.16,11434.4
2025-12-25,P005,Everyday line 05,Beauty,S03,Store 03,East,27,1438.26,0.0,False,True,Clear,921,SUP-05,4,0,723.61,False,38833.02,19295.55
2025-12-26,P005,Everyday line 05,Beauty,S03,Store 03,East,27,1438.26,0.0,False,False,Clear,894,SUP-05,4,1,723.61,False,38833.02,19295.55
2025-12-27,P005,Everyday line 05,Beauty,S03,Store 03,East,36,1438.26,0.0,False,False,Clear,858,SUP-05,4,0,723.61,False,51777.36,25727.399999999998
2025-12-28,P005,Everyday line 05,Beauty,S03,Store 03,East,23,1438.26,0.0,False,False,Clear,932,SUP-05,4,0,723.61,False,33079.98,16436.95
2025-12-29,P005,Everyday line 05,Beauty,S03,Store 03,East,20,1438.26,0.0,False,False,Clear,912,SUP-05,4,1,723.61,False,28765.2,14293.0
2025-12-30,P005,Everyday line 05,Beauty,S03,Store 03,East,26,1438.26,0.0,False,False,Rain,886,SUP-05,4,0,723.61,False,37394.76,18580.899999999998
2025-12-31,P005,Everyday line 05,Beauty,S03,Store 03,East,26,1438.26,0.0,False,False,Clear,860,SUP-05,4,0,723.61,False,37394.76,18580.899999999998
2025-09-03,P005,Everyday line 05,Beauty,S04,Store 04,West,18,1438.26,0.0,False,False,Rain,192,SUP-05,10,2,723.61,False,25888.68,12863.699999999999
2025-09-04,P005,Everyday line 05,Beauty,S04,Store 04,West,11,1438.26,0.0,False,False,Clear,181,SUP-05,10,0,723.61,False,15820.86,7861.15
2025-09-05,P005,Everyday line 05,Beauty,S04,Store 04,West,9,1438.26,0.0,False,False,Clear,172,SUP-05,10,0,723.61,False,12944.34,6431.849999999999
2025-09-06,P005,Everyday line 05,Beauty,S04,Store 04,West,11,1438.26,0.0,False,False,Clear,161,SUP-05,10,0,723.61,False,15820.86,7861.15
2025-09-07,P005,Everyday line 05,Beauty,S04,Store 04,West,16,1438.26,0.0,False,False,Clear,145,SUP-05,10,1,723.61,False,23012.16,11434.4
2025-09-08,P005,Everyday line 05,Beauty,S04,Store 04,West,11,1438.26,0.0,False,False,Clear,134,SUP-05,10,0,723.61,False,15820.86,7861.15
2025-09-09,P005,Everyday line 05,Beauty,S04,Store 04,West,13,1438.26,0.0,False,False,Clear,121,SUP-05,10,0,723.61,False,18697.38,9290.449999999999
2025-09-10,P005,Everyday line 05,Beauty,S04,Store 04,West,9,1438.26,0.0,False,False,Rain,112,SUP-05,10,0,723.61,False,12944.34,6431.849999999999
2025-09-11,P005,Everyday line 05,Beauty,S04,Store 04,West,8,1438.26,0.0,False,False,Clear,104,SUP-05,10,1,723.61,False,11506.08,5717.2
2025-09-12,P005,Everyday line 05,Beauty,S04,Store 04,West,11,1438.26,0.0,False,False,Clear,93,SUP-05,10,0,723.61,False,15820.86,7861.15
2025-09-13,P005,Everyday line 05,Beauty,S04,Store 04,West,19,1438.26,0.0,False,False,Clear,233,SUP-05,10,0,723.61,False,27326.94,13578.35
2025-09-14,P005,Everyday line 05,Beauty,S04,Store 04,West,8,1438.26,0.0,False,False,Clear,225,SUP-05,10,0,723.61,False,11506.08,5717.2
2025-09-15,P005,Everyday line 05,Beauty,S04,Store 04,West,9,1438.26,0.0,False,False,Clear,216,SUP-05,10,0,723.61,False,12944.34,6431.849999999999
2025-09-16,P005,Everyday line 05,Beauty,S04,Store 04,West,11,1438.26,0.0,False,False,Clear,205,SUP-05,10,1,723.61,False,15820.86,7861.15
2025-09-17,P005,Everyday line 05,Beauty,S04,Store 04,West,15,1294.43,0.1,True,False,Clear,190,SUP-05,10,0,723.61,False,19416.45,8562.300000000001
2025-09-18,P005,Everyday line 05,Beauty,S04,Store 04,West,11,1438.26,0.0,False,False,Clear,179,SUP-05,10,0,723.61,False,15820.86,7861.15
2025-09-19,P005,Everyday line 05,Beauty,S04,Store 04,West,14,1438.26,0.0,False,False,Clear,165,SUP-05,10,1,723.61,False,20135.64,10005.1
2025-09-20,P005,Everyday line 05,Beauty,S04,Store 04,West,15,1438.26,0.0,False,False,Clear,150,SUP-05,10,1,723.61,False,21573.9,10719.75
2025-09-21,P005,Everyday line 05,Beauty,S04,Store 04,West,17,1438.26,0.0,False,False,Rain,133,SUP-05,10,0,723.61,False,24450.42,12149.05
2025-09-22,P005,Everyday line 05,Beauty,S04,Store 04,West,17,1438.26,0.0,False,False,Clear,116,SUP-05,10,0,723.61,False,24450.42,12149.05
2025-09-23,P005,Everyday line 05,Beauty,S04,Store 04,West,20,1438.26,0.0,False,False,Clear,234,SUP-05,10,0,723.61,False,28765.2,14293.0
2025-09-24,P005,Everyday line 05,Beauty,S04,Store 04,West,13,1438.26,0.0,False,False,Rain,221,SUP-05,10,0,723.61,False,18697.38,9290.449999999999
2025-09-25,P005,Everyday line 05,Beauty,S04,Store 04,West,11,1438.26,0.0,False,False,Clear,210,SUP-05,10,0,723.61,False,15820.86,7861.15
2025-09-26,P005,Everyday line 05,Beauty,S04,Store 04,West,17,1438.26,0.0,False,False,Clear,193,SUP-05,10,0,723.61,False,24450.42,12149.05
2025-09-27,P005,Everyday line 05,Beauty,S04,Store 04,West,13,1438.26,0.0,False,False,Clear,180,SUP-05,10,0,723.61,False,18697.38,9290.449999999999
2025-09-28,P005,Everyday line 05,Beauty,S04,Store 04,West,13,1438.26,0.0,False,False,Rain,167,SUP-05,10,0,723.61,False,18697.38,9290.449999999999
2025-09-29,P005,Everyday line 05,Beauty,S04,Store 04,West,21,1438.26,0.0,False,False,Clear,146,SUP-05,10,0,723.61,False,30203.46,15007.65
2025-09-30,P005,Everyday line 05,Beauty,S04,Store 04,West,13,1438.26,0.0,False,False,Clear,133,SUP-05,10,2,723.61,False,18697.38,9290.449999999999
2025-10-01,P005,Everyday line 05,Beauty,S04,Store 04,West,14,1438.26,0.0,False,False,Clear,119,SUP-05,10,0,723.61,False,20135.64,10005.1
2025-10-02,P005,Everyday line 05,Beauty,S04,Store 04,West,13,1438.26,0.0,False,True,Clear,106,SUP-05,10,0,723.61,False,18697.38,9290.449999999999
2025-10-03,P005,Everyday line 05,Beauty,S04,Store 04,West,7,1438.26,0.0,False,False,Rain,249,SUP-05,10,0,723.61,False,10067.82,5002.55
2025-10-04,P005,Everyday line 05,Beauty,S04,Store 04,West,13,1438.26,0.0,False,False,Clear,236,SUP-05,10,0,723.61,False,18697.38,9290.449999999999
2025-10-05,P005,Everyday line 05,Beauty,S04,Store 04,West,10,1438.26,0.0,False,False,Rain,226,SUP-05,10,1,723.61,False,14382.6,7146.5
2025-10-06,P005,Everyday line 05,Beauty,S04,Store 04,West,14,1438.26,0.0,False,False,Clear,212,SUP-05,10,0,723.61,False,20135.64,10005.1
2025-10-07,P005,Everyday line 05,Beauty,S04,Store 04,West,4,1438.26,0.0,False,False,Rain,208,SUP-05,10,0,723.61,False,5753.04,2858.6
2025-10-08,P005,Everyday line 05,Beauty,S04,Store 04,West,16,1438.26,0.0,False,False,Clear,192,SUP-05,10,1,723.61,False,23012.16,11434.4
2025-10-09,P005,Everyday line 05,Beauty,S04,Store 04,West,14,1294.43,0.1,True,False,Clear,178,SUP-05,10,0,723.61,False,18122.02,7991.4800000000005
2025-10-10,P005,Everyday line 05,Beauty,S04,Store 04,West,11,1438.26,0.0,False,False,Clear,167,SUP-05,10,0,723.61,False,15820.86,7861.15
2025-10-11,P005,Everyday line 05,Beauty,S04,Store 04,West,15,1438.26,0.0,False,False,Clear,152,SUP-05,10,0,723.61,False,21573.9,10719.75
2025-10-12,P005,Everyday line 05,Beauty,S04,Store 04,West,15,1438.26,0.0,False,False,Clear,137,SUP-05,10,1,723.61,False,21573.9,10719.75
2025-10-13,P005,Everyday line 05,Beauty,S04,Store 04,West,20,1222.52,0.15,True,False,Clear,262,SUP-05,10,0,723.61,False,24450.4,9978.199999999999
2025-10-14,P005,Everyday line 05,Beauty,S04,Store 04,West,16,1438.26,0.0,False,False,Clear,246,SUP-05,10,1,723.61,False,23012.16,11434.4
2025-10-15,P005,Everyday line 05,Beauty,S04,Store 04,West,15,1438.26,0.0,False,False,Clear,231,SUP-05,10,0,723.61,False,21573.9,10719.75
2025-10-16,P005,Everyday line 05,Beauty,S04,Store 04,West,14,1222.52,0.15,True,False,Rain,217,SUP-05,10,0,723.61,False,17115.28,6984.74
2025-10-17,P005,Everyday line 05,Beauty,S04,Store 04,West,13,1222.52,0.15,True,False,Clear,204,SUP-05,10,0,723.61,False,15892.76,6485.83
2025-10-18,P005,Everyday line 05,Beauty,S04,Store 04,West,11,1438.26,0.0,False,False,Clear,193,SUP-05,10,0,723.61,False,15820.86,7861.15
2025-10-19,P005,Everyday line 05,Beauty,S04,Store 04,West,19,1438.26,0.0,False,False,Clear,174,SUP-05,10,0,723.61,False,27326.94,13578.35
2025-10-20,P005,Everyday line 05,Beauty,S04,Store 04,West,13,1438.26,0.0,False,False,Clear,161,SUP-05,10,0,723.61,False,18697.38,9290.449999999999
2025-10-21,P005,Everyday line 05,Beauty,S04,Store 04,West,19,1222.52,0.15,True,False,Clear,142,SUP-05,10,0,723.61,False,23227.88,9479.289999999999
2025-10-22,P005,Everyday line 05,Beauty,S04,Store 04,West,20,1150.61,0.2,True,False,Clear,122,SUP-05,10,0,723.61,False,23012.199999999997,8539.999999999998
2025-10-23,P005,Everyday line 05,Beauty,S04,Store 04,West,16,1438.26,0.0,False,False,Rain,269,SUP-05,10,1,723.61,False,23012.16,11434.4
2025-10-24,P005,Everyday line 05,Beauty,S04,Store 04,West,16,1438.26,0.0,False,False,Clear,253,SUP-05,10,1,723.61,False,23012.16,11434.4
2025-10-25,P005,Everyday line 05,Beauty,S04,Store 04,West,17,1438.26,0.0,False,False,Clear,236,SUP-05,10,0,723.61,False,24450.42,12149.05
2025-10-26,P005,Everyday line 05,Beauty,S04,Store 04,West,17,1438.26,0.0,False,False,Clear,219,SUP-05,10,1,723.61,False,24450.42,12149.05
2025-10-27,P005,Everyday line 05,Beauty,S04,Store 04,West,19,1438.26,0.0,False,False,Clear,200,SUP-05,10,1,723.61,False,27326.94,13578.35
2025-10-28,P005,Everyday line 05,Beauty,S04,Store 04,West,21,1438.26,0.0,False,False,Clear,179,SUP-05,10,0,723.61,False,30203.46,15007.65
2025-10-29,P005,Everyday line 05,Beauty,S04,Store 04,West,23,1438.26,0.0,False,False,Rain,156,SUP-05,10,0,723.61,False,33079.98,16436.95
2025-10-30,P005,Everyday line 05,Beauty,S04,Store 04,West,13,1438.26,0.0,False,False,Clear,143,SUP-05,10,0,723.61,False,18697.38,9290.449999999999
2025-10-31,P005,Everyday line 05,Beauty,S04,Store 04,West,15,1438.26,0.0,False,False,Clear,128,SUP-05,10,0,723.61,False,21573.9,10719.75
2025-11-01,P005,Everyday line 05,Beauty,S04,Store 04,West,10,1438.26,0.0,False,False,Clear,118,SUP-05,10,0,723.61,False,14382.6,7146.5
2025-11-02,P005,Everyday line 05,Beauty,S04,Store 04,West,14,1438.26,0.0,False,False,Clear,258,SUP-05,10,0,723.61,False,20135.64,10005.1
2025-11-03,P005,Everyday line 05,Beauty,S04,Store 04,West,12,1438.26,0.0,False,False,Clear,246,SUP-05,10,0,723.61,False,17259.12,8575.8
2025-11-04,P005,Everyday line 05,Beauty,S04,Store 04,West,7,1438.26,0.0,False,False,Clear,239,SUP-05,10,0,723.61,False,10067.82,5002.55
2025-11-05,P005,Everyday line 05,Beauty,S04,Store 04,West,19,1438.26,0.0,False,False,Clear,220,SUP-05,10,1,723.61,False,27326.94,13578.35
2025-11-06,P005,Everyday line 05,Beauty,S04,Store 04,West,14,1438.26,0.0,False,False,Clear,206,SUP-05,10,1,723.61,False,20135.64,10005.1
2025-11-07,P005,Everyday line 05,Beauty,S04,Store 04,West,16,1150.61,0.2,True,False,Clear,190,SUP-05,10,0,723.61,False,18409.76,6831.999999999998
2025-11-08,P005,Everyday line 05,Beauty,S04,Store 04,West,15,1438.26,0.0,False,False,Clear,175,SUP-05,10,0,723.61,False,21573.9,10719.75
2025-11-09,P005,Everyday line 05,Beauty,S04,Store 04,West,13,1438.26,0.0,False,False,Clear,162,SUP-05,10,1,723.61,False,18697.38,9290.449999999999
2025-11-10,P005,Everyday line 05,Beauty,S04,Store 04,West,13,1438.26,0.0,False,False,Clear,149,SUP-05,10,0,723.61,False,18697.38,9290.449999999999
2025-11-11,P005,Everyday line 05,Beauty,S04,Store 04,West,12,1438.26,0.0,False,False,Clear,137,SUP-05,10,0,723.61,False,17259.12,8575.8
2025-11-12,P005,Everyday line 05,Beauty,S04,Store 04,West,17,1438.26,0.0,False,False,Clear,259,SUP-05,10,0,723.61,False,24450.42,12149.05
2025-11-13,P005,Everyday line 05,Beauty,S04,Store 04,West,10,1438.26,0.0,False,False,Clear,249,SUP-05,10,0,723.61,False,14382.6,7146.5
2025-11-14,P005,Everyday line 05,Beauty,S04,Store 04,West,15,1438.26,0.0,False,False,Clear,234,SUP-05,10,0,723.61,False,21573.9,10719.75
2025-11-15,P005,Everyday line 05,Beauty,S04,Store 04,West,16,1438.26,0.0,False,False,Clear,218,SUP-05,10,0,723.61,False,23012.16,11434.4
2025-11-16,P005,Everyday line 05,Beauty,S04,Store 04,West,18,1438.26,0.0,False,False,Clear,200,SUP-05,10,0,723.61,False,25888.68,12863.699999999999
2025-11-17,P005,Everyday line 05,Beauty,S04,Store 04,West,15,1438.26,0.0,False,False,Clear,185,SUP-05,10,0,723.61,False,21573.9,10719.75
2025-11-18,P005,Everyday line 05,Beauty,S04,Store 04,West,21,1438.26,0.0,False,False,Clear,164,SUP-05,10,0,723.61,False,30203.46,15007.65
2025-11-19,P005,Everyday line 05,Beauty,S04,Store 04,West,22,1438.26,0.0,False,False,Clear,142,SUP-05,10,0,723.61,False,31641.72,15722.3
2025-11-20,P005,Everyday line 05,Beauty,S04,Store 04,West,24,1222.52,0.15,True,False,Clear,118,SUP-05,10,0,723.61,False,29340.48,11973.84
2025-11-21,P005,Everyday line 05,Beauty,S04,Store 04,West,16,1438.26,0.0,False,False,Clear,102,SUP-05,10,0,723.61,False,23012.16,11434.4
2025-11-22,P005,Everyday line 05,Beauty,S04,Store 04,West,16,1438.26,0.0,False,False,Clear,229,SUP-05,10,0,723.61,False,23012.16,11434.4
2025-11-23,P005,Everyday line 05,Beauty,S04,Store 04,West,16,1438.26,0.0,False,False,Clear,213,SUP-05,10,0,723.61,False,23012.16,11434.4
2025-11-24,P005,Everyday line 05,Beauty,S04,Store 04,West,17,1438.26,0.0,False,False,Clear,196,SUP-05,10,0,723.61,False,24450.42,12149.05
2025-11-25,P005,Everyday line 05,Beauty,S04,Store 04,West,13,1438.26,0.0,False,False,Clear,183,SUP-05,10,0,723.61,False,18697.38,9290.449999999999
2025-11-26,P005,Everyday line 05,Beauty,S04,Store 04,West,22,1438.26,0.0,False,False,Clear,161,SUP-05,10,0,723.61,False,31641.72,15722.3
2025-11-27,P005,Everyday line 05,Beauty,S04,Store 04,West,15,1438.26,0.0,False,False,Clear,146,SUP-05,10,0,723.61,False,21573.9,10719.75
2025-11-28,P005,Everyday line 05,Beauty,S04,Store 04,West,18,1438.26,0.0,False,False,Clear,128,SUP-05,10,1,723.61,False,25888.68,12863.699999999999
2025-11-29,P005,Everyday line 05,Beauty,S04,Store 04,West,13,1150.61,0.2,True,False,Clear,115,SUP-05,10,0,723.61,False,14957.929999999998,5550.999999999998
2025-11-30,P005,Everyday line 05,Beauty,S04,Store 04,West,24,1222.52,0.15,True,False,Clear,91,SUP-05,10,0,723.61,False,29340.48,11973.84
2025-12-01,P005,Everyday line 05,Beauty,S04,Store 04,West,20,1438.26,0.0,False,False,Clear,71,SUP-05,10,1,723.61,False,28765.2,14293.0
2025-12-02,P005,Everyday line 05,Beauty,S04,Store 04,West,12,1438.26,0.0,False,False,Clear,196,SUP-05,10,0,723.61,False,17259.12,8575.8
2025-12-03,P005,Everyday line 05,Beauty,S04,Store 04,West,20,1438.26,0.0,False,False,Rain,176,SUP-05,10,0,723.61,False,28765.2,14293.0
2025-12-04,P005,Everyday line 05,Beauty,S04,Store 04,West,17,1438.26,0.0,False,False,Clear,159,SUP-05,10,0,723.61,False,24450.42,12149.05
2025-12-05,P005,Everyday line 05,Beauty,S04,Store 04,West,12,1438.26,0.0,False,False,Clear,147,SUP-05,10,0,723.61,False,17259.12,8575.8
2025-12-06,P005,Everyday line 05,Beauty,S04,Store 04,West,17,1438.26,0.0,False,False,Clear,130,SUP-05,10,0,723.61,False,24450.42,12149.05
2025-12-07,P005,Everyday line 05,Beauty,S04,Store 04,West,9,1438.26,0.0,False,False,Clear,121,SUP-05,10,0,723.61,False,12944.34,6431.849999999999
2025-12-08,P005,Everyday line 05,Beauty,S04,Store 04,West,9,1438.26,0.0,False,False,Clear,112,SUP-05,10,0,723.61,False,12944.34,6431.849999999999
2025-12-09,P005,Everyday line 05,Beauty,S04,Store 04,West,10,1438.26,0.0,False,False,Clear,102,SUP-05,10,0,723.61,False,14382.6,7146.5
2025-12-10,P005,Everyday line 05,Beauty,S04,Store 04,West,13,1438.26,0.0,False,False,Clear,89,SUP-05,10,0,723.61,False,18697.38,9290.449999999999
2025-12-11,P005,Everyday line 05,Beauty,S04,Store 04,West,18,1438.26,0.0,False,False,Clear,71,SUP-05,10,0,723.61,False,25888.68,12863.699999999999
2025-12-12,P005,Everyday line 05,Beauty,S04,Store 04,West,17,1438.26,0.0,False,False,Clear,193,SUP-05,10,0,723.61,False,24450.42,12149.05
2025-12-13,P005,Everyday line 05,Beauty,S04,Store 04,West,11,1438.26,0.0,False,False,Clear,182,SUP-05,10,0,723.61,False,15820.86,7861.15
2025-12-14,P005,Everyday line 05,Beauty,S04,Store 04,West,17,1438.26,0.0,False,False,Clear,165,SUP-05,10,0,723.61,False,24450.42,12149.05
2025-12-15,P005,Everyday line 05,Beauty,S04,Store 04,West,24,1366.35,0.05,True,False,Clear,141,SUP-05,10,2,723.61,False,32792.399999999994,15425.759999999998
2025-12-16,P005,Everyday line 05,Beauty,S04,Store 04,West,14,1222.52,0.15,True,False,Clear,127,SUP-05,10,0,723.61,False,17115.28,6984.74
2025-12-17,P005,Everyday line 05,Beauty,S04,Store 04,West,9,1438.26,0.0,False,False,Clear,118,SUP-05,10,0,723.61,False,12944.34,6431.849999999999
2025-12-18,P005,Everyday line 05,Beauty,S04,Store 04,West,13,1438.26,0.0,False,False,Clear,105,SUP-05,10,0,723.61,False,18697.38,9290.449999999999
2025-12-19,P005,Everyday line 05,Beauty,S04,Store 04,West,24,1366.35,0.05,True,False,Clear,81,SUP-05,10,0,723.61,False,32792.399999999994,15425.759999999998
2025-12-20,P005,Everyday line 05,Beauty,S04,Store 04,West,19,1438.26,0.0,False,False,Clear,62,SUP-05,10,1,723.61,False,27326.94,13578.35
2025-12-21,P005,Everyday line 05,Beauty,S04,Store 04,West,17,1438.26,0.0,False,False,Clear,45,SUP-05,10,0,723.61,False,24450.42,12149.05
2025-12-22,P005,Everyday line 05,Beauty,S04,Store 04,West,22,1438.26,0.0,False,False,Clear,180,SUP-05,10,0,723.61,False,31641.72,15722.3
2025-12-23,P005,Everyday line 05,Beauty,S04,Store 04,West,19,1438.26,0.0,False,False,Clear,161,SUP-05,10,0,723.61,False,27326.94,13578.35
2025-12-24,P005,Everyday line 05,Beauty,S04,Store 04,West,14,1438.26,0.0,False,False,Clear,147,SUP-05,10,1,723.61,False,20135.64,10005.1
2025-12-25,P005,Everyday line 05,Beauty,S04,Store 04,West,28,1150.61,0.2,True,True,Clear,119,SUP-05,10,0,723.61,False,32217.079999999998,11955.999999999996
2025-12-26,P005,Everyday line 05,Beauty,S04,Store 04,West,12,1438.26,0.0,False,False,Clear,107,SUP-05,10,0,723.61,False,17259.12,8575.8
2025-12-27,P005,Everyday line 05,Beauty,S04,Store 04,West,14,1438.26,0.0,False,False,Clear,93,SUP-05,10,0,723.61,False,20135.64,10005.1
2025-12-28,P005,Everyday line 05,Beauty,S04,Store 04,West,24,1438.26,0.0,False,False,Clear,69,SUP-05,10,0,723.61,False,34518.24,17151.6
2025-12-29,P005,Everyday line 05,Beauty,S04,Store 04,West,18,1438.26,0.0,False,False,Clear,51,SUP-05,10,0,723.61,False,25888.68,12863.699999999999
2025-12-30,P005,Everyday line 05,Beauty,S04,Store 04,West,22,1438.26,0.0,False,False,Clear,29,SUP-05,10,0,723.61,False,31641.72,15722.3
2025-12-31,P005,Everyday line 05,Beauty,S04,Store 04,West,19,1438.26,0.0,False,False,Clear,10,SUP-05,10,1,723.61,False,27326.94,13578.35
2025-09-03,P006,Seasonal edit 06,Sports,S01,Store 01,North,7,767.09,0.0,False,False,Clear,63,SUP-06,10,0,387.63,False,5369.63,2656.2200000000003
2025-09-04,P006,Seasonal edit 06,Sports,S01,Store 01,North,5,767.09,0.0,False,False,Clear,58,SUP-06,10,0,387.63,False,3835.4500000000003,1897.3000000000002
2025-09-05,P006,Seasonal edit 06,Sports,S01,Store 01,North,10,767.09,0.0,False,False,Clear,48,SUP-06,10,0,387.63,False,7670.900000000001,3794.6000000000004
2025-09-06,P006,Seasonal edit 06,Sports,S01,Store 01,North,9,613.67,0.2,True,False,Clear,39,SUP-06,10,1,387.63,False,5523.03,2034.3599999999997
2025-09-07,P006,Seasonal edit 06,Sports,S01,Store 01,North,8,767.09,0.0,False,False,Clear,31,SUP-06,10,1,387.63,False,6136.72,3035.6800000000003
2025-09-08,P006,Seasonal edit 06,Sports,S01,Store 01,North,6,767.09,0.0,False,False,Rain,25,SUP-06,10,0,387.63,False,4602.54,2276.76
2025-09-09,P006,Seasonal edit 06,Sports,S01,Store 01,North,6,767.09,0.0,False,False,Rain,19,SUP-06,10,0,387.63,False,4602.54,2276.76
2025-09-10,P006,Seasonal edit 06,Sports,S01,Store 01,North,10,767.09,0.0,False,False,Clear,9,SUP-06,10,0,387.63,False,7670.900000000001,3794.6000000000004
2025-09-11,P006,Seasonal edit 06,Sports,S01,Store 01,North,7,767.09,0.0,False,False,Clear,2,SUP-06,10,0,387.63,False,5369.63,2656.2200000000003
2025-09-12,P006,Seasonal edit 06,Sports,S01,Store 01,North,2,767.09,0.0,False,False,Clear,0,SUP-06,10,0,387.63,True,1534.18,758.9200000000001
2025-09-13,P006,Seasonal edit 06,Sports,S01,Store 01,North,7,767.09,0.0,False,False,Clear,67,SUP-06,10,0,387.63,False,5369.63,2656.2200000000003
2025-09-14,P006,Seasonal edit 06,Sports,S01,Store 01,North,8,767.09,0.0,False,False,Clear,59,SUP-06,10,0,387.63,False,6136.72,3035.6800000000003
2025-09-15,P006,Seasonal edit 06,Sports,S01,Store 01,North,10,767.09,0.0,False,False,Clear,49,SUP-06,10,0,387.63,False,7670.900000000001,3794.6000000000004
2025-09-16,P006,Seasonal edit 06,Sports,S01,Store 01,North,10,767.09,0.0,False,False,Clear,39,SUP-06,10,0,387.63,False,7670.900000000001,3794.6000000000004
2025-09-17,P006,Seasonal edit 06,Sports,S01,Store 01,North,4,767.09,0.0,False,False,Clear,35,SUP-06,10,0,387.63,False,3068.36,1517.8400000000001
2025-09-18,P006,Seasonal edit 06,Sports,S01,Store 01,North,10,728.74,0.05,True,False,Clear,25,SUP-06,10,0,387.63,False,7287.4,3411.1000000000004
2025-09-19,P006,Seasonal edit 06,Sports,S01,Store 01,North,9,767.09,0.0,False,False,Clear,16,SUP-06,10,0,387.63,False,6903.81,3415.1400000000003
2025-09-20,P006,Seasonal edit 06,Sports,S01,Store 01,North,10,767.09,0.0,False,False,Clear,6,SUP-06,10,0,387.63,False,7670.900000000001,3794.6000000000004
2025-09-21,P006,Seasonal edit 06,Sports,S01,Store 01,North,6,767.09,0.0,False,False,Rain,0,SUP-06,10,0,387.63,True,4602.54,2276.76
2025-09-22,P006,Seasonal edit 06,Sports,S01,Store 01,North,0,767.09,0.0,False,False,Clear,0,SUP-06,10,0,387.63,True,0.0,0.0
2025-09-23,P006,Seasonal edit 06,Sports,S01,Store 01,North,6,767.09,0.0,False,False,Clear,57,SUP-06,10,0,387.63,False,4602.54,2276.76
2025-09-24,P006,Seasonal edit 06,Sports,S01,Store 01,North,15,767.09,0.0,False,False,Rain,42,SUP-06,10,1,387.63,False,11506.35,5691.900000000001
2025-09-25,P006,Seasonal edit 06,Sports,S01,Store 01,North,7,767.09,0.0,False,False,Clear,35,SUP-06,10,0,387.63,False,5369.63,2656.2200000000003
2025-09-26,P006,Seasonal edit 06,Sports,S01,Store 01,North,8,767.09,0.0,False,False,Clear,27,SUP-06,10,0,387.63,False,6136.72,3035.6800000000003
2025-09-27,P006,Seasonal edit 06,Sports,S01,Store 01,North,10,728.74,0.05,True,False,Clear,17,SUP-06,10,0,387.63,False,7287.4,3411.1000000000004
2025-09-28,P006,Seasonal edit 06,Sports,S01,Store 01,North,12,690.38,0.1,True,False,Clear,5,SUP-06,10,0,387.63,False,8284.56,3633.0
2025-09-29,P006,Seasonal edit 06,Sports,S01,Store 01,North,5,767.09,0.0,False,False,Rain,0,SUP-06,10,0,387.63,True,3835.4500000000003,1897.3000000000002
2025-09-30,P006,Seasonal edit 06,Sports,S01,Store 01,North,0,767.09,0.0,False,False,Clear,0,SUP-06,10,0,387.63,True,0.0,0.0
2025-10-01,P006,Seasonal edit 06,Sports,S01,Store 01,North,0,767.09,0.0,False,False,Clear,0,SUP-06,10,0,387.63,True,0.0,0.0
2025-10-02,P006,Seasonal edit 06,Sports,S01,Store 01,North,0,767.09,0.0,False,True,Clear,0,SUP-06,10,0,387.63,True,0.0,0.0
2025-10-03,P006,Seasonal edit 06,Sports,S01,Store 01,North,7,767.09,0.0,False,False,Clear,60,SUP-06,10,1,387.63,False,5369.63,2656.2200000000003
2025-10-04,P006,Seasonal edit 06,Sports,S01,Store 01,North,4,767.09,0.0,False,False,Clear,56,SUP-06,10,0,387.63,False,3068.36,1517.8400000000001
2025-10-05,P006,Seasonal edit 06,Sports,S01,Store 01,North,8,690.38,0.1,True,False,Clear,48,SUP-06,10,0,387.63,False,5523.04,2422.0
2025-10-06,P006,Seasonal edit 06,Sports,S01,Store 01,North,5,767.09,0.0,False,False,Clear,43,SUP-06,10,0,387.63,False,3835.4500000000003,1897.3000000000002
2025-10-07,P006,Seasonal edit 06,Sports,S01,Store 01,North,6,767.09,0.0,False,False,Clear,37,SUP-06,10,0,387.63,False,4602.54,2276.76
2025-10-08,P006,Seasonal edit 06,Sports,S01,Store 01,North,3,767.09,0.0,False,False,Clear,34,SUP-06,10,0,387.63,False,2301.27,1138.38
2025-10-09,P006,Seasonal edit 06,Sports,S01,Store 01,North,7,767.09,0.0,False,False,Clear,27,SUP-06,10,0,387.63,False,5369.63,2656.2200000000003
2025-10-10,P006,Seasonal edit 06,Sports,S01,Store 01,North,12,767.09,0.0,False,False,Clear,15,SUP-06,10,0,387.63,False,9205.08,4553.52
2025-10-11,P006,Seasonal edit 06,Sports,S01,Store 01,North,9,767.09,0.0,False,False,Clear,6,SUP-06,10,0,387.63,False,6903.81,3415.1400000000003
2025-10-12,P006,Seasonal edit 06,Sports,S01,Store 01,North,6,767.09,0.0,False,False,Clear,0,SUP-06,10,0,387.63,True,4602.54,2276.76
2025-10-13,P006,Seasonal edit 06,Sports,S01,Store 01,North,7,767.09,0.0,False,False,Clear,55,SUP-06,10,0,387.63,False,5369.63,2656.2200000000003
2025-10-14,P006,Seasonal edit 06,Sports,S01,Store 01,North,12,767.09,0.0,False,False,Clear,43,SUP-06,10,0,387.63,False,9205.08,4553.52
2025-10-15,P006,Seasonal edit 06,Sports,S01,Store 01,North,8,767.09,0.0,False,False,Clear,35,SUP-06,10,0,387.63,False,6136.72,3035.6800000000003
2025-10-16,P006,Seasonal edit 06,Sports,S01,Store 01,North,5,767.09,0.0,False,False,Clear,30,SUP-06,10,0,387.63,False,3835.4500000000003,1897.3000000000002
2025-10-17,P006,Seasonal edit 06,Sports,S01,Store 01,North,4,767.09,0.0,False,False,Clear,26,SUP-06,10,0,387.63,False,3068.36,1517.8400000000001
2025-10-18,P006,Seasonal edit 06,Sports,S01,Store 01,North,8,767.09,0.0,False,False,Clear,18,SUP-06,10,0,387.63,False,6136.72,3035.6800000000003
2025-10-19,P006,Seasonal edit 06,Sports,S01,Store 01,North,7,767.09,0.0,False,False,Clear,11,SUP-06,10,0,387.63,False,5369.63,2656.2200000000003
2025-10-20,P006,Seasonal edit 06,Sports,S01,Store 01,North,7,767.09,0.0,False,False,Clear,4,SUP-06,10,0,387.63,False,5369.63,2656.2200000000003
2025-10-21,P006,Seasonal edit 06,Sports,S01,Store 01,North,4,767.09,0.0,False,False,Clear,0,SUP-06,10,0,387.63,True,3068.36,1517.8400000000001
2025-10-22,P006,Seasonal edit 06,Sports,S01,Store 01,North,0,767.09,0.0,False,False,Clear,0,SUP-06,10,0,387.63,True,0.0,0.0
2025-10-23,P006,Seasonal edit 06,Sports,S01,Store 01,North,9,767.09,0.0,False,False,Rain,66,SUP-06,10,0,387.63,False,6903.81,3415.1400000000003
2025-10-24,P006,Seasonal edit 06,Sports,S01,Store 01,North,18,767.09,0.0,False,False,Clear,48,SUP-06,10,1,387.63,False,13807.62,6830.280000000001
2025-10-25,P006,Seasonal edit 06,Sports,S01,Store 01,North,7,767.09,0.0,False,False,Clear,41,SUP-06,10,0,387.63,False,5369.63,2656.2200000000003
2025-10-26,P006,Seasonal edit 06,Sports,S01,Store 01,North,13,767.09,0.0,False,False,Rain,28,SUP-06,10,0,387.63,False,9972.17,4932.9800000000005
2025-10-27,P006,Seasonal edit 06,Sports,S01,Store 01,North,6,767.09,0.0,False,False,Clear,22,SUP-06,10,0,387.63,False,4602.54,2276.76
2025-10-28,P006,Seasonal edit 06,Sports,S01,Store 01,North,8,767.09,0.0,False,False,Clear,14,SUP-06,10,0,387.63,False,6136.72,3035.6800000000003
2025-10-29,P006,Seasonal edit 06,Sports,S01,Store 01,North,11,767.09,0.0,False,False,Clear,3,SUP-06,10,0,387.63,False,8437.99,4174.06
2025-10-30,P006,Seasonal edit 06,Sports,S01,Store 01,North,3,690.38,0.1,True,False,Clear,0,SUP-06,10,0,387.63,True,2071.14,908.25
2025-10-31,P006,Seasonal edit 06,Sports,S01,Store 01,North,0,767.09,0.0,False,False,Clear,0,SUP-06,10,0,387.63,True,0.0,0.0
2025-11-01,P006,Seasonal edit 06,Sports,S01,Store 01,North,0,728.74,0.05,True,False,Clear,0,SUP-06,10,0,387.63,True,0.0,0.0
2025-11-02,P006,Seasonal edit 06,Sports,S01,Store 01,North,8,767.09,0.0,False,False,Clear,68,SUP-06,10,0,387.63,False,6136.72,3035.6800000000003
2025-11-03,P006,Seasonal edit 06,Sports,S01,Store 01,North,9,767.09,0.0,False,False,Clear,59,SUP-06,10,0,387.63,False,6903.81,3415.1400000000003
2025-11-04,P006,Seasonal edit 06,Sports,S01,Store 01,North,7,767.09,0.0,False,False,Clear,52,SUP-06,10,0,387.63,False,5369.63,2656.2200000000003
2025-11-05,P006,Seasonal edit 06,Sports,S01,Store 01,North,5,767.09,0.0,False,False,Clear,47,SUP-06,10,0,387.63,False,3835.4500000000003,1897.3000000000002
2025-11-06,P006,Seasonal edit 06,Sports,S01,Store 01,North,6,767.09,0.0,False,False,Clear,41,SUP-06,10,0,387.63,False,4602.54,2276.76
2025-11-07,P006,Seasonal edit 06,Sports,S01,Store 01,North,7,767.09,0.0,False,False,Rain,34,SUP-06,10,0,387.63,False,5369.63,2656.2200000000003
2025-11-08,P006,Seasonal edit 06,Sports,S01,Store 01,North,8,767.09,0.0,False,False,Clear,26,SUP-06,10,0,387.63,False,6136.72,3035.6800000000003
2025-11-09,P006,Seasonal edit 06,Sports,S01,Store 01,North,13,767.09,0.0,False,False,Clear,13,SUP-06,10,0,387.63,False,9972.17,4932.9800000000005
2025-11-10,P006,Seasonal edit 06,Sports,S01,Store 01,North,9,767.09,0.0,False,False,Clear,4,SUP-06,10,0,387.63,False,6903.81,3415.1400000000003
2025-11-11,P006,Seasonal edit 06,Sports,S01,Store 01,North,4,767.09,0.0,False,False,Clear,0,SUP-06,10,0,387.63,True,3068.36,1517.8400000000001
2025-11-12,P006,Seasonal edit 06,Sports,S01,Store 01,North,8,767.09,0.0,False,False,Clear,57,SUP-06,10,0,387.63,False,6136.72,3035.6800000000003
2025-11-13,P006,Seasonal edit 06,Sports,S01,Store 01,North,6,767.09,0.0,False,False,Clear,51,SUP-06,10,1,387.63,False,4602.54,2276.76
2025-11-14,P006,Seasonal edit 06,Sports,S01,Store 01,North,9,767.09,0.0,False,False,Clear,42,SUP-06,10,1,387.63,False,6903.81,3415.1400000000003
2025-11-15,P006,Seasonal edit 06,Sports,S01,Store 01,North,10,767.09,0.0,False,False,Rain,32,SUP-06,10,0,387.63,False,7670.900000000001,3794.6000000000004
2025-11-16,P006,Seasonal edit 06,Sports,S01,Store 01,North,11,767.09,0.0,False,False,Clear,21,SUP-06,10,0,387.63,False,8437.99,4174.06
2025-11-17,P006,Seasonal edit 06,Sports,S01,Store 01,North,10,767.09,0.0,False,False,Clear,11,SUP-06,10,0,387.63,False,7670.900000000001,3794.6000000000004
2025-11-18,P006,Seasonal edit 06,Sports,S01,Store 01,North,11,767.09,0.0,False,False,Clear,0,SUP-06,10,0,387.63,False,8437.99,4174.06
2025-11-19,P006,Seasonal edit 06,Sports,S01,Store 01,North,0,767.09,0.0,False,False,Clear,0,SUP-06,10,0,387.63,True,0.0,0.0
2025-11-20,P006,Seasonal edit 06,Sports,S01,Store 01,North,0,767.09,0.0,False,False,Clear,0,SUP-06,10,0,387.63,True,0.0,0.0
2025-11-21,P006,Seasonal edit 06,Sports,S01,Store 01,North,0,767.09,0.0,False,False,Clear,0,SUP-06,10,0,387.63,True,0.0,0.0
2025-11-22,P006,Seasonal edit 06,Sports,S01,Store 01,North,10,767.09,0.0,False,False,Clear,58,SUP-06,10,0,387.63,False,7670.900000000001,3794.6000000000004
2025-11-23,P006,Seasonal edit 06,Sports,S01,Store 01,North,9,767.09,0.0,False,False,Clear,49,SUP-06,10,0,387.63,False,6903.81,3415.1400000000003
2025-11-24,P006,Seasonal edit 06,Sports,S01,Store 01,North,13,767.09,0.0,False,False,Clear,36,SUP-06,10,0,387.63,False,9972.17,4932.9800000000005
2025-11-25,P006,Seasonal edit 06,Sports,S01,Store 01,North,3,767.09,0.0,False,False,Rain,33,SUP-06,10,0,387.63,False,2301.27,1138.38
2025-11-26,P006,Seasonal edit 06,Sports,S01,Store 01,North,11,767.09,0.0,False,False,Clear,22,SUP-06,10,0,387.63,False,8437.99,4174.06
2025-11-27,P006,Seasonal edit 06,Sports,S01,Store 01,North,7,767.09,0.0,False,False,Clear,15,SUP-06,10,0,387.63,False,5369.63,2656.2200000000003
2025-11-28,P006,Seasonal edit 06,Sports,S01,Store 01,North,12,767.09,0.0,False,False,Clear,3,SUP-06,10,0,387.63,False,9205.08,4553.52
2025-11-29,P006,Seasonal edit 06,Sports,S01,Store 01,North,3,767.09,0.0,False,False,Clear,0,SUP-06,10,0,387.63,True,2301.27,1138.38
2025-11-30,P006,Seasonal edit 06,Sports,S01,Store 01,North,0,767.09,0.0,False,False,Rain,0,SUP-06,10,0,387.63,True,0.0,0.0
2025-12-01,P006,Seasonal edit 06,Sports,S01,Store 01,North,0,767.09,0.0,False,False,Clear,0,SUP-06,10,0,387.63,True,0.0,0.0
2025-12-02,P006,Seasonal edit 06,Sports,S01,Store 01,North,10,767.09,0.0,False,False,Clear,66,SUP-06,10,1,387.63,False,7670.900000000001,3794.6000000000004
2025-12-03,P006,Seasonal edit 06,Sports,S01,Store 01,North,9,767.09,0.0,False,False,Clear,57,SUP-06,10,0,387.63,False,6903.81,3415.1400000000003
2025-12-04,P006,Seasonal edit 06,Sports,S01,Store 01,North,7,767.09,0.0,False,False,Clear,50,SUP-06,10,0,387.63,False,5369.63,2656.2200000000003
2025-12-05,P006,Seasonal edit 06,Sports,S01,Store 01,North,8,767.09,0.0,False,False,Clear,42,SUP-06,10,0,387.63,False,6136.72,3035.6800000000003
2025-12-06,P006,Seasonal edit 06,Sports,S01,Store 01,North,10,767.09,0.0,False,False,Rain,32,SUP-06,10,0,387.63,False,7670.900000000001,3794.6000000000004
2025-12-07,P006,Seasonal edit 06,Sports,S01,Store 01,North,10,767.09,0.0,False,False,Clear,22,SUP-06,10,0,387.63,False,7670.900000000001,3794.6000000000004
2025-12-08,P006,Seasonal edit 06,Sports,S01,Store 01,North,7,767.09,0.0,False,False,Clear,15,SUP-06,10,0,387.63,False,5369.63,2656.2200000000003
2025-12-09,P006,Seasonal edit 06,Sports,S01,Store 01,North,9,767.09,0.0,False,False,Clear,6,SUP-06,10,0,387.63,False,6903.81,3415.1400000000003
2025-12-10,P006,Seasonal edit 06,Sports,S01,Store 01,North,5,767.09,0.0,False,False,Clear,1,SUP-06,10,0,387.63,False,3835.4500000000003,1897.3000000000002
2025-12-11,P006,Seasonal edit 06,Sports,S01,Store 01,North,1,767.09,0.0,False,False,Clear,0,SUP-06,10,0,387.63,True,767.09,379.46000000000004
2025-12-12,P006,Seasonal edit 06,Sports,S01,Store 01,North,4,767.09,0.0,False,False,Clear,70,SUP-06,10,0,387.63,False,3068.36,1517.8400000000001
2025-12-13,P006,Seasonal edit 06,Sports,S01,Store 01,North,4,767.09,0.0,False,False,Clear,66,SUP-06,10,0,387.63,False,3068.36,1517.8400000000001
2025-12-14,P006,Seasonal edit 06,Sports,S01,Store 01,North,8,767.09,0.0,False,False,Clear,58,SUP-06,10,0,387.63,False,6136.72,3035.6800000000003
2025-12-15,P006,Seasonal edit 06,Sports,S01,Store 01,North,9,767.09,0.0,False,False,Clear,49,SUP-06,10,0,387.63,False,6903.81,3415.1400000000003
2025-12-16,P006,Seasonal edit 06,Sports,S01,Store 01,North,15,728.74,0.05,True,False,Clear,34,SUP-06,10,0,387.63,False,10931.1,5116.650000000001
2025-12-17,P006,Seasonal edit 06,Sports,S01,Store 01,North,6,767.09,0.0,False,False,Clear,28,SUP-06,10,0,387.63,False,4602.54,2276.76
2025-12-18,P006,Seasonal edit 06,Sports,S01,Store 01,North,11,767.09,0.0,False,False,Clear,17,SUP-06,10,0,387.63,False,8437.99,4174.06
2025-12-19,P006,Seasonal edit 06,Sports,S01,Store 01,North,10,767.09,0.0,False,False,Clear,7,SUP-06,10,0,387.63,False,7670.900000000001,3794.6000000000004
2025-12-20,P006,Seasonal edit 06,Sports,S01,Store 01,North,7,767.09,0.0,False,False,Clear,0,SUP-06,10,0,387.63,True,5369.63,2656.2200000000003
2025-12-21,P006,Seasonal edit 06,Sports,S01,Store 01,North,0,767.09,0.0,False,False,Clear,0,SUP-06,10,0,387.63,True,0.0,0.0
2025-12-22,P006,Seasonal edit 06,Sports,S01,Store 01,North,11,767.09,0.0,False,False,Clear,56,SUP-06,10,0,387.63,False,8437.99,4174.06
2025-12-23,P006,Seasonal edit 06,Sports,S01,Store 01,North,9,767.09,0.0,False,False,Clear,47,SUP-06,10,0,387.63,False,6903.81,3415.1400000000003
2025-12-24,P006,Seasonal edit 06,Sports,S01,Store 01,North,5,767.09,0.0,False,False,Clear,42,SUP-06,10,0,387.63,False,3835.4500000000003,1897.3000000000002
2025-12-25,P006,Seasonal edit 06,Sports,S01,Store 01,North,11,767.09,0.0,False,True,Clear,31,SUP-06,10,0,387.63,False,8437.99,4174.06
2025-12-26,P006,Seasonal edit 06,Sports,S01,Store 01,North,8,767.09,0.0,False,False,Clear,23,SUP-06,10,0,387.63,False,6136.72,3035.6800000000003
2025-12-27,P006,Seasonal edit 06,Sports,S01,Store 01,North,10,767.09,0.0,False,False,Clear,13,SUP-06,10,0,387.63,False,7670.900000000001,3794.6000000000004
2025-12-28,P006,Seasonal edit 06,Sports,S01,Store 01,North,2,767.09,0.0,False,False,Rain,11,SUP-06,10,0,387.63,False,1534.18,758.9200000000001
2025-12-29,P006,Seasonal edit 06,Sports,S01,Store 01,North,7,767.09,0.0,False,False,Clear,4,SUP-06,10,0,387.63,False,5369.63,2656.2200000000003
2025-12-30,P006,Seasonal edit 06,Sports,S01,Store 01,North,4,767.09,0.0,False,False,Clear,0,SUP-06,10,0,387.63,True,3068.36,1517.8400000000001
2025-12-31,P006,Seasonal edit 06,Sports,S01,Store 01,North,0,767.09,0.0,False,False,Clear,0,SUP-06,10,0,387.63,True,0.0,0.0
2025-09-03,P006,Seasonal edit 06,Sports,S02,Store 02,South,8,767.09,0.0,False,False,Clear,55,SUP-06,7,0,387.63,False,6136.72,3035.6800000000003
2025-09-04,P006,Seasonal edit 06,Sports,S02,Store 02,South,7,767.09,0.0,False,False,Clear,48,SUP-06,7,0,387.63,False,5369.63,2656.2200000000003
2025-09-05,P006,Seasonal edit 06,Sports,S02,Store 02,South,4,767.09,0.0,False,False,Clear,44,SUP-06,7,0,387.63,False,3068.36,1517.8400000000001
2025-09-06,P006,Seasonal edit 06,Sports,S02,Store 02,South,11,767.09,0.0,False,False,Clear,33,SUP-06,7,1,387.63,False,8437.99,4174.06
2025-09-07,P006,Seasonal edit 06,Sports,S02,Store 02,South,5,767.09,0.0,False,False,Rain,28,SUP-06,7,0,387.63,False,3835.4500000000003,1897.3000000000002
2025-09-08,P006,Seasonal edit 06,Sports,S02,Store 02,South,10,767.09,0.0,False,False,Clear,18,SUP-06,7,0,387.63,False,7670.900000000001,3794.6000000000004
2025-09-09,P006,Seasonal edit 06,Sports,S02,Store 02,South,6,767.09,0.0,False,False,Clear,12,SUP-06,7,0,387.63,False,4602.54,2276.76
2025-09-10,P006,Seasonal edit 06,Sports,S02,Store 02,South,8,767.09,0.0,False,False,Clear,53,SUP-06,7,0,387.63,False,6136.72,3035.6800000000003
2025-09-11,P006,Seasonal edit 06,Sports,S02,Store 02,South,6,767.09,0.0,False,False,Clear,47,SUP-06,7,1,387.63,False,4602.54,2276.76
2025-09-12,P006,Seasonal edit 06,Sports,S02,Store 02,South,7,767.09,0.0,False,False,Clear,40,SUP-06,7,0,387.63,False,5369.63,2656.2200000000003
2025-09-13,P006,Seasonal edit 06,Sports,S02,Store 02,South,13,767.09,0.0,False,False,Clear,27,SUP-06,7,0,387.63,False,9972.17,4932.9800000000005
2025-09-14,P006,Seasonal edit 06,Sports,S02,Store 02,South,5,767.09,0.0,False,False,Clear,22,SUP-06,7,1,387.63,False,3835.4500000000003,1897.3000000000002
2025-09-15,P006,Seasonal edit 06,Sports,S02,Store 02,South,12,652.03,0.15,True,False,Clear,10,SUP-06,7,0,387.63,False,7824.36,3172.7999999999997
2025-09-16,P006,Seasonal edit 06,Sports,S02,Store 02,South,10,767.09,0.0,False,False,Clear,0,SUP-06,7,0,387.63,False,7670.900000000001,3794.6000000000004
2025-09-17,P006,Seasonal edit 06,Sports,S02,Store 02,South,11,613.67,0.2,True,False,Clear,40,SUP-06,7,0,387.63,False,6750.37,2486.4399999999996
2025-09-18,P006,Seasonal edit 06,Sports,S02,Store 02,South,10,767.09,0.0,False,False,Clear,30,SUP-06,7,0,387.63,False,7670.900000000001,3794.6000000000004
2025-09-19,P006,Seasonal edit 06,Sports,S02,Store 02,South,4,767.09,0.0,False,False,Clear,26,SUP-06,7,0,387.63,False,3068.36,1517.8400000000001
2025-09-20,P006,Seasonal edit 06,Sports,S02,Store 02,South,5,767.09,0.0,False,False,Clear,21,SUP-06,7,0,387.63,False,3835.4500000000003,1897.3000000000002
2025-09-21,P006,Seasonal edit 06,Sports,S02,Store 02,South,13,767.09,0.0,False,False,Rain,8,SUP-06,7,0,387.63,False,9972.17,4932.9800000000005
2025-09-22,P006,Seasonal edit 06,Sports,S02,Store 02,South,7,767.09,0.0,False,False,Clear,1,SUP-06,7,0,387.63,False,5369.63,2656.2200000000003
2025-09-23,P006,Seasonal edit 06,Sports,S02,Store 02,South,1,767.09,0.0,False,False,Clear,0,SUP-06,7,0,387.63,True,767.09,379.46000000000004
2025-09-24,P006,Seasonal edit 06,Sports,S02,Store 02,South,9,767.09,0.0,False,False,Clear,45,SUP-06,7,0,387.63,False,6903.81,3415.1400000000003
2025-09-25,P006,Seasonal edit 06,Sports,S02,Store 02,South,10,728.74,0.05,True,False,Clear,35,SUP-06,7,0,387.63,False,7287.4,3411.1000000000004
2025-09-26,P006,Seasonal edit 06,Sports,S02,Store 02,South,11,767.09,0.0,False,False,Clear,24,SUP-06,7,0,387.63,False,8437.99,4174.06
2025-09-27,P006,Seasonal edit 06,Sports,S02,Store 02,South,7,767.09,0.0,False,False,Clear,17,SUP-06,7,0,387.63,False,5369.63,2656.2200000000003
2025-09-28,P006,Seasonal edit 06,Sports,S02,Store 02,South,8,690.38,0.1,True,False,Clear,9,SUP-06,7,0,387.63,False,5523.04,2422.0
2025-09-29,P006,Seasonal edit 06,Sports,S02,Store 02,South,9,767.09,0.0,False,False,Clear,0,SUP-06,7,0,387.63,False,6903.81,3415.1400000000003
2025-09-30,P006,Seasonal edit 06,Sports,S02,Store 02,South,0,767.09,0.0,False,False,Clear,0,SUP-06,7,0,387.63,True,0.0,0.0
2025-10-01,P006,Seasonal edit 06,Sports,S02,Store 02,South,8,767.09,0.0,False,False,Clear,42,SUP-06,7,0,387.63,False,6136.72,3035.6800000000003
2025-10-02,P006,Seasonal edit 06,Sports,S02,Store 02,South,6,767.09,0.0,False,True,Clear,36,SUP-06,7,0,387.63,False,4602.54,2276.76
2025-10-03,P006,Seasonal edit 06,Sports,S02,Store 02,South,10,613.67,0.2,True,False,Clear,26,SUP-06,7,0,387.63,False,6136.7,2260.3999999999996
2025-10-04,P006,Seasonal edit 06,Sports,S02,Store 02,South,4,767.09,0.0,False,False,Clear,22,SUP-06,7,0,387.63,False,3068.36,1517.8400000000001
2025-10-05,P006,Seasonal edit 06,Sports,S02,Store 02,South,10,767.09,0.0,False,False,Clear,12,SUP-06,7,0,387.63,False,7670.900000000001,3794.6000000000004
2025-10-06,P006,Seasonal edit 06,Sports,S02,Store 02,South,6,690.38,0.1,True,False,Rain,6,SUP-06,7,0,387.63,False,4142.28,1816.5
2025-10-07,P006,Seasonal edit 06,Sports,S02,Store 02,South,6,767.09,0.0,False,False,Rain,0,SUP-06,7,0,387.63,True,4602.54,2276.76
2025-10-08,P006,Seasonal edit 06,Sports,S02,Store 02,South,4,767.09,0.0,False,False,Clear,49,SUP-06,7,0,387.63,False,3068.36,1517.8400000000001
2025-10-09,P006,Seasonal edit 06,Sports,S02,Store 02,South,7,767.09,0.0,False,False,Clear,42,SUP-06,7,0,387.63,False,5369.63,2656.2200000000003
2025-10-10,P006,Seasonal edit 06,Sports,S02,Store 02,South,10,767.09,0.0,False,False,Clear,32,SUP-06,7,0,387.63,False,7670.900000000001,3794.6000000000004
2025-10-11,P006,Seasonal edit 06,Sports,S02,Store 02,South,12,728.74,0.05,True,False,Clear,20,SUP-06,7,0,387.63,False,8744.880000000001,4093.32
2025-10-12,P006,Seasonal edit 06,Sports,S02,Store 02,South,13,767.09,0.0,False,False,Clear,7,SUP-06,7,0,387.63,False,9972.17,4932.9800000000005
2025-10-13,P006,Seasonal edit 06,Sports,S02,Store 02,South,7,767.09,0.0,False,False,Rain,0,SUP-06,7,0,387.63,False,5369.63,2656.2200000000003
2025-10-14,P006,Seasonal edit 06,Sports,S02,Store 02,South,0,767.09,0.0,False,False,Clear,0,SUP-06,7,0,387.63,True,0.0,0.0
2025-10-15,P006,Seasonal edit 06,Sports,S02,Store 02,South,10,767.09,0.0,False,False,Rain,41,SUP-06,7,0,387.63,False,7670.900000000001,3794.6000000000004
2025-10-16,P006,Seasonal edit 06,Sports,S02,Store 02,South,11,767.09,0.0,False,False,Clear,30,SUP-06,7,0,387.63,False,8437.99,4174.06
2025-10-17,P006,Seasonal edit 06,Sports,S02,Store 02,South,8,767.09,0.0,False,False,Clear,22,SUP-06,7,0,387.63,False,6136.72,3035.6800000000003
2025-10-18,P006,Seasonal edit 06,Sports,S02,Store 02,South,18,652.03,0.15,True,False,Clear,4,SUP-06,7,0,387.63,False,11736.539999999999,4759.2
2025-10-19,P006,Seasonal edit 06,Sports,S02,Store 02,South,4,767.09,0.0,False,False,Clear,0,SUP-06,7,0,387.63,True,3068.36,1517.8400000000001
2025-10-20,P006,Seasonal edit 06,Sports,S02,Store 02,South,0,767.09,0.0,False,False,Clear,0,SUP-06,7,0,387.63,True,0.0,0.0
2025-10-21,P006,Seasonal edit 06,Sports,S02,Store 02,South,0,767.09,0.0,False,False,Rain,0,SUP-06,7,0,387.63,True,0.0,0.0
2025-10-22,P006,Seasonal edit 06,Sports,S02,Store 02,South,9,767.09,0.0,False,False,Clear,37,SUP-06,7,0,387.63,False,6903.81,3415.1400000000003
2025-10-23,P006,Seasonal edit 06,Sports,S02,Store 02,South,12,728.74,0.05,True,False,Clear,25,SUP-06,7,0,387.63,False,8744.880000000001,4093.32
2025-10-24,P006,Seasonal edit 06,Sports,S02,Store 02,South,4,767.09,0.0,False,False,Clear,21,SUP-06,7,0,387.63,False,3068.36,1517.8400000000001
2025-10-25,P006,Seasonal edit 06,Sports,S02,Store 02,South,11,728.74,0.05,True,False,Clear,10,SUP-06,7,0,387.63,False,8016.14,3752.21
2025-10-26,P006,Seasonal edit 06,Sports,S02,Store 02,South,10,767.09,0.0,False,False,Clear,0,SUP-06,7,0,387.63,True,7670.900000000001,3794.6000000000004
2025-10-27,P006,Seasonal edit 06,Sports,S02,Store 02,South,0,767.09,0.0,False,False,Clear,0,SUP-06,7,0,387.63,True,0.0,0.0
2025-10-28,P006,Seasonal edit 06,Sports,S02,Store 02,South,0,767.09,0.0,False,False,Clear,0,SUP-06,7,0,387.63,True,0.0,0.0
2025-10-29,P006,Seasonal edit 06,Sports,S02,Store 02,South,2,767.09,0.0,False,False,Clear,51,SUP-06,7,0,387.63,False,1534.18,758.9200000000001
2025-10-30,P006,Seasonal edit 06,Sports,S02,Store 02,South,9,767.09,0.0,False,False,Clear,42,SUP-06,7,0,387.63,False,6903.81,3415.1400000000003
2025-10-31,P006,Seasonal edit 06,Sports,S02,Store 02,South,7,767.09,0.0,False,False,Clear,35,SUP-06,7,0,387.63,False,5369.63,2656.2200000000003
2025-11-01,P006,Seasonal edit 06,Sports,S02,Store 02,South,12,767.09,0.0,False,False,Clear,23,SUP-06,7,0,387.63,False,9205.08,4553.52
2025-11-02,P006,Seasonal edit 06,Sports,S02,Store 02,South,2,767.09,0.0,False,False,Clear,21,SUP-06,7,0,387.63,False,1534.18,758.9200000000001
2025-11-03,P006,Seasonal edit 06,Sports,S02,Store 02,South,9,613.67,0.2,True,False,Clear,12,SUP-06,7,0,387.63,False,5523.03,2034.3599999999997
2025-11-04,P006,Seasonal edit 06,Sports,S02,Store 02,South,6,690.38,0.1,True,False,Clear,6,SUP-06,7,0,387.63,False,4142.28,1816.5
2025-11-05,P006,Seasonal edit 06,Sports,S02,Store 02,South,4,767.09,0.0,False,False,Clear,55,SUP-06,7,0,387.63,False,3068.36,1517.8400000000001
2025-11-06,P006,Seasonal edit 06,Sports,S02,Store 02,South,4,767.09,0.0,False,False,Clear,51,SUP-06,7,0,387.63,False,3068.36,1517.8400000000001
2025-11-07,P006,Seasonal edit 06,Sports,S02,Store 02,South,3,767.09,0.0,False,False,Clear,48,SUP-06,7,0,387.63,False,2301.27,1138.38
2025-11-08,P006,Seasonal edit 06,Sports,S02,Store 02,South,11,767.09,0.0,False,False,Clear,37,SUP-06,7,0,387.63,False,8437.99,4174.06
2025-11-09,P006,Seasonal edit 06,Sports,S02,Store 02,South,10,767.09,0.0,False,False,Clear,27,SUP-06,7,0,387.63,False,7670.900000000001,3794.6000000000004
2025-11-10,P006,Seasonal edit 06,Sports,S02,Store 02,South,7,767.09,0.0,False,False,Clear,20,SUP-06,7,0,387.63,False,5369.63,2656.2200000000003
2025-11-11,P006,Seasonal edit 06,Sports,S02,Store 02,South,10,767.09,0.0,False,False,Clear,10,SUP-06,7,0,387.63,False,7670.900000000001,3794.6000000000004
2025-11-12,P006,Seasonal edit 06,Sports,S02,Store 02,South,15,767.09,0.0,False,False,Clear,46,SUP-06,7,0,387.63,False,11506.35,5691.900000000001
2025-11-13,P006,Seasonal edit 06,Sports,S02,Store 02,South,5,767.09,0.0,False,False,Clear,41,SUP-06,7,0,387.63,False,3835.4500000000003,1897.3000000000002
2025-11-14,P006,Seasonal edit 06,Sports,S02,Store 02,South,11,767.09,0.0,False,False,Clear,30,SUP-06,7,0,387.63,False,8437.99,4174.06
2025-11-15,P006,Seasonal edit 06,Sports,S02,Store 02,South,10,767.09,0.0,False,False,Clear,20,SUP-06,7,0,387.63,False,7670.900000000001,3794.6000000000004
2025-11-16,P006,Seasonal edit 06,Sports,S02,Store 02,South,11,767.09,0.0,False,False,Clear,9,SUP-06,7,0,387.63,False,8437.99,4174.06
2025-11-17,P006,Seasonal edit 06,Sports,S02,Store 02,South,5,767.09,0.0,False,False,Clear,4,SUP-06,7,0,387.63,False,3835.4500000000003,1897.3000000000002
2025-11-18,P006,Seasonal edit 06,Sports,S02,Store 02,South,3,767.09,0.0,False,False,Clear,1,SUP-06,7,0,387.63,False,2301.27,1138.38
2025-11-19,P006,Seasonal edit 06,Sports,S02,Store 02,South,9,767.09,0.0,False,False,Clear,37,SUP-06,7,0,387.63,False,6903.81,3415.1400000000003
2025-11-20,P006,Seasonal edit 06,Sports,S02,Store 02,South,2,767.09,0.0,False,False,Clear,35,SUP-06,7,0,387.63,False,1534.18,758.9200000000001
2025-11-21,P006,Seasonal edit 06,Sports,S02,Store 02,South,9,767.09,0.0,False,False,Clear,26,SUP-06,7,0,387.63,False,6903.81,3415.1400000000003
2025-11-22,P006,Seasonal edit 06,Sports,S02,Store 02,South,3,767.09,0.0,False,False,Clear,23,SUP-06,7,0,387.63,False,2301.27,1138.38
2025-11-23,P006,Seasonal edit 06,Sports,S02,Store 02,South,9,767.09,0.0,False,False,Clear,14,SUP-06,7,0,387.63,False,6903.81,3415.1400000000003
2025-11-24,P006,Seasonal edit 06,Sports,S02,Store 02,South,10,767.09,0.0,False,False,Clear,4,SUP-06,7,0,387.63,False,7670.900000000001,3794.6000000000004
2025-11-25,P006,Seasonal edit 06,Sports,S02,Store 02,South,4,767.09,0.0,False,False,Rain,0,SUP-06,7,0,387.63,True,3068.36,1517.8400000000001
2025-11-26,P006,Seasonal edit 06,Sports,S02,Store 02,South,16,767.09,0.0,False,False,Clear,37,SUP-06,7,0,387.63,False,12273.44,6071.360000000001
2025-11-27,P006,Seasonal edit 06,Sports,S02,Store 02,South,5,767.09,0.0,False,False,Rain,32,SUP-06,7,0,387.63,False,3835.4500000000003,1897.3000000000002
2025-11-28,P006,Seasonal edit 06,Sports,S02,Store 02,South,11,767.09,0.0,False,False,Clear,21,SUP-06,7,1,387.63,False,8437.99,4174.06
2025-11-29,P006,Seasonal edit 06,Sports,S02,Store 02,South,10,767.09,0.0,False,False,Clear,11,SUP-06,7,1,387.63,False,7670.900000000001,3794.6000000000004
2025-11-30,P006,Seasonal edit 06,Sports,S02,Store 02,South,7,767.09,0.0,False,False,Rain,4,SUP-06,7,0,387.63,False,5369.63,2656.2200000000003
2025-12-01,P006,Seasonal edit 06,Sports,S02,Store 02,South,4,767.09,0.0,False,False,Clear,0,SUP-06,7,0,387.63,True,3068.36,1517.8400000000001
2025-12-02,P006,Seasonal edit 06,Sports,S02,Store 02,South,0,767.09,0.0,False,False,Clear,0,SUP-06,7,0,387.63,True,0.0,0.0
2025-12-03,P006,Seasonal edit 06,Sports,S02,Store 02,South,8,767.09,0.0,False,False,Clear,43,SUP-06,7,0,387.63,False,6136.72,3035.6800000000003
2025-12-04,P006,Seasonal edit 06,Sports,S02,Store 02,South,9,613.67,0.2,True,False,Clear,34,SUP-06,7,0,387.63,False,5523.03,2034.3599999999997
2025-12-05,P006,Seasonal edit 06,Sports,S02,Store 02,South,8,767.09,0.0,False,False,Clear,26,SUP-06,7,0,387.63,False,6136.72,3035.6800000000003
2025-12-06,P006,Seasonal edit 06,Sports,S02,Store 02,South,7,767.09,0.0,False,False,Clear,19,SUP-06,7,0,387.63,False,5369.63,2656.2200000000003
2025-12-07,P006,Seasonal edit 06,Sports,S02,Store 02,South,10,767.09,0.0,False,False,Clear,9,SUP-06,7,1,387.63,False,7670.900000000001,3794.6000000000004
2025-12-08,P006,Seasonal edit 06,Sports,S02,Store 02,South,6,767.09,0.0,False,False,Clear,3,SUP-06,7,0,387.63,False,4602.54,2276.76
2025-12-09,P006,Seasonal edit 06,Sports,S02,Store 02,South,3,728.74,0.05,True,False,Clear,0,SUP-06,7,0,387.63,True,2186.2200000000003,1023.33
2025-12-10,P006,Seasonal edit 06,Sports,S02,Store 02,South,6,767.09,0.0,False,False,Clear,41,SUP-06,7,0,387.63,False,4602.54,2276.76
2025-12-11,P006,Seasonal edit 06,Sports,S02,Store 02,South,9,767.09,0.0,False,False,Clear,32,SUP-06,7,0,387.63,False,6903.81,3415.1400000000003
2025-12-12,P006,Seasonal edit 06,Sports,S02,Store 02,South,8,767.09,0.0,False,False,Clear,24,SUP-06,7,0,387.63,False,6136.72,3035.6800000000003
2025-12-13,P006,Seasonal edit 06,Sports,S02,Store 02,South,4,767.09,0.0,False,False,Clear,20,SUP-06,7,0,387.63,False,3068.36,1517.8400000000001
2025-12-14,P006,Seasonal edit 06,Sports,S02,Store 02,South,7,728.74,0.05,True,False,Clear,13,SUP-06,7,2,387.63,False,5101.18,2387.77
2025-12-15,P006,Seasonal edit 06,Sports,S02,Store 02,South,11,767.09,0.0,False,False,Clear,2,SUP-06,7,0,387.63,False,8437.99,4174.06
2025-12-16,P006,Seasonal edit 06,Sports,S02,Store 02,South,2,767.09,0.0,False,False,Clear,0,SUP-06,7,1,387.63,True,1534.18,758.9200000000001
2025-12-17,P006,Seasonal edit 06,Sports,S02,Store 02,South,14,767.09,0.0,False,False,Clear,33,SUP-06,7,0,387.63,False,10739.26,5312.4400000000005
2025-12-18,P006,Seasonal edit 06,Sports,S02,Store 02,South,10,767.09,0.0,False,False,Rain,23,SUP-06,7,0,387.63,False,7670.900000000001,3794.6000000000004
2025-12-19,P006,Seasonal edit 06,Sports,S02,Store 02,South,15,767.09,0.0,False,False,Rain,8,SUP-06,7,0,387.63,False,11506.35,5691.900000000001
2025-12-20,P006,Seasonal edit 06,Sports,S02,Store 02,South,8,767.09,0.0,False,False,Rain,0,SUP-06,7,0,387.63,True,6136.72,3035.6800000000003
2025-12-21,P006,Seasonal edit 06,Sports,S02,Store 02,South,0,767.09,0.0,False,False,Clear,0,SUP-06,7,0,387.63,True,0.0,0.0
2025-12-22,P006,Seasonal edit 06,Sports,S02,Store 02,South,0,767.09,0.0,False,False,Clear,0,SUP-06,7,0,387.63,True,0.0,0.0
2025-12-23,P006,Seasonal edit 06,Sports,S02,Store 02,South,0,767.09,0.0,False,False,Clear,0,SUP-06,7,0,387.63,True,0.0,0.0
2025-12-24,P006,Seasonal edit 06,Sports,S02,Store 02,South,9,767.09,0.0,False,False,Clear,40,SUP-06,7,0,387.63,False,6903.81,3415.1400000000003
2025-12-25,P006,Seasonal edit 06,Sports,S02,Store 02,South,13,767.09,0.0,False,True,Clear,27,SUP-06,7,0,387.63,False,9972.17,4932.9800000000005
2025-12-26,P006,Seasonal edit 06,Sports,S02,Store 02,South,2,767.09,0.0,False,False,Clear,25,SUP-06,7,0,387.63,False,1534.18,758.9200000000001
2025-12-27,P006,Seasonal edit 06,Sports,S02,Store 02,South,8,767.09,0.0,False,False,Clear,17,SUP-06,7,0,387.63,False,6136.72,3035.6800000000003
2025-12-28,P006,Seasonal edit 06,Sports,S02,Store 02,South,12,767.09,0.0,False,False,Clear,5,SUP-06,7,0,387.63,False,9205.08,4553.52
2025-12-29,P006,Seasonal edit 06,Sports,S02,Store 02,South,5,767.09,0.0,False,False,Clear,0,SUP-06,7,0,387.63,True,3835.4500000000003,1897.3000000000002
2025-12-30,P006,Seasonal edit 06,Sports,S02,Store 02,South,0,767.09,0.0,False,False,Clear,0,SUP-06,7,0,387.63,True,0.0,0.0
2025-12-31,P006,Seasonal edit 06,Sports,S02,Store 02,South,9,767.09,0.0,False,False,Clear,44,SUP-06,7,0,387.63,False,6903.81,3415.1400000000003
2025-09-03,P006,Seasonal edit 06,Sports,S03,Store 03,East,4,690.38,0.1,True,False,Clear,92,SUP-06,8,0,387.63,False,2761.52,1211.0
2025-09-04,P006,Seasonal edit 06,Sports,S03,Store 03,East,6,767.09,0.0,False,False,Clear,86,SUP-06,8,0,387.63,False,4602.54,2276.76
2025-09-05,P006,Seasonal edit 06,Sports,S03,Store 03,East,6,767.09,0.0,False,False,Clear,80,SUP-06,8,0,387.63,False,4602.54,2276.76
2025-09-06,P006,Seasonal edit 06,Sports,S03,Store 03,East,9,767.09,0.0,False,False,Clear,71,SUP-06,8,0,387.63,False,6903.81,3415.1400000000003
2025-09-07,P006,Seasonal edit 06,Sports,S03,Store 03,East,9,767.09,0.0,False,False,Clear,62,SUP-06,8,0,387.63,False,6903.81,3415.1400000000003
2025-09-08,P006,Seasonal edit 06,Sports,S03,Store 03,East,14,767.09,0.0,False,False,Clear,48,SUP-06,8,0,387.63,False,10739.26,5312.4400000000005
2025-09-09,P006,Seasonal edit 06,Sports,S03,Store 03,East,12,767.09,0.0,False,False,Clear,36,SUP-06,8,0,387.63,False,9205.08,4553.52
2025-09-10,P006,Seasonal edit 06,Sports,S03,Store 03,East,11,767.09,0.0,False,False,Clear,25,SUP-06,8,0,387.63,False,8437.99,4174.06
2025-09-11,P006,Seasonal edit 06,Sports,S03,Store 03,East,7,767.09,0.0,False,False,Clear,103,SUP-06,8,0,387.63,False,5369.63,2656.2200000000003
2025-09-12,P006,Seasonal edit 06,Sports,S03,Store 03,East,12,767.09,0.0,False,False,Clear,91,SUP-06,8,0,387.63,False,9205.08,4553.52
2025-09-13,P006,Seasonal edit 06,Sports,S03,Store 03,East,18,767.09,0.0,False,False,Clear,73,SUP-06,8,0,387.63,False,13807.62,6830.280000000001
2025-09-14,P006,Seasonal edit 06,Sports,S03,Store 03,East,9,767.09,0.0,False,False,Clear,64,SUP-06,8,0,387.63,False,6903.81,3415.1400000000003
2025-09-15,P006,Seasonal edit 06,Sports,S03,Store 03,East,6,767.09,0.0,False,False,Clear,58,SUP-06,8,0,387.63,False,4602.54,2276.76
2025-09-16,P006,Seasonal edit 06,Sports,S03,Store 03,East,11,767.09,0.0,False,False,Clear,47,SUP-06,8,0,387.63,False,8437.99,4174.06
2025-09-17,P006,Seasonal edit 06,Sports,S03,Store 03,East,11,767.09,0.0,False,False,Clear,36,SUP-06,8,0,387.63,False,8437.99,4174.06
2025-09-18,P006,Seasonal edit 06,Sports,S03,Store 03,East,10,767.09,0.0,False,False,Clear,26,SUP-06,8,0,387.63,False,7670.900000000001,3794.6000000000004
2025-09-19,P006,Seasonal edit 06,Sports,S03,Store 03,East,13,767.09,0.0,False,False,Clear,104,SUP-06,8,0,387.63,False,9972.17,4932.9800000000005
2025-09-20,P006,Seasonal edit 06,Sports,S03,Store 03,East,5,767.09,0.0,False,False,Clear,99,SUP-06,8,0,387.63,False,3835.4500000000003,1897.3000000000002
2025-09-21,P006,Seasonal edit 06,Sports,S03,Store 03,East,6,767.09,0.0,False,False,Clear,93,SUP-06,8,0,387.63,False,4602.54,2276.76
2025-09-22,P006,Seasonal edit 06,Sports,S03,Store 03,East,19,767.09,0.0,False,False,Clear,74,SUP-06,8,0,387.63,False,14574.710000000001,7209.740000000001
2025-09-23,P006,Seasonal edit 06,Sports,S03,Store 03,East,16,728.74,0.05,True,False,Clear,58,SUP-06,8,1,387.63,False,11659.84,5457.76
2025-09-24,P006,Seasonal edit 06,Sports,S03,Store 03,East,13,767.09,0.0,False,False,Clear,45,SUP-06,8,0,387.63,False,9972.17,4932.9800000000005
2025-09-25,P006,Seasonal edit 06,Sports,S03,Store 03,East,12,767.09,0.0,False,False,Clear,33,SUP-06,8,0,387.63,False,9205.08,4553.52
2025-09-26,P006,Seasonal edit 06,Sports,S03,Store 03,East,10,767.09,0.0,False,False,Clear,23,SUP-06,8,0,387.63,False,7670.900000000001,3794.6000000000004
2025-09-27,P006,Seasonal edit 06,Sports,S03,Store 03,East,12,767.09,0.0,False,False,Clear,106,SUP-06,8,0,387.63,False,9205.08,4553.52
2025-09-28,P006,Seasonal edit 06,Sports,S03,Store 03,East,11,767.09,0.0,False,False,Clear,95,SUP-06,8,0,387.63,False,8437.99,4174.06
2025-09-29,P006,Seasonal edit 06,Sports,S03,Store 03,East,8,767.09,0.0,False,False,Clear,87,SUP-06,8,0,387.63,False,6136.72,3035.6800000000003
2025-09-30,P006,Seasonal edit 06,Sports,S03,Store 03,East,8,767.09,0.0,False,False,Rain,79,SUP-06,8,0,387.63,False,6136.72,3035.6800000000003
2025-10-01,P006,Seasonal edit 06,Sports,S03,Store 03,East,8,767.09,0.0,False,False,Clear,71,SUP-06,8,0,387.63,False,6136.72,3035.6800000000003
2025-10-02,P006,Seasonal edit 06,Sports,S03,Store 03,East,9,767.09,0.0,False,True,Clear,62,SUP-06,8,0,387.63,False,6903.81,3415.1400000000003
2025-10-03,P006,Seasonal edit 06,Sports,S03,Store 03,East,7,767.09,0.0,False,False,Clear,55,SUP-06,8,0,387.63,False,5369.63,2656.2200000000003
2025-10-04,P006,Seasonal edit 06,Sports,S03,Store 03,East,8,767.09,0.0,False,False,Rain,47,SUP-06,8,0,387.63,False,6136.72,3035.6800000000003
2025-10-05,P006,Seasonal edit 06,Sports,S03,Store 03,East,8,767.09,0.0,False,False,Clear,126,SUP-06,8,1,387.63,False,6136.72,3035.6800000000003
2025-10-06,P006,Seasonal edit 06,Sports,S03,Store 03,East,5,767.09,0.0,False,False,Clear,121,SUP-06,8,1,387.63,False,3835.4500000000003,1897.3000000000002
2025-10-07,P006,Seasonal edit 06,Sports,S03,Store 03,East,6,767.09,0.0,False,False,Rain,115,SUP-06,8,0,387.63,False,4602.54,2276.76
2025-10-08,P006,Seasonal edit 06,Sports,S03,Store 03,East,5,767.09,0.0,False,False,Clear,110,SUP-06,8,1,387.63,False,3835.4500000000003,1897.3000000000002
2025-10-09,P006,Seasonal edit 06,Sports,S03,Store 03,East,7,767.09,0.0,False,False,Clear,103,SUP-06,8,0,387.63,False,5369.63,2656.2200000000003
2025-10-10,P006,Seasonal edit 06,Sports,S03,Store 03,East,9,767.09,0.0,False,False,Rain,94,SUP-06,8,0,387.63,False,6903.81,3415.1400000000003
2025-10-11,P006,Seasonal edit 06,Sports,S03,Store 03,East,9,767.09,0.0,False,False,Clear,85,SUP-06,8,0,387.63,False,6903.81,3415.1400000000003
2025-10-12,P006,Seasonal edit 06,Sports,S03,Store 03,East,8,767.09,0.0,False,False,Clear,77,SUP-06,8,0,387.63,False,6136.72,3035.6800000000003
2025-10-13,P006,Seasonal edit 06,Sports,S03,Store 03,East,4,767.09,0.0,False,False,Clear,171,SUP-06,8,0,387.63,False,3068.36,1517.8400000000001
2025-10-14,P006,Seasonal edit 06,Sports,S03,Store 03,East,12,613.67,0.2,True,False,Clear,159,SUP-06,8,1,387.63,False,7364.039999999999,2712.4799999999996
2025-10-15,P006,Seasonal edit 06,Sports,S03,Store 03,East,14,767.09,0.0,False,False,Clear,145,SUP-06,8,0,387.63,False,10739.26,5312.4400000000005
2025-10-16,P006,Seasonal edit 06,Sports,S03,Store 03,East,9,767.09,0.0,False,False,Clear,136,SUP-06,8,0,387.63,False,6903.81,3415.1400000000003
2025-10-17,P006,Seasonal edit 06,Sports,S03,Store 03,East,14,767.09,0.0,False,False,Clear,122,SUP-06,8,0,387.63,False,10739.26,5312.4400000000005
2025-10-18,P006,Seasonal edit 06,Sports,S03,Store 03,East,15,767.09,0.0,False,False,Clear,107,SUP-06,8,0,387.63,False,11506.35,5691.900000000001
2025-10-19,P006,Seasonal edit 06,Sports,S03,Store 03,East,17,767.09,0.0,False,False,Clear,90,SUP-06,8,0,387.63,False,13040.53,6450.820000000001
2025-10-20,P006,Seasonal edit 06,Sports,S03,Store 03,East,6,767.09,0.0,False,False,Clear,84,SUP-06,8,0,387.63,False,4602.54,2276.76
2025-10-21,P006,Seasonal edit 06,Sports,S03,Store 03,East,13,767.09,0.0,False,False,Clear,166,SUP-06,8,0,387.63,False,9972.17,4932.9800000000005
2025-10-22,P006,Seasonal edit 06,Sports,S03,Store 03,East,5,767.09,0.0,False,False,Clear,161,SUP-06,8,0,387.63,False,3835.4500000000003,1897.3000000000002
2025-10-23,P006,Seasonal edit 06,Sports,S03,Store 03,East,12,767.09,0.0,False,False,Clear,149,SUP-06,8,1,387.63,False,9205.08,4553.52
2025-10-24,P006,Seasonal edit 06,Sports,S03,Store 03,East,13,767.09,0.0,False,False,Clear,136,SUP-06,8,1,387.63,False,9972.17,4932.9800000000005
2025-10-25,P006,Seasonal edit 06,Sports,S03,Store 03,East,11,767.09,0.0,False,False,Clear,125,SUP-06,8,1,387.63,False,8437.99,4174.06
2025-10-26,P006,Seasonal edit 06,Sports,S03,Store 03,East,15,767.09,0.0,False,False,Rain,110,SUP-06,8,0,387.63,False,11506.35,5691.900000000001
2025-10-27,P006,Seasonal edit 06,Sports,S03,Store 03,East,13,767.09,0.0,False,False,Clear,97,SUP-06,8,0,387.63,False,9972.17,4932.9800000000005
2025-10-28,P006,Seasonal edit 06,Sports,S03,Store 03,East,11,613.67,0.2,True,False,Clear,86,SUP-06,8,1,387.63,False,6750.37,2486.4399999999996
2025-10-29,P006,Seasonal edit 06,Sports,S03,Store 03,East,4,767.09,0.0,False,False,Rain,184,SUP-06,8,0,387.63,False,3068.36,1517.8400000000001
2025-10-30,P006,Seasonal edit 06,Sports,S03,Store 03,East,9,767.09,0.0,False,False,Clear,175,SUP-06,8,0,387.63,False,6903.81,3415.1400000000003
2025-10-31,P006,Seasonal edit 06,Sports,S03,Store 03,East,6,767.09,0.0,False,False,Clear,169,SUP-06,8,0,387.63,False,4602.54,2276.76
2025-11-01,P006,Seasonal edit 06,Sports,S03,Store 03,East,9,767.09,0.0,False,False,Clear,160,SUP-06,8,0,387.63,False,6903.81,3415.1400000000003
2025-11-02,P006,Seasonal edit 06,Sports,S03,Store 03,East,11,767.09,0.0,False,False,Clear,149,SUP-06,8,0,387.63,False,8437.99,4174.06
2025-11-03,P006,Seasonal edit 06,Sports,S03,Store 03,East,12,767.09,0.0,False,False,Clear,137,SUP-06,8,0,387.63,False,9205.08,4553.52
2025-11-04,P006,Seasonal edit 06,Sports,S03,Store 03,East,4,767.09,0.0,False,False,Clear,133,SUP-06,8,0,387.63,False,3068.36,1517.8400000000001
2025-11-05,P006,Seasonal edit 06,Sports,S03,Store 03,East,10,767.09,0.0,False,False,Clear,123,SUP-06,8,0,387.63,False,7670.900000000001,3794.6000000000004
2025-11-06,P006,Seasonal edit 06,Sports,S03,Store 03,East,3,767.09,0.0,False,False,Clear,208,SUP-06,8,1,387.63,False,2301.27,1138.38
2025-11-07,P006,Seasonal edit 06,Sports,S03,Store 03,East,5,767.09,0.0,False,False,Rain,203,SUP-06,8,0,387.63,False,3835.4500000000003,1897.3000000000002
2025-11-08,P006,Seasonal edit 06,Sports,S03,Store 03,East,12,767.09,0.0,False,False,Clear,191,SUP-06,8,0,387.63,False,9205.08,4553.52
2025-11-09,P006,Seasonal edit 06,Sports,S03,Store 03,East,10,767.09,0.0,False,False,Clear,181,SUP-06,8,0,387.63,False,7670.900000000001,3794.6000000000004
2025-11-10,P006,Seasonal edit 06,Sports,S03,Store 03,East,7,767.09,0.0,False,False,Clear,174,SUP-06,8,0,387.63,False,5369.63,2656.2200000000003
2025-11-11,P006,Seasonal edit 06,Sports,S03,Store 03,East,7,767.09,0.0,False,False,Clear,167,SUP-06,8,1,387.63,False,5369.63,2656.2200000000003
2025-11-12,P006,Seasonal edit 06,Sports,S03,Store 03,East,14,767.09,0.0,False,False,Clear,153,SUP-06,8,1,387.63,False,10739.26,5312.4400000000005
2025-11-13,P006,Seasonal edit 06,Sports,S03,Store 03,East,9,767.09,0.0,False,False,Clear,144,SUP-06,8,0,387.63,False,6903.81,3415.1400000000003
2025-11-14,P006,Seasonal edit 06,Sports,S03,Store 03,East,14,767.09,0.0,False,False,Clear,225,SUP-06,8,0,387.63,False,10739.26,5312.4400000000005
2025-11-15,P006,Seasonal edit 06,Sports,S03,Store 03,East,11,767.09,0.0,False,False,Rain,214,SUP-06,8,0,387.63,False,8437.99,4174.06
2025-11-16,P006,Seasonal edit 06,Sports,S03,Store 03,East,9,767.09,0.0,False,False,Clear,205,SUP-06,8,1,387.63,False,6903.81,3415.1400000000003
2025-11-17,P006,Seasonal edit 06,Sports,S03,Store 03,East,12,767.09,0.0,False,False,Rain,193,SUP-06,8,0,387.63,False,9205.08,4553.52
2025-11-18,P006,Seasonal edit 06,Sports,S03,Store 03,East,14,767.09,0.0,False,False,Rain,179,SUP-06,8,1,387.63,False,10739.26,5312.4400000000005
2025-11-19,P006,Seasonal edit 06,Sports,S03,Store 03,East,21,767.09,0.0,False,False,Clear,158,SUP-06,8,1,387.63,False,16108.890000000001,7968.660000000001
2025-11-20,P006,Seasonal edit 06,Sports,S03,Store 03,East,19,767.09,0.0,False,False,Clear,139,SUP-06,8,0,387.63,False,14574.710000000001,7209.740000000001
2025-11-21,P006,Seasonal edit 06,Sports,S03,Store 03,East,10,767.09,0.0,False,False,Clear,129,SUP-06,8,0,387.63,False,7670.900000000001,3794.6000000000004
2025-11-22,P006,Seasonal edit 06,Sports,S03,Store 03,East,25,767.09,0.0,False,False,Clear,199,SUP-06,8,0,387.63,False,19177.25,9486.5
2025-11-23,P006,Seasonal edit 06,Sports,S03,Store 03,East,10,767.09,0.0,False,False,Clear,189,SUP-06,8,1,387.63,False,7670.900000000001,3794.6000000000004
2025-11-24,P006,Seasonal edit 06,Sports,S03,Store 03,East,5,767.09,0.0,False,False,Clear,184,SUP-06,8,1,387.63,False,3835.4500000000003,1897.3000000000002
2025-11-25,P006,Seasonal edit 06,Sports,S03,Store 03,East,7,767.09,0.0,False,False,Clear,177,SUP-06,8,0,387.63,False,5369.63,2656.2200000000003
2025-11-26,P006,Seasonal edit 06,Sports,S03,Store 03,East,8,767.09,0.0,False,False,Clear,169,SUP-06,8,0,387.63,False,6136.72,3035.6800000000003
2025-11-27,P006,Seasonal edit 06,Sports,S03,Store 03,East,9,767.09,0.0,False,False,Clear,160,SUP-06,8,0,387.63,False,6903.81,3415.1400000000003
2025-11-28,P006,Seasonal edit 06,Sports,S03,Store 03,East,8,767.09,0.0,False,False,Clear,152,SUP-06,8,0,387.63,False,6136.72,3035.6800000000003
2025-11-29,P006,Seasonal edit 06,Sports,S03,Store 03,East,14,767.09,0.0,False,False,Clear,138,SUP-06,8,0,387.63,False,10739.26,5312.4400000000005
2025-11-30,P006,Seasonal edit 06,Sports,S03,Store 03,East,5,767.09,0.0,False,False,Clear,227,SUP-06,8,0,387.63,False,3835.4500000000003,1897.3000000000002
2025-12-01,P006,Seasonal edit 06,Sports,S03,Store 03,East,11,767.09,0.0,False,False,Clear,216,SUP-06,8,0,387.63,False,8437.99,4174.06
2025-12-02,P006,Seasonal edit 06,Sports,S03,Store 03,East,5,767.09,0.0,False,False,Rain,211,SUP-06,8,0,387.63,False,3835.4500000000003,1897.3000000000002
2025-12-03,P006,Seasonal edit 06,Sports,S03,Store 03,East,5,767.09,0.0,False,False,Clear,206,SUP-06,8,0,387.63,False,3835.4500000000003,1897.3000000000002
2025-12-04,P006,Seasonal edit 06,Sports,S03,Store 03,East,10,652.03,0.15,True,False,Clear,196,SUP-06,8,0,387.63,False,6520.299999999999,2644.0
2025-12-05,P006,Seasonal edit 06,Sports,S03,Store 03,East,7,767.09,0.0,False,False,Clear,189,SUP-06,8,1,387.63,False,5369.63,2656.2200000000003
2025-12-06,P006,Seasonal edit 06,Sports,S03,Store 03,East,9,767.09,0.0,False,False,Clear,180,SUP-06,8,0,387.63,False,6903.81,3415.1400000000003
2025-12-07,P006,Seasonal edit 06,Sports,S03,Store 03,East,7,767.09,0.0,False,False,Clear,173,SUP-06,8,1,387.63,False,5369.63,2656.2200000000003
2025-12-08,P006,Seasonal edit 06,Sports,S03,Store 03,East,8,767.09,0.0,False,False,Clear,259,SUP-06,8,0,387.63,False,6136.72,3035.6800000000003
2025-12-09,P006,Seasonal edit 06,Sports,S03,Store 03,East,7,767.09,0.0,False,False,Clear,252,SUP-06,8,0,387.63,False,5369.63,2656.2200000000003
2025-12-10,P006,Seasonal edit 06,Sports,S03,Store 03,East,9,767.09,0.0,False,False,Clear,243,SUP-06,8,1,387.63,False,6903.81,3415.1400000000003
2025-12-11,P006,Seasonal edit 06,Sports,S03,Store 03,East,6,767.09,0.0,False,False,Clear,237,SUP-06,8,0,387.63,False,4602.54,2276.76
2025-12-12,P006,Seasonal edit 06,Sports,S03,Store 03,East,11,767.09,0.0,False,False,Clear,226,SUP-06,8,0,387.63,False,8437.99,4174.06
2025-12-13,P006,Seasonal edit 06,Sports,S03,Store 03,East,12,767.09,0.0,False,False,Clear,214,SUP-06,8,0,387.63,False,9205.08,4553.52
2025-12-14,P006,Seasonal edit 06,Sports,S03,Store 03,East,11,767.09,0.0,False,False,Clear,203,SUP-06,8,0,387.63,False,8437.99,4174.06
2025-12-15,P006,Seasonal edit 06,Sports,S03,Store 03,East,9,767.09,0.0,False,False,Clear,194,SUP-06,8,0,387.63,False,6903.81,3415.1400000000003
2025-12-16,P006,Seasonal edit 06,Sports,S03,Store 03,East,13,767.09,0.0,False,False,Rain,281,SUP-06,8,0,387.63,False,9972.17,4932.9800000000005
2025-12-17,P006,Seasonal edit 06,Sports,S03,Store 03,East,13,767.09,0.0,False,False,Clear,268,SUP-06,8,0,387.63,False,9972.17,4932.9800000000005
2025-12-18,P006,Seasonal edit 06,Sports,S03,Store 03,East,15,767.09,0.0,False,False,Clear,253,SUP-06,8,0,387.63,False,11506.35,5691.900000000001
2025-12-19,P006,Seasonal edit 06,Sports,S03,Store 03,East,11,767.09,0.0,False,False,Clear,242,SUP-06,8,0,387.63,False,8437.99,4174.06
2025-12-20,P006,Seasonal edit 06,Sports,S03,Store 03,East,13,767.09,0.0,False,False,Clear,229,SUP-06,8,2,387.63,False,9972.17,4932.9800000000005
2025-12-21,P006,Seasonal edit 06,Sports,S03,Store 03,East,11,767.09,0.0,False,False,Clear,218,SUP-06,8,0,387.63,False,8437.99,4174.06
2025-12-22,P006,Seasonal edit 06,Sports,S03,Store 03,East,14,767.09,0.0,False,False,Clear,204,SUP-06,8,0,387.63,False,10739.26,5312.4400000000005
2025-12-23,P006,Seasonal edit 06,Sports,S03,Store 03,East,7,767.09,0.0,False,False,Clear,197,SUP-06,8,2,387.63,False,5369.63,2656.2200000000003
2025-12-24,P006,Seasonal edit 06,Sports,S03,Store 03,East,13,767.09,0.0,False,False,Rain,278,SUP-06,8,1,387.63,False,9972.17,4932.9800000000005
2025-12-25,P006,Seasonal edit 06,Sports,S03,Store 03,East,15,767.09,0.0,False,True,Clear,263,SUP-06,8,1,387.63,False,11506.35,5691.900000000001
2025-12-26,P006,Seasonal edit 06,Sports,S03,Store 03,East,5,767.09,0.0,False,False,Clear,258,SUP-06,8,0,387.63,False,3835.4500000000003,1897.3000000000002
2025-12-27,P006,Seasonal edit 06,Sports,S03,Store 03,East,16,767.09,0.0,False,False,Clear,242,SUP-06,8,0,387.63,False,12273.44,6071.360000000001
2025-12-28,P006,Seasonal edit 06,Sports,S03,Store 03,East,12,728.74,0.05,True,False,Clear,230,SUP-06,8,1,387.63,False,8744.880000000001,4093.32
2025-12-29,P006,Seasonal edit 06,Sports,S03,Store 03,East,16,767.09,0.0,False,False,Rain,214,SUP-06,8,0,387.63,False,12273.44,6071.360000000001
2025-12-30,P006,Seasonal edit 06,Sports,S03,Store 03,East,10,767.09,0.0,False,False,Rain,204,SUP-06,8,1,387.63,False,7670.900000000001,3794.6000000000004
2025-12-31,P006,Seasonal edit 06,Sports,S03,Store 03,East,14,767.09,0.0,False,False,Clear,190,SUP-06,8,0,387.63,False,10739.26,5312.4400000000005
2025-09-03,P006,Seasonal edit 06,Sports,S04,Store 04,West,7,767.09,0.0,False,False,Clear,251,SUP-06,9,0,387.63,False,5369.63,2656.2200000000003
2025-09-04,P006,Seasonal edit 06,Sports,S04,Store 04,West,18,767.09,0.0,False,False,Clear,233,SUP-06,9,0,387.63,False,13807.62,6830.280000000001
2025-09-05,P006,Seasonal edit 06,Sports,S04,Store 04,West,9,767.09,0.0,False,False,Clear,224,SUP-06,9,0,387.63,False,6903.81,3415.1400000000003
2025-09-06,P006,Seasonal edit 06,Sports,S04,Store 04,West,9,767.09,0.0,False,False,Clear,215,SUP-06,9,0,387.63,False,6903.81,3415.1400000000003
2025-09-07,P006,Seasonal edit 06,Sports,S04,Store 04,West,14,767.09,0.0,False,False,Clear,201,SUP-06,9,0,387.63,False,10739.26,5312.4400000000005
2025-09-08,P006,Seasonal edit 06,Sports,S04,Store 04,West,4,767.09,0.0,False,False,Rain,197,SUP-06,9,0,387.63,False,3068.36,1517.8400000000001
2025-09-09,P006,Seasonal edit 06,Sports,S04,Store 04,West,6,767.09,0.0,False,False,Rain,191,SUP-06,9,0,387.63,False,4602.54,2276.76
2025-09-10,P006,Seasonal edit 06,Sports,S04,Store 04,West,8,767.09,0.0,False,False,Clear,183,SUP-06,9,0,387.63,False,6136.72,3035.6800000000003
2025-09-11,P006,Seasonal edit 06,Sports,S04,Store 04,West,14,767.09,0.0,False,False,Clear,169,SUP-06,9,0,387.63,False,10739.26,5312.4400000000005
2025-09-12,P006,Seasonal edit 06,Sports,S04,Store 04,West,10,767.09,0.0,False,False,Clear,276,SUP-06,9,0,387.63,False,7670.900000000001,3794.6000000000004
2025-09-13,P006,Seasonal edit 06,Sports,S04,Store 04,West,11,767.09,0.0,False,False,Clear,265,SUP-06,9,1,387.63,False,8437.99,4174.06
2025-09-14,P006,Seasonal edit 06,Sports,S04,Store 04,West,15,767.09,0.0,False,False,Rain,250,SUP-06,9,0,387.63,False,11506.35,5691.900000000001
2025-09-15,P006,Seasonal edit 06,Sports,S04,Store 04,West,13,767.09,0.0,False,False,Clear,237,SUP-06,9,0,387.63,False,9972.17,4932.9800000000005
2025-09-16,P006,Seasonal edit 06,Sports,S04,Store 04,West,14,690.38,0.1,True,False,Clear,223,SUP-06,9,0,387.63,False,9665.32,4238.5
2025-09-17,P006,Seasonal edit 06,Sports,S04,Store 04,West,18,767.09,0.0,False,False,Clear,205,SUP-06,9,0,387.63,False,13807.62,6830.280000000001
2025-09-18,P006,Seasonal edit 06,Sports,S04,Store 04,West,17,652.03,0.15,True,False,Clear,188,SUP-06,9,0,387.63,False,11084.51,4494.799999999999
2025-09-19,P006,Seasonal edit 06,Sports,S04,Store 04,West,14,767.09,0.0,False,False,Rain,174,SUP-06,9,0,387.63,False,10739.26,5312.4400000000005
2025-09-20,P006,Seasonal edit 06,Sports,S04,Store 04,West,26,767.09,0.0,False,False,Clear,148,SUP-06,9,0,387.63,False,19944.34,9865.960000000001
2025-09-21,P006,Seasonal edit 06,Sports,S04,Store 04,West,18,767.09,0.0,False,False,Clear,259,SUP-06,9,0,387.63,False,13807.62,6830.280000000001
2025-09-22,P006,Seasonal edit 06,Sports,S04,Store 04,West,20,767.09,0.0,False,False,Clear,239,SUP-06,9,0,387.63,False,15341.800000000001,7589.200000000001
2025-09-23,P006,Seasonal edit 06,Sports,S04,Store 04,West,7,767.09,0.0,False,False,Rain,232,SUP-06,9,1,387.63,False,5369.63,2656.2200000000003
2025-09-24,P006,Seasonal edit 06,Sports,S04,Store 04,West,12,767.09,0.0,False,False,Clear,220,SUP-06,9,0,387.63,False,9205.08,4553.52
2025-09-25,P006,Seasonal edit 06,Sports,S04,Store 04,West,9,767.09,0.0,False,False,Clear,211,SUP-06,9,0,387.63,False,6903.81,3415.1400000000003
2025-09-26,P006,Seasonal edit 06,Sports,S04,Store 04,West,11,767.09,0.0,False,False,Clear,200,SUP-06,9,1,387.63,False,8437.99,4174.06
2025-09-27,P006,Seasonal edit 06,Sports,S04,Store 04,West,19,767.09,0.0,False,False,Clear,181,SUP-06,9,0,387.63,False,14574.710000000001,7209.740000000001
2025-09-28,P006,Seasonal edit 06,Sports,S04,Store 04,West,20,767.09,0.0,False,False,Clear,161,SUP-06,9,0,387.63,False,15341.800000000001,7589.200000000001
2025-09-29,P006,Seasonal edit 06,Sports,S04,Store 04,West,9,767.09,0.0,False,False,Clear,152,SUP-06,9,0,387.63,False,6903.81,3415.1400000000003
2025-09-30,P006,Seasonal edit 06,Sports,S04,Store 04,West,10,767.09,0.0,False,False,Clear,273,SUP-06,9,0,387.63,False,7670.900000000001,3794.6000000000004
2025-10-01,P006,Seasonal edit 06,Sports,S04,Store 04,West,10,767.09,0.0,False,False,Clear,263,SUP-06,9,0,387.63,False,7670.900000000001,3794.6000000000004
2025-10-02,P006,Seasonal edit 06,Sports,S04,Store 04,West,11,767.09,0.0,False,True,Clear,252,SUP-06,9,1,387.63,False,8437.99,4174.06
2025-10-03,P006,Seasonal edit 06,Sports,S04,Store 04,West,15,767.09,0.0,False,False,Clear,237,SUP-06,9,1,387.63,False,11506.35,5691.900000000001
2025-10-04,P006,Seasonal edit 06,Sports,S04,Store 04,West,17,767.09,0.0,False,False,Clear,220,SUP-06,9,0,387.63,False,13040.53,6450.820000000001
2025-10-05,P006,Seasonal edit 06,Sports,S04,Store 04,West,8,767.09,0.0,False,False,Clear,212,SUP-06,9,0,387.63,False,6136.72,3035.6800000000003
2025-10-06,P006,Seasonal edit 06,Sports,S04,Store 04,West,11,767.09,0.0,False,False,Clear,201,SUP-06,9,0,387.63,False,8437.99,4174.06
2025-10-07,P006,Seasonal edit 06,Sports,S04,Store 04,West,12,767.09,0.0,False,False,Clear,189,SUP-06,9,0,387.63,False,9205.08,4553.52
2025-10-08,P006,Seasonal edit 06,Sports,S04,Store 04,West,10,767.09,0.0,False,False,Clear,179,SUP-06,9,0,387.63,False,7670.900000000001,3794.6000000000004
2025-10-09,P006,Seasonal edit 06,Sports,S04,Store 04,West,11,767.09,0.0,False,False,Clear,281,SUP-06,9,0,387.63,False,8437.99,4174.06
2025-10-10,P006,Seasonal edit 06,Sports,S04,Store 04,West,15,767.09,0.0,False,False,Clear,266,SUP-06,9,0,387.63,False,11506.35,5691.900000000001
2025-10-11,P006,Seasonal edit 06,Sports,S04,Store 04,West,11,767.09,0.0,False,False,Clear,255,SUP-06,9,0,387.63,False,8437.99,4174.06
2025-10-12,P006,Seasonal edit 06,Sports,S04,Store 04,West,14,767.09,0.0,False,False,Clear,241,SUP-06,9,0,387.63,False,10739.26,5312.4400000000005
2025-10-13,P006,Seasonal edit 06,Sports,S04,Store 04,West,12,728.74,0.05,True,False,Clear,229,SUP-06,9,0,387.63,False,8744.880000000001,4093.32
2025-10-14,P006,Seasonal edit 06,Sports,S04,Store 04,West,22,728.74,0.05,True,False,Clear,207,SUP-06,9,0,387.63,False,16032.28,7504.42
2025-10-15,P006,Seasonal edit 06,Sports,S04,Store 04,West,17,767.09,0.0,False,False,Clear,190,SUP-06,9,0,387.63,False,13040.53,6450.820000000001
2025-10-16,P006,Seasonal edit 06,Sports,S04,Store 04,West,19,767.09,0.0,False,False,Clear,171,SUP-06,9,0,387.63,False,14574.710000000001,7209.740000000001
2025-10-17,P006,Seasonal edit 06,Sports,S04,Store 04,West,15,767.09,0.0,False,False,Rain,156,SUP-06,9,0,387.63,False,11506.35,5691.900000000001
2025-10-18,P006,Seasonal edit 06,Sports,S04,Store 04,West,17,767.09,0.0,False,False,Clear,264,SUP-06,9,0,387.63,False,13040.53,6450.820000000001
2025-10-19,P006,Seasonal edit 06,Sports,S04,Store 04,West,13,767.09,0.0,False,False,Clear,251,SUP-06,9,0,387.63,False,9972.17,4932.9800000000005
2025-10-20,P006,Seasonal edit 06,Sports,S04,Store 04,West,15,767.09,0.0,False,False,Clear,236,SUP-06,9,0,387.63,False,11506.35,5691.900000000001
2025-10-21,P006,Seasonal edit 06,Sports,S04,Store 04,West,17,767.09,0.0,False,False,Clear,219,SUP-06,9,0,387.63,False,13040.53,6450.820000000001
2025-10-22,P006,Seasonal edit 06,Sports,S04,Store 04,West,12,767.09,0.0,False,False,Clear,207,SUP-06,9,0,387.63,False,9205.08,4553.52
2025-10-23,P006,Seasonal edit 06,Sports,S04,Store 04,West,15,767.09,0.0,False,False,Clear,192,SUP-06,9,0,387.63,False,11506.35,5691.900000000001
2025-10-24,P006,Seasonal edit 06,Sports,S04,Store 04,West,13,767.09,0.0,False,False,Clear,179,SUP-06,9,0,387.63,False,9972.17,4932.9800000000005
2025-10-25,P006,Seasonal edit 06,Sports,S04,Store 04,West,24,767.09,0.0,False,False,Clear,155,SUP-06,9,2,387.63,False,18410.16,9107.04
2025-10-26,P006,Seasonal edit 06,Sports,S04,Store 04,West,23,767.09,0.0,False,False,Rain,132,SUP-06,9,1,387.63,False,17643.07,8727.580000000002
2025-10-27,P006,Seasonal edit 06,Sports,S04,Store 04,West,16,613.67,0.2,True,False,Clear,225,SUP-06,9,0,387.63,False,9818.72,3616.6399999999994
2025-10-28,P006,Seasonal edit 06,Sports,S04,Store 04,West,10,767.09,0.0,False,False,Clear,215,SUP-06,9,0,387.63,False,7670.900000000001,3794.6000000000004
2025-10-29,P006,Seasonal edit 06,Sports,S04,Store 04,West,9,767.09,0.0,False,False,Rain,206,SUP-06,9,0,387.63,False,6903.81,3415.1400000000003
2025-10-30,P006,Seasonal edit 06,Sports,S04,Store 04,West,11,767.09,0.0,False,False,Clear,195,SUP-06,9,0,387.63,False,8437.99,4174.06
2025-10-31,P006,Seasonal edit 06,Sports,S04,Store 04,West,11,767.09,0.0,False,False,Clear,184,SUP-06,9,0,387.63,False,8437.99,4174.06
2025-11-01,P006,Seasonal edit 06,Sports,S04,Store 04,West,12,652.03,0.15,True,False,Clear,172,SUP-06,9,0,387.63,False,7824.36,3172.7999999999997
2025-11-02,P006,Seasonal edit 06,Sports,S04,Store 04,West,7,767.09,0.0,False,False,Clear,165,SUP-06,9,0,387.63,False,5369.63,2656.2200000000003
2025-11-03,P006,Seasonal edit 06,Sports,S04,Store 04,West,11,767.09,0.0,False,False,Clear,154,SUP-06,9,1,387.63,False,8437.99,4174.06
2025-11-04,P006,Seasonal edit 06,Sports,S04,Store 04,West,10,767.09,0.0,False,False,Clear,144,SUP-06,9,0,387.63,False,7670.900000000001,3794.6000000000004
2025-11-05,P006,Seasonal edit 06,Sports,S04,Store 04,West,12,767.09,0.0,False,False,Clear,244,SUP-06,9,0,387.63,False,9205.08,4553.52
2025-11-06,P006,Seasonal edit 06,Sports,S04,Store 04,West,17,767.09,0.0,False,False,Clear,227,SUP-06,9,0,387.63,False,13040.53,6450.820000000001
2025-11-07,P006,Seasonal edit 06,Sports,S04,Store 04,West,5,767.09,0.0,False,False,Clear,222,SUP-06,9,0,387.63,False,3835.4500000000003,1897.3000000000002
2025-11-08,P006,Seasonal edit 06,Sports,S04,Store 04,West,19,613.67,0.2,True,False,Clear,203,SUP-06,9,0,387.63,False,11659.73,4294.759999999999
2025-11-09,P006,Seasonal edit 06,Sports,S04,Store 04,West,13,767.09,0.0,False,False,Clear,190,SUP-06,9,0,387.63,False,9972.17,4932.9800000000005
2025-11-10,P006,Seasonal edit 06,Sports,S04,Store 04,West,16,767.09,0.0,False,False,Clear,174,SUP-06,9,0,387.63,False,12273.44,6071.360000000001
2025-11-11,P006,Seasonal edit 06,Sports,S04,Store 04,West,11,613.67,0.2,True,False,Clear,163,SUP-06,9,0,387.63,False,6750.37,2486.4399999999996
2025-11-12,P006,Seasonal edit 06,Sports,S04,Store 04,West,13,767.09,0.0,False,False,Clear,150,SUP-06,9,0,387.63,False,9972.17,4932.9800000000005
2025-11-13,P006,Seasonal edit 06,Sports,S04,Store 04,West,7,767.09,0.0,False,False,Clear,143,SUP-06,9,0,387.63,False,5369.63,2656.2200000000003
2025-11-14,P006,Seasonal edit 06,Sports,S04,Store 04,West,14,767.09,0.0,False,False,Clear,257,SUP-06,9,0,387.63,False,10739.26,5312.4400000000005
2025-11-15,P006,Seasonal edit 06,Sports,S04,Store 04,West,16,767.09,0.0,False,False,Rain,241,SUP-06,9,0,387.63,False,12273.44,6071.360000000001
2025-11-16,P006,Seasonal edit 06,Sports,S04,Store 04,West,13,767.09,0.0,False,False,Clear,228,SUP-06,9,0,387.63,False,9972.17,4932.9800000000005
2025-11-17,P006,Seasonal edit 06,Sports,S04,Store 04,West,11,767.09,0.0,False,False,Clear,217,SUP-06,9,0,387.63,False,8437.99,4174.06
2025-11-18,P006,Seasonal edit 06,Sports,S04,Store 04,West,24,767.09,0.0,False,False,Clear,193,SUP-06,9,0,387.63,False,18410.16,9107.04
2025-11-19,P006,Seasonal edit 06,Sports,S04,Store 04,West,13,767.09,0.0,False,False,Rain,180,SUP-06,9,1,387.63,False,9972.17,4932.9800000000005
2025-11-20,P006,Seasonal edit 06,Sports,S04,Store 04,West,16,767.09,0.0,False,False,Clear,164,SUP-06,9,0,387.63,False,12273.44,6071.360000000001
2025-11-21,P006,Seasonal edit 06,Sports,S04,Store 04,West,10,767.09,0.0,False,False,Clear,154,SUP-06,9,0,387.63,False,7670.900000000001,3794.6000000000004
2025-11-22,P006,Seasonal edit 06,Sports,S04,Store 04,West,15,767.09,0.0,False,False,Clear,139,SUP-06,9,1,387.63,False,11506.35,5691.900000000001
2025-11-23,P006,Seasonal edit 06,Sports,S04,Store 04,West,13,690.38,0.1,True,False,Clear,251,SUP-06,9,0,387.63,False,8974.94,3935.75
2025-11-24,P006,Seasonal edit 06,Sports,S04,Store 04,West,12,767.09,0.0,False,False,Clear,239,SUP-06,9,0,387.63,False,9205.08,4553.52
2025-11-25,P006,Seasonal edit 06,Sports,S04,Store 04,West,15,767.09,0.0,False,False,Clear,224,SUP-06,9,1,387.63,False,11506.35,5691.900000000001
2025-11-26,P006,Seasonal edit 06,Sports,S04,Store 04,West,12,767.09,0.0,False,False,Clear,212,SUP-06,9,1,387.63,False,9205.08,4553.52
2025-11-27,P006,Seasonal edit 06,Sports,S04,Store 04,West,20,690.38,0.1,True,False,Clear,192,SUP-06,9,0,387.63,False,13807.6,6055.0
2025-11-28,P006,Seasonal edit 06,Sports,S04,Store 04,West,16,767.09,0.0,False,False,Clear,176,SUP-06,9,0,387.63,False,12273.44,6071.360000000001
2025-11-29,P006,Seasonal edit 06,Sports,S04,Store 04,West,18,767.09,0.0,False,False,Clear,158,SUP-06,9,1,387.63,False,13807.62,6830.280000000001
2025-11-30,P006,Seasonal edit 06,Sports,S04,Store 04,West,17,767.09,0.0,False,False,Clear,141,SUP-06,9,2,387.63,False,13040.53,6450.820000000001
2025-12-01,P006,Seasonal edit 06,Sports,S04,Store 04,West,17,767.09,0.0,False,False,Clear,124,SUP-06,9,0,387.63,False,13040.53,6450.820000000001
2025-12-02,P006,Seasonal edit 06,Sports,S04,Store 04,West,16,767.09,0.0,False,False,Clear,238,SUP-06,9,0,387.63,False,12273.44,6071.360000000001
2025-12-03,P006,Seasonal edit 06,Sports,S04,Store 04,West,10,767.09,0.0,False,False,Clear,228,SUP-06,9,0,387.63,False,7670.900000000001,3794.6000000000004
2025-12-04,P006,Seasonal edit 06,Sports,S04,Store 04,West,12,767.09,0.0,False,False,Clear,216,SUP-06,9,0,387.63,False,9205.08,4553.52
2025-12-05,P006,Seasonal edit 06,Sports,S04,Store 04,West,6,767.09,0.0,False,False,Clear,210,SUP-06,9,0,387.63,False,4602.54,2276.76
2025-12-06,P006,Seasonal edit 06,Sports,S04,Store 04,West,15,767.09,0.0,False,False,Clear,195,SUP-06,9,1,387.63,False,11506.35,5691.900000000001
2025-12-07,P006,Seasonal edit 06,Sports,S04,Store 04,West,14,767.09,0.0,False,False,Clear,181,SUP-06,9,1,387.63,False,10739.26,5312.4400000000005
2025-12-08,P006,Seasonal edit 06,Sports,S04,Store 04,West,8,767.09,0.0,False,False,Clear,173,SUP-06,9,1,387.63,False,6136.72,3035.6800000000003
2025-12-09,P006,Seasonal edit 06,Sports,S04,Store 04,West,9,767.09,0.0,False,False,Clear,164,SUP-06,9,0,387.63,False,6903.81,3415.1400000000003
2025-12-10,P006,Seasonal edit 06,Sports,S04,Store 04,West,9,767.09,0.0,False,False,Clear,155,SUP-06,9,0,387.63,False,6903.81,3415.1400000000003
2025-12-11,P006,Seasonal edit 06,Sports,S04,Store 04,West,12,767.09,0.0,False,False,Clear,254,SUP-06,9,0,387.63,False,9205.08,4553.52
2025-12-12,P006,Seasonal edit 06,Sports,S04,Store 04,West,18,613.67,0.2,True,False,Clear,236,SUP-06,9,0,387.63,False,11046.06,4068.7199999999993
2025-12-13,P006,Seasonal edit 06,Sports,S04,Store 04,West,20,690.38,0.1,True,False,Clear,216,SUP-06,9,2,387.63,False,13807.6,6055.0
2025-12-14,P006,Seasonal edit 06,Sports,S04,Store 04,West,17,767.09,0.0,False,False,Clear,199,SUP-06,9,0,387.63,False,13040.53,6450.820000000001
2025-12-15,P006,Seasonal edit 06,Sports,S04,Store 04,West,14,767.09,0.0,False,False,Clear,185,SUP-06,9,2,387.63,False,10739.26,5312.4400000000005
2025-12-16,P006,Seasonal edit 06,Sports,S04,Store 04,West,19,767.09,0.0,False,False,Rain,166,SUP-06,9,0,387.63,False,14574.710000000001,7209.740000000001
2025-12-17,P006,Seasonal edit 06,Sports,S04,Store 04,West,26,767.09,0.0,False,False,Clear,140,SUP-06,9,1,387.63,False,19944.34,9865.960000000001
2025-12-18,P006,Seasonal edit 06,Sports,S04,Store 04,West,13,767.09,0.0,False,False,Clear,127,SUP-06,9,1,387.63,False,9972.17,4932.9800000000005
2025-12-19,P006,Seasonal edit 06,Sports,S04,Store 04,West,13,767.09,0.0,False,False,Clear,114,SUP-06,9,0,387.63,False,9972.17,4932.9800000000005
2025-12-20,P006,Seasonal edit 06,Sports,S04,Store 04,West,30,728.74,0.05,True,False,Clear,208,SUP-06,9,1,387.63,False,21862.2,10233.300000000001
2025-12-21,P006,Seasonal edit 06,Sports,S04,Store 04,West,12,767.09,0.0,False,False,Clear,196,SUP-06,9,0,387.63,False,9205.08,4553.52
2025-12-22,P006,Seasonal edit 06,Sports,S04,Store 04,West,18,767.09,0.0,False,False,Clear,178,SUP-06,9,0,387.63,False,13807.62,6830.280000000001
2025-12-23,P006,Seasonal edit 06,Sports,S04,Store 04,West,23,767.09,0.0,False,False,Clear,155,SUP-06,9,0,387.63,False,17643.07,8727.580000000002
2025-12-24,P006,Seasonal edit 06,Sports,S04,Store 04,West,20,767.09,0.0,False,False,Clear,135,SUP-06,9,0,387.63,False,15341.800000000001,7589.200000000001
2025-12-25,P006,Seasonal edit 06,Sports,S04,Store 04,West,15,767.09,0.0,False,True,Clear,120,SUP-06,9,0,387.63,False,11506.35,5691.900000000001
2025-12-26,P006,Seasonal edit 06,Sports,S04,Store 04,West,11,767.09,0.0,False,False,Clear,109,SUP-06,9,0,387.63,False,8437.99,4174.06
2025-12-27,P006,Seasonal edit 06,Sports,S04,Store 04,West,17,767.09,0.0,False,False,Clear,92,SUP-06,9,1,387.63,False,13040.53,6450.820000000001
2025-12-28,P006,Seasonal edit 06,Sports,S04,Store 04,West,11,767.09,0.0,False,False,Clear,81,SUP-06,9,0,387.63,False,8437.99,4174.06
2025-12-29,P006,Seasonal edit 06,Sports,S04,Store 04,West,13,767.09,0.0,False,False,Clear,187,SUP-06,9,0,387.63,False,9972.17,4932.9800000000005
2025-12-30,P006,Seasonal edit 06,Sports,S04,Store 04,West,7,767.09,0.0,False,False,Clear,180,SUP-06,9,0,387.63,False,5369.63,2656.2200000000003
2025-12-31,P006,Seasonal edit 06,Sports,S04,Store 04,West,21,767.09,0.0,False,False,Clear,159,SUP-06,9,1,387.63,False,16108.890000000001,7968.660000000001
2025-09-03,P007,Active series 07,Grocery,S01,Store 01,North,18,1378.39,0.0,False,False,Clear,335,SUP-07,4,0,1028.25,False,24811.02,6302.520000000002
2025-09-04,P007,Active series 07,Grocery,S01,Store 01,North,12,1378.39,0.0,False,False,Clear,323,SUP-07,4,0,1028.25,False,16540.68,4201.680000000001
2025-09-05,P007,Active series 07,Grocery,S01,Store 01,North,13,1378.39,0.0,False,False,Rain,310,SUP-07,4,0,1028.25,False,17919.07,4551.8200000000015
2025-09-06,P007,Active series 07,Grocery,S01,Store 01,North,16,1378.39,0.0,False,False,Clear,294,SUP-07,4,0,1028.25,False,22054.24,5602.240000000002
2025-09-07,P007,Active series 07,Grocery,S01,Store 01,North,35,1240.55,0.1,True,False,Rain,351,SUP-07,4,0,1028.25,False,43419.25,7430.499999999998
2025-09-08,P007,Active series 07,Grocery,S01,Store 01,North,29,1378.39,0.0,False,False,Clear,322,SUP-07,4,0,1028.25,False,39973.310000000005,10154.060000000003
2025-09-09,P007,Active series 07,Grocery,S01,Store 01,North,12,1378.39,0.0,False,False,Clear,310,SUP-07,4,0,1028.25,False,16540.68,4201.680000000001
2025-09-10,P007,Active series 07,Grocery,S01,Store 01,North,12,1378.39,0.0,False,False,Clear,298,SUP-07,4,0,1028.25,False,16540.68,4201.680000000001
2025-09-11,P007,Active series 07,Grocery,S01,Store 01,North,21,1378.39,0.0,False,False,Clear,378,SUP-07,4,0,1028.25,False,28946.190000000002,7352.940000000002
2025-09-12,P007,Active series 07,Grocery,S01,Store 01,North,16,1378.39,0.0,False,False,Clear,362,SUP-07,4,0,1028.25,False,22054.24,5602.240000000002
2025-09-13,P007,Active series 07,Grocery,S01,Store 01,North,25,1378.39,0.0,False,False,Clear,337,SUP-07,4,0,1028.25,False,34459.75,8753.500000000002
2025-09-14,P007,Active series 07,Grocery,S01,Store 01,North,23,1378.39,0.0,False,False,Clear,314,SUP-07,4,0,1028.25,False,31702.97,8053.220000000002
2025-09-15,P007,Active series 07,Grocery,S01,Store 01,North,27,1240.55,0.1,True,False,Clear,379,SUP-07,4,0,1028.25,False,33494.85,5732.0999999999985
2025-09-16,P007,Active series 07,Grocery,S01,Store 01,North,18,1378.39,0.0,False,False,Clear,361,SUP-07,4,0,1028.25,False,24811.02,6302.520000000002
2025-09-17,P007,Active series 07,Grocery,S01,Store 01,North,19,1378.39,0.0,False,False,Clear,342,SUP-07,4,1,1028.25,False,26189.410000000003,6652.660000000002
2025-09-18,P007,Active series 07,Grocery,S01,Store 01,North,25,1378.39,0.0,False,False,Clear,317,SUP-07,4,1,1028.25,False,34459.75,8753.500000000002
2025-09-19,P007,Active series 07,Grocery,S01,Store 01,North,9,1378.39,0.0,False,False,Clear,403,SUP-07,4,0,1028.25,False,12405.51,3151.260000000001
2025-09-20,P007,Active series 07,Grocery,S01,Store 01,North,25,1378.39,0.0,False,False,Clear,378,SUP-07,4,1,1028.25,False,34459.75,8753.500000000002
2025-09-21,P007,Active series 07,Grocery,S01,Store 01,North,31,1378.39,0.0,False,False,Clear,347,SUP-07,4,0,1028.25,False,42730.090000000004,10854.340000000004
2025-09-22,P007,Active series 07,Grocery,S01,Store 01,North,19,1378.39,0.0,False,False,Clear,328,SUP-07,4,0,1028.25,False,26189.410000000003,6652.660000000002
2025-09-23,P007,Active series 07,Grocery,S01,Store 01,North,19,1378.39,0.0,False,False,Clear,397,SUP-07,4,0,1028.25,False,26189.410000000003,6652.660000000002
2025-09-24,P007,Active series 07,Grocery,S01,Store 01,North,18,1378.39,0.0,False,False,Clear,379,SUP-07,4,0,1028.25,False,24811.02,6302.520000000002
2025-09-25,P007,Active series 07,Grocery,S01,Store 01,North,10,1378.39,0.0,False,False,Rain,369,SUP-07,4,0,1028.25,False,13783.900000000001,3501.400000000001
2025-09-26,P007,Active series 07,Grocery,S01,Store 01,North,21,1378.39,0.0,False,False,Clear,348,SUP-07,4,0,1028.25,False,28946.190000000002,7352.940000000002
2025-09-27,P007,Active series 07,Grocery,S01,Store 01,North,13,1378.39,0.0,False,False,Clear,422,SUP-07,4,0,1028.25,False,17919.07,4551.8200000000015
2025-09-28,P007,Active series 07,Grocery,S01,Store 01,North,19,1378.39,0.0,False,False,Clear,403,SUP-07,4,0,1028.25,False,26189.410000000003,6652.660000000002
2025-09-29,P007,Active series 07,Grocery,S01,Store 01,North,17,1378.39,0.0,False,False,Clear,386,SUP-07,4,0,1028.25,False,23432.63,5952.380000000002
2025-09-30,P007,Active series 07,Grocery,S01,Store 01,North,11,1378.39,0.0,False,False,Clear,375,SUP-07,4,0,1028.25,False,15162.29,3851.540000000001
2025-10-01,P007,Active series 07,Grocery,S01,Store 01,North,8,1378.39,0.0,False,False,Clear,461,SUP-07,4,0,1028.25,False,11027.12,2801.120000000001
2025-10-02,P007,Active series 07,Grocery,S01,Store 01,North,23,1378.39,0.0,False,True,Clear,438,SUP-07,4,2,1028.25,False,31702.97,8053.220000000002
2025-10-03,P007,Active series 07,Grocery,S01,Store 01,North,22,1378.39,0.0,False,False,Clear,416,SUP-07,4,0,1028.25,False,30324.58,7703.080000000002
2025-10-04,P007,Active series 07,Grocery,S01,Store 01,North,22,1378.39,0.0,False,False,Clear,394,SUP-07,4,1,1028.25,False,30324.58,7703.080000000002
2025-10-05,P007,Active series 07,Grocery,S01,Store 01,North,18,1378.39,0.0,False,False,Clear,464,SUP-07,4,0,1028.25,False,24811.02,6302.520000000002
2025-10-06,P007,Active series 07,Grocery,S01,Store 01,North,11,1378.39,0.0,False,False,Clear,453,SUP-07,4,0,1028.25,False,15162.29,3851.540000000001
2025-10-07,P007,Active series 07,Grocery,S01,Store 01,North,20,1378.39,0.0,False,False,Clear,433,SUP-07,4,0,1028.25,False,27567.800000000003,7002.800000000002
2025-10-08,P007,Active series 07,Grocery,S01,Store 01,North,13,1378.39,0.0,False,False,Clear,420,SUP-07,4,0,1028.25,False,17919.07,4551.8200000000015
2025-10-09,P007,Active series 07,Grocery,S01,Store 01,North,16,1378.39,0.0,False,False,Rain,507,SUP-07,4,0,1028.25,False,22054.24,5602.240000000002
2025-10-10,P007,Active series 07,Grocery,S01,Store 01,North,17,1378.39,0.0,False,False,Clear,490,SUP-07,4,1,1028.25,False,23432.63,5952.380000000002
2025-10-11,P007,Active series 07,Grocery,S01,Store 01,North,27,1378.39,0.0,False,False,Rain,463,SUP-07,4,0,1028.25,False,37216.530000000006,9453.780000000002
2025-10-12,P007,Active series 07,Grocery,S01,Store 01,North,40,1102.71,0.2,True,False,Rain,423,SUP-07,4,1,1028.25,False,44108.4,2978.4000000000015
2025-10-13,P007,Active series 07,Grocery,S01,Store 01,North,19,1378.39,0.0,False,False,Clear,499,SUP-07,4,1,1028.25,False,26189.410000000003,6652.660000000002
2025-10-14,P007,Active series 07,Grocery,S01,Store 01,North,29,1378.39,0.0,False,False,Rain,470,SUP-07,4,1,1028.25,False,39973.310000000005,10154.060000000003
2025-10-15,P007,Active series 07,Grocery,S01,Store 01,North,27,1378.39,0.0,False,False,Clear,443,SUP-07,4,0,1028.25,False,37216.530000000006,9453.780000000002
2025-10-16,P007,Active series 07,Grocery,S01,Store 01,North,18,1378.39,0.0,False,False,Rain,425,SUP-07,4,0,1028.25,False,24811.02,6302.520000000002
2025-10-17,P007,Active series 07,Grocery,S01,Store 01,North,19,1378.39,0.0,False,False,Clear,497,SUP-07,4,2,1028.25,False,26189.410000000003,6652.660000000002
2025-10-18,P007,Active series 07,Grocery,S01,Store 01,North,21,1378.39,0.0,False,False,Clear,476,SUP-07,4,0,1028.25,False,28946.190000000002,7352.940000000002
2025-10-19,P007,Active series 07,Grocery,S01,Store 01,North,28,1102.71,0.2,True,False,Clear,448,SUP-07,4,0,1028.25,False,30875.88,2084.880000000001
2025-10-20,P007,Active series 07,Grocery,S01,Store 01,North,20,1378.39,0.0,False,False,Clear,428,SUP-07,4,1,1028.25,False,27567.800000000003,7002.800000000002
2025-10-21,P007,Active series 07,Grocery,S01,Store 01,North,18,1378.39,0.0,False,False,Clear,513,SUP-07,4,0,1028.25,False,24811.02,6302.520000000002
2025-10-22,P007,Active series 07,Grocery,S01,Store 01,North,21,1378.39,0.0,False,False,Clear,492,SUP-07,4,0,1028.25,False,28946.190000000002,7352.940000000002
2025-10-23,P007,Active series 07,Grocery,S01,Store 01,North,21,1378.39,0.0,False,False,Clear,471,SUP-07,4,0,1028.25,False,28946.190000000002,7352.940000000002
2025-10-24,P007,Active series 07,Grocery,S01,Store 01,North,17,1378.39,0.0,False,False,Clear,454,SUP-07,4,0,1028.25,False,23432.63,5952.380000000002
2025-10-25,P007,Active series 07,Grocery,S01,Store 01,North,29,1309.47,0.05,True,False,Clear,519,SUP-07,4,1,1028.25,False,37974.63,8155.380000000001
2025-10-26,P007,Active series 07,Grocery,S01,Store 01,North,13,1378.39,0.0,False,False,Clear,506,SUP-07,4,0,1028.25,False,17919.07,4551.8200000000015
2025-10-27,P007,Active series 07,Grocery,S01,Store 01,North,22,1309.47,0.05,True,False,Clear,484,SUP-07,4,0,1028.25,False,28808.34,6186.84
2025-10-28,P007,Active series 07,Grocery,S01,Store 01,North,12,1378.39,0.0,False,False,Clear,472,SUP-07,4,0,1028.25,False,16540.68,4201.680000000001
2025-10-29,P007,Active series 07,Grocery,S01,Store 01,North,15,1378.39,0.0,False,False,Rain,556,SUP-07,4,0,1028.25,False,20675.850000000002,5252.100000000001
2025-10-30,P007,Active series 07,Grocery,S01,Store 01,North,11,1378.39,0.0,False,False,Clear,545,SUP-07,4,1,1028.25,False,15162.29,3851.540000000001
2025-10-31,P007,Active series 07,Grocery,S01,Store 01,North,13,1378.39,0.0,False,False,Clear,532,SUP-07,4,1,1028.25,False,17919.07,4551.8200000000015
2025-11-01,P007,Active series 07,Grocery,S01,Store 01,North,15,1378.39,0.0,False,False,Clear,517,SUP-07,4,0,1028.25,False,20675.850000000002,5252.100000000001
2025-11-02,P007,Active series 07,Grocery,S01,Store 01,North,12,1378.39,0.0,False,False,Clear,592,SUP-07,4,1,1028.25,False,16540.68,4201.680000000001
2025-11-03,P007,Active series 07,Grocery,S01,Store 01,North,14,1378.39,0.0,False,False,Clear,578,SUP-07,4,1,1028.25,False,19297.460000000003,4901.960000000001
2025-11-04,P007,Active series 07,Grocery,S01,Store 01,North,11,1378.39,0.0,False,False,Clear,567,SUP-07,4,0,1028.25,False,15162.29,3851.540000000001
2025-11-05,P007,Active series 07,Grocery,S01,Store 01,North,18,1378.39,0.0,False,False,Clear,549,SUP-07,4,0,1028.25,False,24811.02,6302.520000000002
2025-11-06,P007,Active series 07,Grocery,S01,Store 01,North,14,1378.39,0.0,False,False,Clear,637,SUP-07,4,0,1028.25,False,19297.460000000003,4901.960000000001
2025-11-07,P007,Active series 07,Grocery,S01,Store 01,North,11,1378.39,0.0,False,False,Rain,626,SUP-07,4,0,1028.25,False,15162.29,3851.540000000001
2025-11-08,P007,Active series 07,Grocery,S01,Store 01,North,23,1378.39,0.0,False,False,Clear,603,SUP-07,4,1,1028.25,False,31702.97,8053.220000000002
2025-11-09,P007,Active series 07,Grocery,S01,Store 01,North,14,1378.39,0.0,False,False,Clear,589,SUP-07,4,0,1028.25,False,19297.460000000003,4901.960000000001
2025-11-10,P007,Active series 07,Grocery,S01,Store 01,North,17,1378.39,0.0,False,False,Rain,666,SUP-07,4,0,1028.25,False,23432.63,5952.380000000002
2025-11-11,P007,Active series 07,Grocery,S01,Store 01,North,20,1378.39,0.0,False,False,Clear,646,SUP-07,4,1,1028.25,False,27567.800000000003,7002.800000000002
2025-11-12,P007,Active series 07,Grocery,S01,Store 01,North,24,1309.47,0.05,True,False,Clear,622,SUP-07,4,0,1028.25,False,31427.28,6749.280000000001
2025-11-13,P007,Active series 07,Grocery,S01,Store 01,North,16,1378.39,0.0,False,False,Clear,606,SUP-07,4,1,1028.25,False,22054.24,5602.240000000002
2025-11-14,P007,Active series 07,Grocery,S01,Store 01,North,21,1240.55,0.1,True,False,Clear,683,SUP-07,4,0,1028.25,False,26051.55,4458.299999999999
2025-11-15,P007,Active series 07,Grocery,S01,Store 01,North,19,1378.39,0.0,False,False,Rain,664,SUP-07,4,1,1028.25,False,26189.410000000003,6652.660000000002
2025-11-16,P007,Active series 07,Grocery,S01,Store 01,North,24,1378.39,0.0,False,False,Clear,640,SUP-07,4,0,1028.25,False,33081.36,8403.360000000002
2025-11-17,P007,Active series 07,Grocery,S01,Store 01,North,20,1378.39,0.0,False,False,Clear,620,SUP-07,4,1,1028.25,False,27567.800000000003,7002.800000000002
2025-11-18,P007,Active series 07,Grocery,S01,Store 01,North,28,1378.39,0.0,False,False,Clear,679,SUP-07,4,0,1028.25,False,38594.920000000006,9803.920000000002
2025-11-19,P007,Active series 07,Grocery,S01,Store 01,North,14,1378.39,0.0,False,False,Clear,665,SUP-07,4,0,1028.25,False,19297.460000000003,4901.960000000001
2025-11-20,P007,Active series 07,Grocery,S01,Store 01,North,14,1378.39,0.0,False,False,Clear,651,SUP-07,4,0,1028.25,False,19297.460000000003,4901.960000000001
2025-11-21,P007,Active series 07,Grocery,S01,Store 01,North,17,1378.39,0.0,False,False,Clear,634,SUP-07,4,0,1028.25,False,23432.63,5952.380000000002
2025-11-22,P007,Active series 07,Grocery,S01,Store 01,North,23,1378.39,0.0,False,False,Clear,697,SUP-07,4,0,1028.25,False,31702.97,8053.220000000002
2025-11-23,P007,Active series 07,Grocery,S01,Store 01,North,23,1378.39,0.0,False,False,Rain,674,SUP-07,4,0,1028.25,False,31702.97,8053.220000000002
2025-11-24,P007,Active series 07,Grocery,S01,Store 01,North,16,1378.39,0.0,False,False,Rain,658,SUP-07,4,0,1028.25,False,22054.24,5602.240000000002
2025-11-25,P007,Active series 07,Grocery,S01,Store 01,North,14,1378.39,0.0,False,False,Clear,644,SUP-07,4,0,1028.25,False,19297.460000000003,4901.960000000001
2025-11-26,P007,Active series 07,Grocery,S01,Store 01,North,15,1378.39,0.0,False,False,Clear,720,SUP-07,4,0,1028.25,False,20675.850000000002,5252.100000000001
2025-11-27,P007,Active series 07,Grocery,S01,Store 01,North,14,1378.39,0.0,False,False,Clear,706,SUP-07,4,0,1028.25,False,19297.460000000003,4901.960000000001
2025-11-28,P007,Active series 07,Grocery,S01,Store 01,North,10,1378.39,0.0,False,False,Rain,696,SUP-07,4,0,1028.25,False,13783.900000000001,3501.400000000001
2025-11-29,P007,Active series 07,Grocery,S01,Store 01,North,20,1378.39,0.0,False,False,Rain,676,SUP-07,4,0,1028.25,False,27567.800000000003,7002.800000000002
2025-11-30,P007,Active series 07,Grocery,S01,Store 01,North,25,1378.39,0.0,False,False,Clear,739,SUP-07,4,0,1028.25,False,34459.75,8753.500000000002
2025-12-01,P007,Active series 07,Grocery,S01,Store 01,North,14,1378.39,0.0,False,False,Clear,725,SUP-07,4,0,1028.25,False,19297.460000000003,4901.960000000001
2025-12-02,P007,Active series 07,Grocery,S01,Store 01,North,13,1378.39,0.0,False,False,Clear,712,SUP-07,4,0,1028.25,False,17919.07,4551.8200000000015
2025-12-03,P007,Active series 07,Grocery,S01,Store 01,North,21,1378.39,0.0,False,False,Clear,691,SUP-07,4,0,1028.25,False,28946.190000000002,7352.940000000002
2025-12-04,P007,Active series 07,Grocery,S01,Store 01,North,23,1240.55,0.1,True,False,Clear,759,SUP-07,4,0,1028.25,False,28532.649999999998,4882.899999999999
2025-12-05,P007,Active series 07,Grocery,S01,Store 01,North,19,1378.39,0.0,False,False,Clear,740,SUP-07,4,0,1028.25,False,26189.410000000003,6652.660000000002
2025-12-06,P007,Active series 07,Grocery,S01,Store 01,North,22,1378.39,0.0,False,False,Clear,718,SUP-07,4,1,1028.25,False,30324.58,7703.080000000002
2025-12-07,P007,Active series 07,Grocery,S01,Store 01,North,17,1378.39,0.0,False,False,Clear,701,SUP-07,4,0,1028.25,False,23432.63,5952.380000000002
2025-12-08,P007,Active series 07,Grocery,S01,Store 01,North,22,1378.39,0.0,False,False,Rain,768,SUP-07,4,0,1028.25,False,30324.58,7703.080000000002
2025-12-09,P007,Active series 07,Grocery,S01,Store 01,North,20,1378.39,0.0,False,False,Clear,748,SUP-07,4,0,1028.25,False,27567.800000000003,7002.800000000002
2025-12-10,P007,Active series 07,Grocery,S01,Store 01,North,21,1378.39,0.0,False,False,Clear,727,SUP-07,4,1,1028.25,False,28946.190000000002,7352.940000000002
2025-12-11,P007,Active series 07,Grocery,S01,Store 01,North,18,1378.39,0.0,False,False,Clear,709,SUP-07,4,0,1028.25,False,24811.02,6302.520000000002
2025-12-12,P007,Active series 07,Grocery,S01,Store 01,North,23,1378.39,0.0,False,False,Clear,786,SUP-07,4,0,1028.25,False,31702.97,8053.220000000002
2025-12-13,P007,Active series 07,Grocery,S01,Store 01,North,31,1378.39,0.0,False,False,Rain,755,SUP-07,4,1,1028.25,False,42730.090000000004,10854.340000000004
2025-12-14,P007,Active series 07,Grocery,S01,Store 01,North,24,1378.39,0.0,False,False,Clear,731,SUP-07,4,1,1028.25,False,33081.36,8403.360000000002
2025-12-15,P007,Active series 07,Grocery,S01,Store 01,North,29,1102.71,0.2,True,False,Rain,702,SUP-07,4,1,1028.25,False,31978.59,2159.340000000001
2025-12-16,P007,Active series 07,Grocery,S01,Store 01,North,22,1378.39,0.0,False,False,Clear,773,SUP-07,4,1,1028.25,False,30324.58,7703.080000000002
2025-12-17,P007,Active series 07,Grocery,S01,Store 01,North,20,1378.39,0.0,False,False,Rain,753,SUP-07,4,1,1028.25,False,27567.800000000003,7002.800000000002
2025-12-18,P007,Active series 07,Grocery,S01,Store 01,North,14,1378.39,0.0,False,False,Clear,739,SUP-07,4,0,1028.25,False,19297.460000000003,4901.960000000001
2025-12-19,P007,Active series 07,Grocery,S01,Store 01,North,26,1378.39,0.0,False,False,Clear,713,SUP-07,4,0,1028.25,False,35838.14,9103.640000000003
2025-12-20,P007,Active series 07,Grocery,S01,Store 01,North,15,1378.39,0.0,False,False,Clear,789,SUP-07,4,0,1028.25,False,20675.850000000002,5252.100000000001
2025-12-21,P007,Active series 07,Grocery,S01,Store 01,North,17,1378.39,0.0,False,False,Clear,772,SUP-07,4,0,1028.25,False,23432.63,5952.380000000002
2025-12-22,P007,Active series 07,Grocery,S01,Store 01,North,22,1102.71,0.2,True,False,Clear,750,SUP-07,4,1,1028.25,False,24259.620000000003,1638.1200000000008
2025-12-23,P007,Active series 07,Grocery,S01,Store 01,North,21,1378.39,0.0,False,False,Rain,729,SUP-07,4,0,1028.25,False,28946.190000000002,7352.940000000002
2025-12-24,P007,Active series 07,Grocery,S01,Store 01,North,10,1378.39,0.0,False,False,Clear,807,SUP-07,4,0,1028.25,False,13783.900000000001,3501.400000000001
2025-12-25,P007,Active series 07,Grocery,S01,Store 01,North,16,1378.39,0.0,False,True,Clear,791,SUP-07,4,0,1028.25,False,22054.24,5602.240000000002
2025-12-26,P007,Active series 07,Grocery,S01,Store 01,North,13,1378.39,0.0,False,False,Clear,778,SUP-07,4,0,1028.25,False,17919.07,4551.8200000000015
2025-12-27,P007,Active series 07,Grocery,S01,Store 01,North,13,1102.71,0.2,True,False,Clear,765,SUP-07,4,0,1028.25,False,14335.23,967.9800000000005
2025-12-28,P007,Active series 07,Grocery,S01,Store 01,North,19,1378.39,0.0,False,False,Clear,848,SUP-07,4,0,1028.25,False,26189.410000000003,6652.660000000002
2025-12-29,P007,Active series 07,Grocery,S01,Store 01,North,10,1378.39,0.0,False,False,Clear,838,SUP-07,4,0,1028.25,False,13783.900000000001,3501.400000000001
2025-12-30,P007,Active series 07,Grocery,S01,Store 01,North,10,1309.47,0.05,True,False,Clear,828,SUP-07,4,1,1028.25,False,13094.7,2812.2000000000003
2025-12-31,P007,Active series 07,Grocery,S01,Store 01,North,9,1378.39,0.0,False,False,Clear,819,SUP-07,4,0,1028.25,False,12405.51,3151.260000000001
2025-09-03,P007,Active series 07,Grocery,S02,Store 02,South,15,1378.39,0.0,False,False,Clear,60,SUP-07,5,0,1028.25,False,20675.850000000002,5252.100000000001
2025-09-04,P007,Active series 07,Grocery,S02,Store 02,South,15,1378.39,0.0,False,False,Clear,45,SUP-07,5,0,1028.25,False,20675.850000000002,5252.100000000001
2025-09-05,P007,Active series 07,Grocery,S02,Store 02,South,13,1378.39,0.0,False,False,Clear,32,SUP-07,5,0,1028.25,False,17919.07,4551.8200000000015
2025-09-06,P007,Active series 07,Grocery,S02,Store 02,South,10,1378.39,0.0,False,False,Clear,22,SUP-07,5,0,1028.25,False,13783.900000000001,3501.400000000001
2025-09-07,P007,Active series 07,Grocery,S02,Store 02,South,14,1378.39,0.0,False,False,Clear,8,SUP-07,5,0,1028.25,False,19297.460000000003,4901.960000000001
2025-09-08,P007,Active series 07,Grocery,S02,Store 02,South,15,1378.39,0.0,False,False,Clear,82,SUP-07,5,0,1028.25,False,20675.850000000002,5252.100000000001
2025-09-09,P007,Active series 07,Grocery,S02,Store 02,South,9,1378.39,0.0,False,False,Clear,73,SUP-07,5,0,1028.25,False,12405.51,3151.260000000001
2025-09-10,P007,Active series 07,Grocery,S02,Store 02,South,16,1378.39,0.0,False,False,Clear,57,SUP-07,5,1,1028.25,False,22054.24,5602.240000000002
2025-09-11,P007,Active series 07,Grocery,S02,Store 02,South,16,1378.39,0.0,False,False,Clear,41,SUP-07,5,0,1028.25,False,22054.24,5602.240000000002
2025-09-12,P007,Active series 07,Grocery,S02,Store 02,South,13,1171.63,0.15,True,False,Clear,28,SUP-07,5,1,1028.25,False,15231.190000000002,1863.9400000000014
2025-09-13,P007,Active series 07,Grocery,S02,Store 02,South,21,1378.39,0.0,False,False,Clear,95,SUP-07,5,0,1028.25,False,28946.190000000002,7352.940000000002
2025-09-14,P007,Active series 07,Grocery,S02,Store 02,South,15,1378.39,0.0,False,False,Clear,80,SUP-07,5,0,1028.25,False,20675.850000000002,5252.100000000001
2025-09-15,P007,Active series 07,Grocery,S02,Store 02,South,20,1378.39,0.0,False,False,Clear,60,SUP-07,5,2,1028.25,False,27567.800000000003,7002.800000000002
2025-09-16,P007,Active series 07,Grocery,S02,Store 02,South,16,1378.39,0.0,False,False,Clear,44,SUP-07,5,0,1028.25,False,22054.24,5602.240000000002
2025-09-17,P007,Active series 07,Grocery,S02,Store 02,South,7,1378.39,0.0,False,False,Rain,37,SUP-07,5,0,1028.25,False,9648.730000000001,2450.9800000000005
2025-09-18,P007,Active series 07,Grocery,S02,Store 02,South,12,1378.39,0.0,False,False,Clear,109,SUP-07,5,0,1028.25,False,16540.68,4201.680000000001
2025-09-19,P007,Active series 07,Grocery,S02,Store 02,South,12,1378.39,0.0,False,False,Rain,97,SUP-07,5,1,1028.25,False,16540.68,4201.680000000001
2025-09-20,P007,Active series 07,Grocery,S02,Store 02,South,18,1378.39,0.0,False,False,Rain,79,SUP-07,5,0,1028.25,False,24811.02,6302.520000000002
2025-09-21,P007,Active series 07,Grocery,S02,Store 02,South,26,1378.39,0.0,False,False,Clear,53,SUP-07,5,1,1028.25,False,35838.14,9103.640000000003
2025-09-22,P007,Active series 07,Grocery,S02,Store 02,South,18,1378.39,0.0,False,False,Clear,35,SUP-07,5,0,1028.25,False,24811.02,6302.520000000002
2025-09-23,P007,Active series 07,Grocery,S02,Store 02,South,12,1378.39,0.0,False,False,Clear,117,SUP-07,5,0,1028.25,False,16540.68,4201.680000000001
2025-09-24,P007,Active series 07,Grocery,S02,Store 02,South,23,1240.55,0.1,True,False,Clear,94,SUP-07,5,0,1028.25,False,28532.649999999998,4882.899999999999
2025-09-25,P007,Active series 07,Grocery,S02,Store 02,South,14,1378.39,0.0,False,False,Clear,80,SUP-07,5,0,1028.25,False,19297.460000000003,4901.960000000001
2025-09-26,P007,Active series 07,Grocery,S02,Store 02,South,11,1378.39,0.0,False,False,Rain,69,SUP-07,5,0,1028.25,False,15162.29,3851.540000000001
2025-09-27,P007,Active series 07,Grocery,S02,Store 02,South,11,1378.39,0.0,False,False,Clear,58,SUP-07,5,0,1028.25,False,15162.29,3851.540000000001
2025-09-28,P007,Active series 07,Grocery,S02,Store 02,South,16,1378.39,0.0,False,False,Clear,131,SUP-07,5,0,1028.25,False,22054.24,5602.240000000002
2025-09-29,P007,Active series 07,Grocery,S02,Store 02,South,9,1378.39,0.0,False,False,Clear,122,SUP-07,5,0,1028.25,False,12405.51,3151.260000000001
2025-09-30,P007,Active series 07,Grocery,S02,Store 02,South,11,1378.39,0.0,False,False,Clear,111,SUP-07,5,0,1028.25,False,15162.29,3851.540000000001
2025-10-01,P007,Active series 07,Grocery,S02,Store 02,South,9,1378.39,0.0,False,False,Clear,102,SUP-07,5,0,1028.25,False,12405.51,3151.260000000001
2025-10-02,P007,Active series 07,Grocery,S02,Store 02,South,9,1378.39,0.0,False,True,Clear,93,SUP-07,5,0,1028.25,False,12405.51,3151.260000000001
2025-10-03,P007,Active series 07,Grocery,S02,Store 02,South,13,1378.39,0.0,False,False,Clear,174,SUP-07,5,0,1028.25,False,17919.07,4551.8200000000015
2025-10-04,P007,Active series 07,Grocery,S02,Store 02,South,10,1378.39,0.0,False,False,Clear,164,SUP-07,5,0,1028.25,False,13783.900000000001,3501.400000000001
2025-10-05,P007,Active series 07,Grocery,S02,Store 02,South,18,1171.63,0.15,True,False,Clear,146,SUP-07,5,0,1028.25,False,21089.340000000004,2580.840000000002
2025-10-06,P007,Active series 07,Grocery,S02,Store 02,South,17,1378.39,0.0,False,False,Clear,129,SUP-07,5,0,1028.25,False,23432.63,5952.380000000002
2025-10-07,P007,Active series 07,Grocery,S02,Store 02,South,13,1378.39,0.0,False,False,Clear,116,SUP-07,5,0,1028.25,False,17919.07,4551.8200000000015
2025-10-08,P007,Active series 07,Grocery,S02,Store 02,South,14,1378.39,0.0,False,False,Clear,195,SUP-07,5,0,1028.25,False,19297.460000000003,4901.960000000001
2025-10-09,P007,Active series 07,Grocery,S02,Store 02,South,13,1378.39,0.0,False,False,Clear,182,SUP-07,5,0,1028.25,False,17919.07,4551.8200000000015
2025-10-10,P007,Active series 07,Grocery,S02,Store 02,South,11,1378.39,0.0,False,False,Clear,171,SUP-07,5,1,1028.25,False,15162.29,3851.540000000001
2025-10-11,P007,Active series 07,Grocery,S02,Store 02,South,23,1309.47,0.05,True,False,Clear,148,SUP-07,5,0,1028.25,False,30117.81,6468.06
2025-10-12,P007,Active series 07,Grocery,S02,Store 02,South,22,1378.39,0.0,False,False,Clear,126,SUP-07,5,1,1028.25,False,30324.58,7703.080000000002
2025-10-13,P007,Active series 07,Grocery,S02,Store 02,South,14,1378.39,0.0,False,False,Clear,207,SUP-07,5,0,1028.25,False,19297.460000000003,4901.960000000001
2025-10-14,P007,Active series 07,Grocery,S02,Store 02,South,13,1378.39,0.0,False,False,Clear,194,SUP-07,5,0,1028.25,False,17919.07,4551.8200000000015
2025-10-15,P007,Active series 07,Grocery,S02,Store 02,South,26,1309.47,0.05,True,False,Clear,168,SUP-07,5,1,1028.25,False,34046.22,7311.720000000001
2025-10-16,P007,Active series 07,Grocery,S02,Store 02,South,13,1378.39,0.0,False,False,Clear,155,SUP-07,5,0,1028.25,False,17919.07,4551.8200000000015
2025-10-17,P007,Active series 07,Grocery,S02,Store 02,South,14,1378.39,0.0,False,False,Clear,141,SUP-07,5,0,1028.25,False,19297.460000000003,4901.960000000001
2025-10-18,P007,Active series 07,Grocery,S02,Store 02,South,11,1378.39,0.0,False,False,Clear,209,SUP-07,5,2,1028.25,False,15162.29,3851.540000000001
2025-10-19,P007,Active series 07,Grocery,S02,Store 02,South,18,1378.39,0.0,False,False,Clear,191,SUP-07,5,0,1028.25,False,24811.02,6302.520000000002
2025-10-20,P007,Active series 07,Grocery,S02,Store 02,South,5,1378.39,0.0,False,False,Rain,186,SUP-07,5,0,1028.25,False,6891.950000000001,1750.7000000000005
2025-10-21,P007,Active series 07,Grocery,S02,Store 02,South,14,1378.39,0.0,False,False,Clear,172,SUP-07,5,0,1028.25,False,19297.460000000003,4901.960000000001
2025-10-22,P007,Active series 07,Grocery,S02,Store 02,South,14,1378.39,0.0,False,False,Clear,158,SUP-07,5,0,1028.25,False,19297.460000000003,4901.960000000001
2025-10-23,P007,Active series 07,Grocery,S02,Store 02,South,15,1378.39,0.0,False,False,Clear,233,SUP-07,5,0,1028.25,False,20675.850000000002,5252.100000000001
2025-10-24,P007,Active series 07,Grocery,S02,Store 02,South,15,1378.39,0.0,False,False,Clear,218,SUP-07,5,0,1028.25,False,20675.850000000002,5252.100000000001
2025-10-25,P007,Active series 07,Grocery,S02,Store 02,South,18,1378.39,0.0,False,False,Clear,200,SUP-07,5,0,1028.25,False,24811.02,6302.520000000002
2025-10-26,P007,Active series 07,Grocery,S02,Store 02,South,15,1378.39,0.0,False,False,Clear,185,SUP-07,5,0,1028.25,False,20675.850000000002,5252.100000000001
2025-10-27,P007,Active series 07,Grocery,S02,Store 02,South,15,1378.39,0.0,False,False,Clear,170,SUP-07,5,1,1028.25,False,20675.850000000002,5252.100000000001
2025-10-28,P007,Active series 07,Grocery,S02,Store 02,South,10,1378.39,0.0,False,False,Clear,248,SUP-07,5,0,1028.25,False,13783.900000000001,3501.400000000001
2025-10-29,P007,Active series 07,Grocery,S02,Store 02,South,9,1378.39,0.0,False,False,Clear,239,SUP-07,5,0,1028.25,False,12405.51,3151.260000000001
2025-10-30,P007,Active series 07,Grocery,S02,Store 02,South,12,1378.39,0.0,False,False,Rain,227,SUP-07,5,0,1028.25,False,16540.68,4201.680000000001
2025-10-31,P007,Active series 07,Grocery,S02,Store 02,South,13,1378.39,0.0,False,False,Clear,214,SUP-07,5,0,1028.25,False,17919.07,4551.8200000000015
2025-11-01,P007,Active series 07,Grocery,S02,Store 02,South,10,1378.39,0.0,False,False,Clear,204,SUP-07,5,1,1028.25,False,13783.900000000001,3501.400000000001
2025-11-02,P007,Active series 07,Grocery,S02,Store 02,South,14,1378.39,0.0,False,False,Clear,274,SUP-07,5,0,1028.25,False,19297.460000000003,4901.960000000001
2025-11-03,P007,Active series 07,Grocery,S02,Store 02,South,15,1102.71,0.2,True,False,Clear,259,SUP-07,5,0,1028.25,False,16540.65,1116.9000000000005
2025-11-04,P007,Active series 07,Grocery,S02,Store 02,South,14,1378.39,0.0,False,False,Clear,245,SUP-07,5,0,1028.25,False,19297.460000000003,4901.960000000001
2025-11-05,P007,Active series 07,Grocery,S02,Store 02,South,10,1378.39,0.0,False,False,Clear,235,SUP-07,5,0,1028.25,False,13783.900000000001,3501.400000000001
2025-11-06,P007,Active series 07,Grocery,S02,Store 02,South,15,1378.39,0.0,False,False,Clear,220,SUP-07,5,0,1028.25,False,20675.850000000002,5252.100000000001
2025-11-07,P007,Active series 07,Grocery,S02,Store 02,South,21,1102.71,0.2,True,False,Clear,294,SUP-07,5,1,1028.25,False,23156.91,1563.6600000000008
2025-11-08,P007,Active series 07,Grocery,S02,Store 02,South,24,1240.55,0.1,True,False,Clear,270,SUP-07,5,0,1028.25,False,29773.199999999997,5095.199999999999
2025-11-09,P007,Active series 07,Grocery,S02,Store 02,South,20,1171.63,0.15,True,False,Clear,250,SUP-07,5,0,1028.25,False,23432.600000000002,2867.600000000002
2025-11-10,P007,Active series 07,Grocery,S02,Store 02,South,15,1378.39,0.0,False,False,Clear,235,SUP-07,5,0,1028.25,False,20675.850000000002,5252.100000000001
2025-11-11,P007,Active series 07,Grocery,S02,Store 02,South,16,1378.39,0.0,False,False,Clear,219,SUP-07,5,0,1028.25,False,22054.24,5602.240000000002
2025-11-12,P007,Active series 07,Grocery,S02,Store 02,South,15,1378.39,0.0,False,False,Clear,295,SUP-07,5,0,1028.25,False,20675.850000000002,5252.100000000001
2025-11-13,P007,Active series 07,Grocery,S02,Store 02,South,18,1378.39,0.0,False,False,Clear,277,SUP-07,5,0,1028.25,False,24811.02,6302.520000000002
2025-11-14,P007,Active series 07,Grocery,S02,Store 02,South,21,1309.47,0.05,True,False,Rain,256,SUP-07,5,0,1028.25,False,27498.87,5905.620000000001
2025-11-15,P007,Active series 07,Grocery,S02,Store 02,South,18,1378.39,0.0,False,False,Clear,238,SUP-07,5,0,1028.25,False,24811.02,6302.520000000002
2025-11-16,P007,Active series 07,Grocery,S02,Store 02,South,15,1378.39,0.0,False,False,Clear,223,SUP-07,5,0,1028.25,False,20675.850000000002,5252.100000000001
2025-11-17,P007,Active series 07,Grocery,S02,Store 02,South,15,1378.39,0.0,False,False,Clear,302,SUP-07,5,1,1028.25,False,20675.850000000002,5252.100000000001
2025-11-18,P007,Active series 07,Grocery,S02,Store 02,South,24,1378.39,0.0,False,False,Clear,278,SUP-07,5,2,1028.25,False,33081.36,8403.360000000002
2025-11-19,P007,Active series 07,Grocery,S02,Store 02,South,11,1378.39,0.0,False,False,Clear,267,SUP-07,5,0,1028.25,False,15162.29,3851.540000000001
2025-11-20,P007,Active series 07,Grocery,S02,Store 02,South,15,1378.39,0.0,False,False,Rain,252,SUP-07,5,0,1028.25,False,20675.850000000002,5252.100000000001
2025-11-21,P007,Active series 07,Grocery,S02,Store 02,South,14,1378.39,0.0,False,False,Clear,238,SUP-07,5,0,1028.25,False,19297.460000000003,4901.960000000001
2025-11-22,P007,Active series 07,Grocery,S02,Store 02,South,15,1378.39,0.0,False,False,Clear,318,SUP-07,5,0,1028.25,False,20675.850000000002,5252.100000000001
2025-11-23,P007,Active series 07,Grocery,S02,Store 02,South,16,1378.39,0.0,False,False,Clear,302,SUP-07,5,0,1028.25,False,22054.24,5602.240000000002
2025-11-24,P007,Active series 07,Grocery,S02,Store 02,South,10,1378.39,0.0,False,False,Clear,292,SUP-07,5,0,1028.25,False,13783.900000000001,3501.400000000001
2025-11-25,P007,Active series 07,Grocery,S02,Store 02,South,14,1378.39,0.0,False,False,Clear,278,SUP-07,5,0,1028.25,False,19297.460000000003,4901.960000000001
2025-11-26,P007,Active series 07,Grocery,S02,Store 02,South,12,1378.39,0.0,False,False,Clear,266,SUP-07,5,0,1028.25,False,16540.68,4201.680000000001
2025-11-27,P007,Active series 07,Grocery,S02,Store 02,South,13,1378.39,0.0,False,False,Clear,333,SUP-07,5,0,1028.25,False,17919.07,4551.8200000000015
2025-11-28,P007,Active series 07,Grocery,S02,Store 02,South,4,1378.39,0.0,False,False,Clear,329,SUP-07,5,0,1028.25,False,5513.56,1400.5600000000004
2025-11-29,P007,Active series 07,Grocery,S02,Store 02,South,9,1378.39,0.0,False,False,Clear,320,SUP-07,5,0,1028.25,False,12405.51,3151.260000000001
2025-11-30,P007,Active series 07,Grocery,S02,Store 02,South,10,1378.39,0.0,False,False,Clear,310,SUP-07,5,0,1028.25,False,13783.900000000001,3501.400000000001
2025-12-01,P007,Active series 07,Grocery,S02,Store 02,South,5,1378.39,0.0,False,False,Clear,305,SUP-07,5,0,1028.25,False,6891.950000000001,1750.7000000000005
2025-12-02,P007,Active series 07,Grocery,S02,Store 02,South,10,1378.39,0.0,False,False,Clear,383,SUP-07,5,0,1028.25,False,13783.900000000001,3501.400000000001
2025-12-03,P007,Active series 07,Grocery,S02,Store 02,South,11,1378.39,0.0,False,False,Clear,372,SUP-07,5,1,1028.25,False,15162.29,3851.540000000001
2025-12-04,P007,Active series 07,Grocery,S02,Store 02,South,7,1378.39,0.0,False,False,Clear,365,SUP-07,5,1,1028.25,False,9648.730000000001,2450.9800000000005
2025-12-05,P007,Active series 07,Grocery,S02,Store 02,South,9,1378.39,0.0,False,False,Clear,356,SUP-07,5,0,1028.25,False,12405.51,3151.260000000001
2025-12-06,P007,Active series 07,Grocery,S02,Store 02,South,20,1378.39,0.0,False,False,Clear,336,SUP-07,5,0,1028.25,False,27567.800000000003,7002.800000000002
2025-12-07,P007,Active series 07,Grocery,S02,Store 02,South,11,1378.39,0.0,False,False,Clear,416,SUP-07,5,0,1028.25,False,15162.29,3851.540000000001
2025-12-08,P007,Active series 07,Grocery,S02,Store 02,South,13,1378.39,0.0,False,False,Clear,403,SUP-07,5,1,1028.25,False,17919.07,4551.8200000000015
2025-12-09,P007,Active series 07,Grocery,S02,Store 02,South,17,1378.39,0.0,False,False,Clear,386,SUP-07,5,0,1028.25,False,23432.63,5952.380000000002
2025-12-10,P007,Active series 07,Grocery,S02,Store 02,South,16,1378.39,0.0,False,False,Clear,370,SUP-07,5,0,1028.25,False,22054.24,5602.240000000002
2025-12-11,P007,Active series 07,Grocery,S02,Store 02,South,18,1171.63,0.15,True,False,Clear,352,SUP-07,5,0,1028.25,False,21089.340000000004,2580.840000000002
2025-12-12,P007,Active series 07,Grocery,S02,Store 02,South,17,1378.39,0.0,False,False,Rain,414,SUP-07,5,1,1028.25,False,23432.63,5952.380000000002
2025-12-13,P007,Active series 07,Grocery,S02,Store 02,South,19,1378.39,0.0,False,False,Clear,395,SUP-07,5,0,1028.25,False,26189.410000000003,6652.660000000002
2025-12-14,P007,Active series 07,Grocery,S02,Store 02,South,18,1378.39,0.0,False,False,Clear,377,SUP-07,5,0,1028.25,False,24811.02,6302.520000000002
2025-12-15,P007,Active series 07,Grocery,S02,Store 02,South,18,1378.39,0.0,False,False,Clear,359,SUP-07,5,0,1028.25,False,24811.02,6302.520000000002
2025-12-16,P007,Active series 07,Grocery,S02,Store 02,South,13,1378.39,0.0,False,False,Clear,346,SUP-07,5,0,1028.25,False,17919.07,4551.8200000000015
2025-12-17,P007,Active series 07,Grocery,S02,Store 02,South,20,1378.39,0.0,False,False,Clear,414,SUP-07,5,1,1028.25,False,27567.800000000003,7002.800000000002
2025-12-18,P007,Active series 07,Grocery,S02,Store 02,South,15,1378.39,0.0,False,False,Clear,399,SUP-07,5,0,1028.25,False,20675.850000000002,5252.100000000001
2025-12-19,P007,Active series 07,Grocery,S02,Store 02,South,12,1378.39,0.0,False,False,Clear,387,SUP-07,5,0,1028.25,False,16540.68,4201.680000000001
2025-12-20,P007,Active series 07,Grocery,S02,Store 02,South,19,1378.39,0.0,False,False,Clear,368,SUP-07,5,0,1028.25,False,26189.410000000003,6652.660000000002
2025-12-21,P007,Active series 07,Grocery,S02,Store 02,South,24,1309.47,0.05,True,False,Clear,344,SUP-07,5,0,1028.25,False,31427.28,6749.280000000001
2025-12-22,P007,Active series 07,Grocery,S02,Store 02,South,19,1378.39,0.0,False,False,Clear,404,SUP-07,5,0,1028.25,False,26189.410000000003,6652.660000000002
2025-12-23,P007,Active series 07,Grocery,S02,Store 02,South,15,1378.39,0.0,False,False,Clear,389,SUP-07,5,0,1028.25,False,20675.850000000002,5252.100000000001
2025-12-24,P007,Active series 07,Grocery,S02,Store 02,South,13,1378.39,0.0,False,False,Clear,376,SUP-07,5,0,1028.25,False,17919.07,4551.8200000000015
2025-12-25,P007,Active series 07,Grocery,S02,Store 02,South,14,1378.39,0.0,False,True,Clear,362,SUP-07,5,0,1028.25,False,19297.460000000003,4901.960000000001
2025-12-26,P007,Active series 07,Grocery,S02,Store 02,South,10,1378.39,0.0,False,False,Clear,352,SUP-07,5,1,1028.25,False,13783.900000000001,3501.400000000001
2025-12-27,P007,Active series 07,Grocery,S02,Store 02,South,15,1102.71,0.2,True,False,Clear,429,SUP-07,5,0,1028.25,False,16540.65,1116.9000000000005
2025-12-28,P007,Active series 07,Grocery,S02,Store 02,South,20,1378.39,0.0,False,False,Clear,409,SUP-07,5,1,1028.25,False,27567.800000000003,7002.800000000002
2025-12-29,P007,Active series 07,Grocery,S02,Store 02,South,14,1378.39,0.0,False,False,Clear,395,SUP-07,5,0,1028.25,False,19297.460000000003,4901.960000000001
2025-12-30,P007,Active series 07,Grocery,S02,Store 02,South,9,1378.39,0.0,False,False,Clear,386,SUP-07,5,0,1028.25,False,12405.51,3151.260000000001
2025-12-31,P007,Active series 07,Grocery,S02,Store 02,South,9,1378.39,0.0,False,False,Clear,377,SUP-07,5,0,1028.25,False,12405.51,3151.260000000001
2025-09-03,P007,Active series 07,Grocery,S03,Store 03,East,8,1378.39,0.0,False,False,Clear,164,SUP-07,10,0,1028.25,False,11027.12,2801.120000000001
2025-09-04,P007,Active series 07,Grocery,S03,Store 03,East,17,1378.39,0.0,False,False,Clear,147,SUP-07,10,0,1028.25,False,23432.63,5952.380000000002
2025-09-05,P007,Active series 07,Grocery,S03,Store 03,East,12,1378.39,0.0,False,False,Clear,135,SUP-07,10,0,1028.25,False,16540.68,4201.680000000001
2025-09-06,P007,Active series 07,Grocery,S03,Store 03,East,23,1378.39,0.0,False,False,Clear,112,SUP-07,10,0,1028.25,False,31702.97,8053.220000000002
2025-09-07,P007,Active series 07,Grocery,S03,Store 03,East,11,1378.39,0.0,False,False,Clear,101,SUP-07,10,1,1028.25,False,15162.29,3851.540000000001
2025-09-08,P007,Active series 07,Grocery,S03,Store 03,East,17,1378.39,0.0,False,False,Rain,84,SUP-07,10,0,1028.25,False,23432.63,5952.380000000002
2025-09-09,P007,Active series 07,Grocery,S03,Store 03,East,15,1378.39,0.0,False,False,Clear,69,SUP-07,10,0,1028.25,False,20675.850000000002,5252.100000000001
2025-09-10,P007,Active series 07,Grocery,S03,Store 03,East,17,1378.39,0.0,False,False,Clear,52,SUP-07,10,0,1028.25,False,23432.63,5952.380000000002
2025-09-11,P007,Active series 07,Grocery,S03,Store 03,East,25,1240.55,0.1,True,False,Rain,27,SUP-07,10,0,1028.25,False,31013.75,5307.499999999999
2025-09-12,P007,Active series 07,Grocery,S03,Store 03,East,19,1378.39,0.0,False,False,Clear,8,SUP-07,10,0,1028.25,False,26189.410000000003,6652.660000000002
2025-09-13,P007,Active series 07,Grocery,S03,Store 03,East,22,1378.39,0.0,False,False,Clear,166,SUP-07,10,1,1028.25,False,30324.58,7703.080000000002
2025-09-14,P007,Active series 07,Grocery,S03,Store 03,East,22,1378.39,0.0,False,False,Clear,144,SUP-07,10,1,1028.25,False,30324.58,7703.080000000002
2025-09-15,P007,Active series 07,Grocery,S03,Store 03,East,26,1378.39,0.0,False,False,Clear,118,SUP-07,10,0,1028.25,False,35838.14,9103.640000000003
2025-09-16,P007,Active series 07,Grocery,S03,Store 03,East,17,1378.39,0.0,False,False,Clear,101,SUP-07,10,0,1028.25,False,23432.63,5952.380000000002
2025-09-17,P007,Active series 07,Grocery,S03,Store 03,East,26,1171.63,0.15,True,False,Clear,75,SUP-07,10,1,1028.25,False,30462.380000000005,3727.880000000003
2025-09-18,P007,Active series 07,Grocery,S03,Store 03,East,17,1378.39,0.0,False,False,Clear,58,SUP-07,10,0,1028.25,False,23432.63,5952.380000000002
2025-09-19,P007,Active series 07,Grocery,S03,Store 03,East,22,1378.39,0.0,False,False,Clear,36,SUP-07,10,1,1028.25,False,30324.58,7703.080000000002
2025-09-20,P007,Active series 07,Grocery,S03,Store 03,East,21,1240.55,0.1,True,False,Clear,15,SUP-07,10,0,1028.25,False,26051.55,4458.299999999999
2025-09-21,P007,Active series 07,Grocery,S03,Store 03,East,15,1378.39,0.0,False,False,Clear,0,SUP-07,10,0,1028.25,True,20675.850000000002,5252.100000000001
2025-09-22,P007,Active series 07,Grocery,S03,Store 03,East,0,1171.63,0.15,True,False,Clear,0,SUP-07,10,0,1028.25,True,0.0,0.0
2025-09-23,P007,Active series 07,Grocery,S03,Store 03,East,18,1102.71,0.2,True,False,Clear,138,SUP-07,10,1,1028.25,False,19848.78,1340.2800000000007
2025-09-24,P007,Active series 07,Grocery,S03,Store 03,East,12,1378.39,0.0,False,False,Clear,126,SUP-07,10,0,1028.25,False,16540.68,4201.680000000001
2025-09-25,P007,Active series 07,Grocery,S03,Store 03,East,15,1378.39,0.0,False,False,Clear,111,SUP-07,10,0,1028.25,False,20675.850000000002,5252.100000000001
2025-09-26,P007,Active series 07,Grocery,S03,Store 03,East,18,1378.39,0.0,False,False,Clear,93,SUP-07,10,0,1028.25,False,24811.02,6302.520000000002
2025-09-27,P007,Active series 07,Grocery,S03,Store 03,East,14,1378.39,0.0,False,False,Clear,79,SUP-07,10,0,1028.25,False,19297.460000000003,4901.960000000001
2025-09-28,P007,Active series 07,Grocery,S03,Store 03,East,10,1378.39,0.0,False,False,Rain,69,SUP-07,10,0,1028.25,False,13783.900000000001,3501.400000000001
2025-09-29,P007,Active series 07,Grocery,S03,Store 03,East,15,1378.39,0.0,False,False,Clear,54,SUP-07,10,0,1028.25,False,20675.850000000002,5252.100000000001
2025-09-30,P007,Active series 07,Grocery,S03,Store 03,East,10,1378.39,0.0,False,False,Clear,44,SUP-07,10,0,1028.25,False,13783.900000000001,3501.400000000001
2025-10-01,P007,Active series 07,Grocery,S03,Store 03,East,12,1378.39,0.0,False,False,Clear,32,SUP-07,10,0,1028.25,False,16540.68,4201.680000000001
2025-10-02,P007,Active series 07,Grocery,S03,Store 03,East,15,1378.39,0.0,False,True,Clear,17,SUP-07,10,0,1028.25,False,20675.850000000002,5252.100000000001
2025-10-03,P007,Active series 07,Grocery,S03,Store 03,East,17,1378.39,0.0,False,False,Clear,172,SUP-07,10,1,1028.25,False,23432.63,5952.380000000002
2025-10-04,P007,Active series 07,Grocery,S03,Store 03,East,17,1378.39,0.0,False,False,Rain,155,SUP-07,10,0,1028.25,False,23432.63,5952.380000000002
2025-10-05,P007,Active series 07,Grocery,S03,Store 03,East,14,1378.39,0.0,False,False,Clear,141,SUP-07,10,0,1028.25,False,19297.460000000003,4901.960000000001
2025-10-06,P007,Active series 07,Grocery,S03,Store 03,East,23,1378.39,0.0,False,False,Clear,118,SUP-07,10,0,1028.25,False,31702.97,8053.220000000002
2025-10-07,P007,Active series 07,Grocery,S03,Store 03,East,13,1378.39,0.0,False,False,Clear,105,SUP-07,10,0,1028.25,False,17919.07,4551.8200000000015
2025-10-08,P007,Active series 07,Grocery,S03,Store 03,East,18,1378.39,0.0,False,False,Clear,87,SUP-07,10,0,1028.25,False,24811.02,6302.520000000002
2025-10-09,P007,Active series 07,Grocery,S03,Store 03,East,8,1378.39,0.0,False,False,Clear,79,SUP-07,10,0,1028.25,False,11027.12,2801.120000000001
2025-10-10,P007,Active series 07,Grocery,S03,Store 03,East,14,1378.39,0.0,False,False,Clear,65,SUP-07,10,0,1028.25,False,19297.460000000003,4901.960000000001
2025-10-11,P007,Active series 07,Grocery,S03,Store 03,East,23,1378.39,0.0,False,False,Clear,42,SUP-07,10,0,1028.25,False,31702.97,8053.220000000002
2025-10-12,P007,Active series 07,Grocery,S03,Store 03,East,17,1240.55,0.1,True,False,Clear,25,SUP-07,10,0,1028.25,False,21089.35,3609.0999999999995
2025-10-13,P007,Active series 07,Grocery,S03,Store 03,East,15,1378.39,0.0,False,False,Clear,195,SUP-07,10,1,1028.25,False,20675.850000000002,5252.100000000001
2025-10-14,P007,Active series 07,Grocery,S03,Store 03,East,16,1378.39,0.0,False,False,Clear,179,SUP-07,10,0,1028.25,False,22054.24,5602.240000000002
2025-10-15,P007,Active series 07,Grocery,S03,Store 03,East,16,1378.39,0.0,False,False,Clear,163,SUP-07,10,0,1028.25,False,22054.24,5602.240000000002
2025-10-16,P007,Active series 07,Grocery,S03,Store 03,East,22,1378.39,0.0,False,False,Clear,141,SUP-07,10,0,1028.25,False,30324.58,7703.080000000002
2025-10-17,P007,Active series 07,Grocery,S03,Store 03,East,21,1378.39,0.0,False,False,Clear,120,SUP-07,10,0,1028.25,False,28946.190000000002,7352.940000000002
2025-10-18,P007,Active series 07,Grocery,S03,Store 03,East,22,1378.39,0.0,False,False,Clear,98,SUP-07,10,0,1028.25,False,30324.58,7703.080000000002
2025-10-19,P007,Active series 07,Grocery,S03,Store 03,East,19,1378.39,0.0,False,False,Clear,79,SUP-07,10,0,1028.25,False,26189.410000000003,6652.660000000002
2025-10-20,P007,Active series 07,Grocery,S03,Store 03,East,27,1378.39,0.0,False,False,Clear,52,SUP-07,10,1,1028.25,False,37216.530000000006,9453.780000000002
2025-10-21,P007,Active series 07,Grocery,S03,Store 03,East,14,1378.39,0.0,False,False,Clear,38,SUP-07,10,0,1028.25,False,19297.460000000003,4901.960000000001
2025-10-22,P007,Active series 07,Grocery,S03,Store 03,East,18,1378.39,0.0,False,False,Clear,20,SUP-07,10,0,1028.25,False,24811.02,6302.520000000002
2025-10-23,P007,Active series 07,Grocery,S03,Store 03,East,14,1378.39,0.0,False,False,Clear,184,SUP-07,10,0,1028.25,False,19297.460000000003,4901.960000000001
2025-10-24,P007,Active series 07,Grocery,S03,Store 03,East,17,1378.39,0.0,False,False,Clear,167,SUP-07,10,0,1028.25,False,23432.63,5952.380000000002
2025-10-25,P007,Active series 07,Grocery,S03,Store 03,East,14,1378.39,0.0,False,False,Clear,153,SUP-07,10,0,1028.25,False,19297.460000000003,4901.960000000001
2025-10-26,P007,Active series 07,Grocery,S03,Store 03,East,15,1378.39,0.0,False,False,Clear,138,SUP-07,10,0,1028.25,False,20675.850000000002,5252.100000000001
2025-10-27,P007,Active series 07,Grocery,S03,Store 03,East,7,1378.39,0.0,False,False,Clear,131,SUP-07,10,0,1028.25,False,9648.730000000001,2450.9800000000005
2025-10-28,P007,Active series 07,Grocery,S03,Store 03,East,13,1378.39,0.0,False,False,Clear,118,SUP-07,10,0,1028.25,False,17919.07,4551.8200000000015
2025-10-29,P007,Active series 07,Grocery,S03,Store 03,East,14,1378.39,0.0,False,False,Clear,104,SUP-07,10,1,1028.25,False,19297.460000000003,4901.960000000001
2025-10-30,P007,Active series 07,Grocery,S03,Store 03,East,12,1378.39,0.0,False,False,Clear,92,SUP-07,10,0,1028.25,False,16540.68,4201.680000000001
2025-10-31,P007,Active series 07,Grocery,S03,Store 03,East,17,1378.39,0.0,False,False,Clear,75,SUP-07,10,1,1028.25,False,23432.63,5952.380000000002
2025-11-01,P007,Active series 07,Grocery,S03,Store 03,East,5,1378.39,0.0,False,False,Clear,70,SUP-07,10,0,1028.25,False,6891.950000000001,1750.7000000000005
2025-11-02,P007,Active series 07,Grocery,S03,Store 03,East,11,1378.39,0.0,False,False,Clear,235,SUP-07,10,1,1028.25,False,15162.29,3851.540000000001
2025-11-03,P007,Active series 07,Grocery,S03,Store 03,East,12,1378.39,0.0,False,False,Clear,223,SUP-07,10,0,1028.25,False,16540.68,4201.680000000001
2025-11-04,P007,Active series 07,Grocery,S03,Store 03,East,12,1378.39,0.0,False,False,Clear,211,SUP-07,10,0,1028.25,False,16540.68,4201.680000000001
2025-11-05,P007,Active series 07,Grocery,S03,Store 03,East,19,1309.47,0.05,True,False,Clear,192,SUP-07,10,0,1028.25,False,24879.93,5343.18
2025-11-06,P007,Active series 07,Grocery,S03,Store 03,East,19,1378.39,0.0,False,False,Clear,173,SUP-07,10,1,1028.25,False,26189.410000000003,6652.660000000002
2025-11-07,P007,Active series 07,Grocery,S03,Store 03,East,13,1378.39,0.0,False,False,Clear,160,SUP-07,10,0,1028.25,False,17919.07,4551.8200000000015
2025-11-08,P007,Active series 07,Grocery,S03,Store 03,East,17,1378.39,0.0,False,False,Clear,143,SUP-07,10,0,1028.25,False,23432.63,5952.380000000002
2025-11-09,P007,Active series 07,Grocery,S03,Store 03,East,22,1378.39,0.0,False,False,Clear,121,SUP-07,10,0,1028.25,False,30324.58,7703.080000000002
2025-11-10,P007,Active series 07,Grocery,S03,Store 03,East,21,1378.39,0.0,False,False,Clear,100,SUP-07,10,0,1028.25,False,28946.190000000002,7352.940000000002
2025-11-11,P007,Active series 07,Grocery,S03,Store 03,East,20,1378.39,0.0,False,False,Rain,80,SUP-07,10,0,1028.25,False,27567.800000000003,7002.800000000002
2025-11-12,P007,Active series 07,Grocery,S03,Store 03,East,14,1378.39,0.0,False,False,Clear,231,SUP-07,10,0,1028.25,False,19297.460000000003,4901.960000000001
2025-11-13,P007,Active series 07,Grocery,S03,Store 03,East,11,1378.39,0.0,False,False,Clear,220,SUP-07,10,0,1028.25,False,15162.29,3851.540000000001
2025-11-14,P007,Active series 07,Grocery,S03,Store 03,East,28,1378.39,0.0,False,False,Clear,192,SUP-07,10,0,1028.25,False,38594.920000000006,9803.920000000002
2025-11-15,P007,Active series 07,Grocery,S03,Store 03,East,21,1378.39,0.0,False,False,Clear,171,SUP-07,10,2,1028.25,False,28946.190000000002,7352.940000000002
2025-11-16,P007,Active series 07,Grocery,S03,Store 03,East,24,1378.39,0.0,False,False,Clear,147,SUP-07,10,0,1028.25,False,33081.36,8403.360000000002
2025-11-17,P007,Active series 07,Grocery,S03,Store 03,East,15,1378.39,0.0,False,False,Clear,132,SUP-07,10,0,1028.25,False,20675.850000000002,5252.100000000001
2025-11-18,P007,Active series 07,Grocery,S03,Store 03,East,14,1378.39,0.0,False,False,Clear,118,SUP-07,10,0,1028.25,False,19297.460000000003,4901.960000000001
2025-11-19,P007,Active series 07,Grocery,S03,Store 03,East,19,1378.39,0.0,False,False,Clear,99,SUP-07,10,0,1028.25,False,26189.410000000003,6652.660000000002
2025-11-20,P007,Active series 07,Grocery,S03,Store 03,East,21,1378.39,0.0,False,False,Clear,78,SUP-07,10,0,1028.25,False,28946.190000000002,7352.940000000002
2025-11-21,P007,Active series 07,Grocery,S03,Store 03,East,9,1378.39,0.0,False,False,Clear,69,SUP-07,10,0,1028.25,False,12405.51,3151.260000000001
2025-11-22,P007,Active series 07,Grocery,S03,Store 03,East,19,1378.39,0.0,False,False,Clear,215,SUP-07,10,0,1028.25,False,26189.410000000003,6652.660000000002
2025-11-23,P007,Active series 07,Grocery,S03,Store 03,East,25,1378.39,0.0,False,False,Clear,190,SUP-07,10,1,1028.25,False,34459.75,8753.500000000002
2025-11-24,P007,Active series 07,Grocery,S03,Store 03,East,21,1378.39,0.0,False,False,Clear,169,SUP-07,10,0,1028.25,False,28946.190000000002,7352.940000000002
2025-11-25,P007,Active series 07,Grocery,S03,Store 03,East,13,1378.39,0.0,False,False,Clear,156,SUP-07,10,0,1028.25,False,17919.07,4551.8200000000015
2025-11-26,P007,Active series 07,Grocery,S03,Store 03,East,11,1378.39,0.0,False,False,Clear,145,SUP-07,10,0,1028.25,False,15162.29,3851.540000000001
2025-11-27,P007,Active series 07,Grocery,S03,Store 03,East,11,1378.39,0.0,False,False,Clear,134,SUP-07,10,0,1028.25,False,15162.29,3851.540000000001
2025-11-28,P007,Active series 07,Grocery,S03,Store 03,East,16,1378.39,0.0,False,False,Clear,118,SUP-07,10,0,1028.25,False,22054.24,5602.240000000002
2025-11-29,P007,Active series 07,Grocery,S03,Store 03,East,16,1378.39,0.0,False,False,Clear,102,SUP-07,10,0,1028.25,False,22054.24,5602.240000000002
2025-11-30,P007,Active series 07,Grocery,S03,Store 03,East,13,1378.39,0.0,False,False,Clear,89,SUP-07,10,0,1028.25,False,17919.07,4551.8200000000015
2025-12-01,P007,Active series 07,Grocery,S03,Store 03,East,13,1378.39,0.0,False,False,Clear,76,SUP-07,10,0,1028.25,False,17919.07,4551.8200000000015
2025-12-02,P007,Active series 07,Grocery,S03,Store 03,East,9,1378.39,0.0,False,False,Clear,223,SUP-07,10,0,1028.25,False,12405.51,3151.260000000001
2025-12-03,P007,Active series 07,Grocery,S03,Store 03,East,21,1378.39,0.0,False,False,Rain,202,SUP-07,10,0,1028.25,False,28946.190000000002,7352.940000000002
2025-12-04,P007,Active series 07,Grocery,S03,Store 03,East,13,1378.39,0.0,False,False,Rain,189,SUP-07,10,0,1028.25,False,17919.07,4551.8200000000015
2025-12-05,P007,Active series 07,Grocery,S03,Store 03,East,14,1378.39,0.0,False,False,Clear,175,SUP-07,10,0,1028.25,False,19297.460000000003,4901.960000000001
2025-12-06,P007,Active series 07,Grocery,S03,Store 03,East,13,1378.39,0.0,False,False,Clear,162,SUP-07,10,0,1028.25,False,17919.07,4551.8200000000015
2025-12-07,P007,Active series 07,Grocery,S03,Store 03,East,18,1378.39,0.0,False,False,Clear,144,SUP-07,10,0,1028.25,False,24811.02,6302.520000000002
2025-12-08,P007,Active series 07,Grocery,S03,Store 03,East,15,1309.47,0.05,True,False,Clear,129,SUP-07,10,0,1028.25,False,19642.05,4218.3
2025-12-09,P007,Active series 07,Grocery,S03,Store 03,East,22,1378.39,0.0,False,False,Clear,107,SUP-07,10,2,1028.25,False,30324.58,7703.080000000002
2025-12-10,P007,Active series 07,Grocery,S03,Store 03,East,15,1378.39,0.0,False,False,Clear,92,SUP-07,10,0,1028.25,False,20675.850000000002,5252.100000000001
2025-12-11,P007,Active series 07,Grocery,S03,Store 03,East,18,1378.39,0.0,False,False,Clear,74,SUP-07,10,0,1028.25,False,24811.02,6302.520000000002
2025-12-12,P007,Active series 07,Grocery,S03,Store 03,East,12,1378.39,0.0,False,False,Clear,218,SUP-07,10,0,1028.25,False,16540.68,4201.680000000001
2025-12-13,P007,Active series 07,Grocery,S03,Store 03,East,34,1378.39,0.0,False,False,Clear,184,SUP-07,10,0,1028.25,False,46865.26,11904.760000000004
2025-12-14,P007,Active series 07,Grocery,S03,Store 03,East,24,1378.39,0.0,False,False,Clear,160,SUP-07,10,0,1028.25,False,33081.36,8403.360000000002
2025-12-15,P007,Active series 07,Grocery,S03,Store 03,East,11,1378.39,0.0,False,False,Clear,149,SUP-07,10,0,1028.25,False,15162.29,3851.540000000001
2025-12-16,P007,Active series 07,Grocery,S03,Store 03,East,20,1378.39,0.0,False,False,Rain,129,SUP-07,10,0,1028.25,False,27567.800000000003,7002.800000000002
2025-12-17,P007,Active series 07,Grocery,S03,Store 03,East,26,1378.39,0.0,False,False,Clear,103,SUP-07,10,1,1028.25,False,35838.14,9103.640000000003
2025-12-18,P007,Active series 07,Grocery,S03,Store 03,East,20,1378.39,0.0,False,False,Rain,83,SUP-07,10,0,1028.25,False,27567.800000000003,7002.800000000002
2025-12-19,P007,Active series 07,Grocery,S03,Store 03,East,20,1102.71,0.2,True,False,Clear,63,SUP-07,10,0,1028.25,False,22054.2,1489.2000000000007
2025-12-20,P007,Active series 07,Grocery,S03,Store 03,East,20,1378.39,0.0,False,False,Clear,43,SUP-07,10,0,1028.25,False,27567.800000000003,7002.800000000002
2025-12-21,P007,Active series 07,Grocery,S03,Store 03,East,24,1378.39,0.0,False,False,Clear,19,SUP-07,10,0,1028.25,False,33081.36,8403.360000000002
2025-12-22,P007,Active series 07,Grocery,S03,Store 03,East,21,1378.39,0.0,False,False,Clear,176,SUP-07,10,1,1028.25,False,28946.190000000002,7352.940000000002
2025-12-23,P007,Active series 07,Grocery,S03,Store 03,East,25,1171.63,0.15,True,False,Clear,151,SUP-07,10,2,1028.25,False,29290.750000000004,3584.5000000000027
2025-12-24,P007,Active series 07,Grocery,S03,Store 03,East,17,1378.39,0.0,False,False,Clear,134,SUP-07,10,0,1028.25,False,23432.63,5952.380000000002
2025-12-25,P007,Active series 07,Grocery,S03,Store 03,East,12,1378.39,0.0,False,True,Clear,122,SUP-07,10,0,1028.25,False,16540.68,4201.680000000001
2025-12-26,P007,Active series 07,Grocery,S03,Store 03,East,11,1378.39,0.0,False,False,Clear,111,SUP-07,10,0,1028.25,False,15162.29,3851.540000000001
2025-12-27,P007,Active series 07,Grocery,S03,Store 03,East,13,1378.39,0.0,False,False,Rain,98,SUP-07,10,1,1028.25,False,17919.07,4551.8200000000015
2025-12-28,P007,Active series 07,Grocery,S03,Store 03,East,18,1309.47,0.05,True,False,Clear,80,SUP-07,10,0,1028.25,False,23570.46,5061.960000000001
2025-12-29,P007,Active series 07,Grocery,S03,Store 03,East,15,1378.39,0.0,False,False,Clear,65,SUP-07,10,0,1028.25,False,20675.850000000002,5252.100000000001
2025-12-30,P007,Active series 07,Grocery,S03,Store 03,East,7,1378.39,0.0,False,False,Rain,58,SUP-07,10,0,1028.25,False,9648.730000000001,2450.9800000000005
2025-12-31,P007,Active series 07,Grocery,S03,Store 03,East,10,1378.39,0.0,False,False,Clear,48,SUP-07,10,0,1028.25,False,13783.900000000001,3501.400000000001
2025-09-03,P007,Active series 07,Grocery,S04,Store 04,West,11,1378.39,0.0,False,False,Clear,92,SUP-07,4,0,1028.25,False,15162.29,3851.540000000001
2025-09-04,P007,Active series 07,Grocery,S04,Store 04,West,15,1378.39,0.0,False,False,Clear,77,SUP-07,4,0,1028.25,False,20675.850000000002,5252.100000000001
2025-09-05,P007,Active series 07,Grocery,S04,Store 04,West,4,1378.39,0.0,False,False,Clear,73,SUP-07,4,0,1028.25,False,5513.56,1400.5600000000004
2025-09-06,P007,Active series 07,Grocery,S04,Store 04,West,8,1378.39,0.0,False,False,Clear,65,SUP-07,4,0,1028.25,False,11027.12,2801.120000000001
2025-09-07,P007,Active series 07,Grocery,S04,Store 04,West,13,1378.39,0.0,False,False,Clear,97,SUP-07,4,1,1028.25,False,17919.07,4551.8200000000015
2025-09-08,P007,Active series 07,Grocery,S04,Store 04,West,14,1171.63,0.15,True,False,Clear,83,SUP-07,4,0,1028.25,False,16402.82,2007.3200000000015
2025-09-09,P007,Active series 07,Grocery,S04,Store 04,West,9,1378.39,0.0,False,False,Clear,74,SUP-07,4,0,1028.25,False,12405.51,3151.260000000001
2025-09-10,P007,Active series 07,Grocery,S04,Store 04,West,13,1378.39,0.0,False,False,Clear,61,SUP-07,4,0,1028.25,False,17919.07,4551.8200000000015
2025-09-11,P007,Active series 07,Grocery,S04,Store 04,West,15,1378.39,0.0,False,False,Clear,95,SUP-07,4,0,1028.25,False,20675.850000000002,5252.100000000001
2025-09-12,P007,Active series 07,Grocery,S04,Store 04,West,15,1378.39,0.0,False,False,Clear,80,SUP-07,4,0,1028.25,False,20675.850000000002,5252.100000000001
2025-09-13,P007,Active series 07,Grocery,S04,Store 04,West,15,1378.39,0.0,False,False,Clear,65,SUP-07,4,0,1028.25,False,20675.850000000002,5252.100000000001
2025-09-14,P007,Active series 07,Grocery,S04,Store 04,West,14,1378.39,0.0,False,False,Clear,51,SUP-07,4,0,1028.25,False,19297.460000000003,4901.960000000001
2025-09-15,P007,Active series 07,Grocery,S04,Store 04,West,20,1378.39,0.0,False,False,Clear,80,SUP-07,4,0,1028.25,False,27567.800000000003,7002.800000000002
2025-09-16,P007,Active series 07,Grocery,S04,Store 04,West,16,1378.39,0.0,False,False,Clear,64,SUP-07,4,0,1028.25,False,22054.24,5602.240000000002
2025-09-17,P007,Active series 07,Grocery,S04,Store 04,West,12,1378.39,0.0,False,False,Clear,52,SUP-07,4,0,1028.25,False,16540.68,4201.680000000001
2025-09-18,P007,Active series 07,Grocery,S04,Store 04,West,10,1378.39,0.0,False,False,Clear,42,SUP-07,4,0,1028.25,False,13783.900000000001,3501.400000000001
2025-09-19,P007,Active series 07,Grocery,S04,Store 04,West,11,1378.39,0.0,False,False,Rain,85,SUP-07,4,0,1028.25,False,15162.29,3851.540000000001
2025-09-20,P007,Active series 07,Grocery,S04,Store 04,West,21,1378.39,0.0,False,False,Clear,64,SUP-07,4,0,1028.25,False,28946.190000000002,7352.940000000002
2025-09-21,P007,Active series 07,Grocery,S04,Store 04,West,12,1378.39,0.0,False,False,Clear,52,SUP-07,4,1,1028.25,False,16540.68,4201.680000000001
2025-09-22,P007,Active series 07,Grocery,S04,Store 04,West,5,1378.39,0.0,False,False,Clear,47,SUP-07,4,0,1028.25,False,6891.950000000001,1750.7000000000005
2025-09-23,P007,Active series 07,Grocery,S04,Store 04,West,15,1378.39,0.0,False,False,Clear,81,SUP-07,4,0,1028.25,False,20675.850000000002,5252.100000000001
2025-09-24,P007,Active series 07,Grocery,S04,Store 04,West,5,1378.39,0.0,False,False,Clear,76,SUP-07,4,0,1028.25,False,6891.950000000001,1750.7000000000005
2025-09-25,P007,Active series 07,Grocery,S04,Store 04,West,7,1378.39,0.0,False,False,Clear,69,SUP-07,4,0,1028.25,False,9648.730000000001,2450.9800000000005
2025-09-26,P007,Active series 07,Grocery,S04,Store 04,West,10,1240.55,0.1,True,False,Clear,59,SUP-07,4,0,1028.25,False,12405.5,2122.9999999999995
2025-09-27,P007,Active series 07,Grocery,S04,Store 04,West,12,1378.39,0.0,False,False,Clear,95,SUP-07,4,0,1028.25,False,16540.68,4201.680000000001
2025-09-28,P007,Active series 07,Grocery,S04,Store 04,West,12,1378.39,0.0,False,False,Clear,83,SUP-07,4,0,1028.25,False,16540.68,4201.680000000001
2025-09-29,P007,Active series 07,Grocery,S04,Store 04,West,6,1378.39,0.0,False,False,Rain,77,SUP-07,4,0,1028.25,False,8270.34,2100.8400000000006
2025-09-30,P007,Active series 07,Grocery,S04,Store 04,West,8,1378.39,0.0,False,False,Clear,69,SUP-07,4,0,1028.25,False,11027.12,2801.120000000001
2025-10-01,P007,Active series 07,Grocery,S04,Store 04,West,4,1378.39,0.0,False,False,Clear,113,SUP-07,4,0,1028.25,False,5513.56,1400.5600000000004
2025-10-02,P007,Active series 07,Grocery,S04,Store 04,West,7,1378.39,0.0,False,True,Rain,106,SUP-07,4,0,1028.25,False,9648.730000000001,2450.9800000000005
2025-10-03,P007,Active series 07,Grocery,S04,Store 04,West,9,1378.39,0.0,False,False,Clear,97,SUP-07,4,0,1028.25,False,12405.51,3151.260000000001
2025-10-04,P007,Active series 07,Grocery,S04,Store 04,West,17,1240.55,0.1,True,False,Clear,80,SUP-07,4,0,1028.25,False,21089.35,3609.0999999999995
2025-10-05,P007,Active series 07,Grocery,S04,Store 04,West,11,1378.39,0.0,False,False,Clear,114,SUP-07,4,1,1028.25,False,15162.29,3851.540000000001
2025-10-06,P007,Active series 07,Grocery,S04,Store 04,West,9,1378.39,0.0,False,False,Clear,105,SUP-07,4,0,1028.25,False,12405.51,3151.260000000001
2025-10-07,P007,Active series 07,Grocery,S04,Store 04,West,8,1378.39,0.0,False,False,Clear,97,SUP-07,4,0,1028.25,False,11027.12,2801.120000000001
2025-10-08,P007,Active series 07,Grocery,S04,Store 04,West,14,1378.39,0.0,False,False,Clear,83,SUP-07,4,0,1028.25,False,19297.460000000003,4901.960000000001
2025-10-09,P007,Active series 07,Grocery,S04,Store 04,West,11,1378.39,0.0,False,False,Clear,118,SUP-07,4,0,1028.25,False,15162.29,3851.540000000001
2025-10-10,P007,Active series 07,Grocery,S04,Store 04,West,12,1171.63,0.15,True,False,Clear,106,SUP-07,4,0,1028.25,False,14059.560000000001,1720.5600000000013
2025-10-11,P007,Active series 07,Grocery,S04,Store 04,West,13,1378.39,0.0,False,False,Clear,93,SUP-07,4,0,1028.25,False,17919.07,4551.8200000000015
2025-10-12,P007,Active series 07,Grocery,S04,Store 04,West,17,1240.55,0.1,True,False,Clear,76,SUP-07,4,0,1028.25,False,21089.35,3609.0999999999995
2025-10-13,P007,Active series 07,Grocery,S04,Store 04,West,15,1378.39,0.0,False,False,Clear,109,SUP-07,4,0,1028.25,False,20675.850000000002,5252.100000000001
2025-10-14,P007,Active series 07,Grocery,S04,Store 04,West,12,1378.39,0.0,False,False,Clear,97,SUP-07,4,1,1028.25,False,16540.68,4201.680000000001
2025-10-15,P007,Active series 07,Grocery,S04,Store 04,West,8,1378.39,0.0,False,False,Clear,89,SUP-07,4,0,1028.25,False,11027.12,2801.120000000001
2025-10-16,P007,Active series 07,Grocery,S04,Store 04,West,14,1378.39,0.0,False,False,Clear,75,SUP-07,4,0,1028.25,False,19297.460000000003,4901.960000000001
2025-10-17,P007,Active series 07,Grocery,S04,Store 04,West,9,1378.39,0.0,False,False,Clear,115,SUP-07,4,0,1028.25,False,12405.51,3151.260000000001
2025-10-18,P007,Active series 07,Grocery,S04,Store 04,West,21,1378.39,0.0,False,False,Rain,94,SUP-07,4,0,1028.25,False,28946.190000000002,7352.940000000002
2025-10-19,P007,Active series 07,Grocery,S04,Store 04,West,22,1378.39,0.0,False,False,Clear,72,SUP-07,4,1,1028.25,False,30324.58,7703.080000000002
2025-10-20,P007,Active series 07,Grocery,S04,Store 04,West,11,1378.39,0.0,False,False,Clear,61,SUP-07,4,2,1028.25,False,15162.29,3851.540000000001
2025-10-21,P007,Active series 07,Grocery,S04,Store 04,West,10,1378.39,0.0,False,False,Clear,97,SUP-07,4,0,1028.25,False,13783.900000000001,3501.400000000001
2025-10-22,P007,Active series 07,Grocery,S04,Store 04,West,10,1378.39,0.0,False,False,Clear,87,SUP-07,4,0,1028.25,False,13783.900000000001,3501.400000000001
2025-10-23,P007,Active series 07,Grocery,S04,Store 04,West,11,1378.39,0.0,False,False,Clear,76,SUP-07,4,0,1028.25,False,15162.29,3851.540000000001
2025-10-24,P007,Active series 07,Grocery,S04,Store 04,West,10,1378.39,0.0,False,False,Clear,66,SUP-07,4,0,1028.25,False,13783.900000000001,3501.400000000001
2025-10-25,P007,Active series 07,Grocery,S04,Store 04,West,11,1378.39,0.0,False,False,Clear,108,SUP-07,4,0,1028.25,False,15162.29,3851.540000000001
2025-10-26,P007,Active series 07,Grocery,S04,Store 04,West,7,1378.39,0.0,False,False,Rain,101,SUP-07,4,0,1028.25,False,9648.730000000001,2450.9800000000005
2025-10-27,P007,Active series 07,Grocery,S04,Store 04,West,8,1378.39,0.0,False,False,Clear,93,SUP-07,4,0,1028.25,False,11027.12,2801.120000000001
2025-10-28,P007,Active series 07,Grocery,S04,Store 04,West,15,1378.39,0.0,False,False,Clear,78,SUP-07,4,0,1028.25,False,20675.850000000002,5252.100000000001
2025-10-29,P007,Active series 07,Grocery,S04,Store 04,West,15,1378.39,0.0,False,False,Clear,116,SUP-07,4,0,1028.25,False,20675.850000000002,5252.100000000001
2025-10-30,P007,Active series 07,Grocery,S04,Store 04,West,7,1378.39,0.0,False,False,Clear,109,SUP-07,4,0,1028.25,False,9648.730000000001,2450.9800000000005
2025-10-31,P007,Active series 07,Grocery,S04,Store 04,West,11,1378.39,0.0,False,False,Clear,98,SUP-07,4,0,1028.25,False,15162.29,3851.540000000001
2025-11-01,P007,Active series 07,Grocery,S04,Store 04,West,11,1378.39,0.0,False,False,Clear,87,SUP-07,4,0,1028.25,False,15162.29,3851.540000000001
2025-11-02,P007,Active series 07,Grocery,S04,Store 04,West,13,1378.39,0.0,False,False,Rain,124,SUP-07,4,0,1028.25,False,17919.07,4551.8200000000015
2025-11-03,P007,Active series 07,Grocery,S04,Store 04,West,9,1378.39,0.0,False,False,Clear,115,SUP-07,4,0,1028.25,False,12405.51,3151.260000000001
2025-11-04,P007,Active series 07,Grocery,S04,Store 04,West,6,1378.39,0.0,False,False,Clear,109,SUP-07,4,0,1028.25,False,8270.34,2100.8400000000006
2025-11-05,P007,Active series 07,Grocery,S04,Store 04,West,10,1309.47,0.05,True,False,Clear,99,SUP-07,4,0,1028.25,False,13094.7,2812.2000000000003
2025-11-06,P007,Active series 07,Grocery,S04,Store 04,West,7,1378.39,0.0,False,False,Clear,144,SUP-07,4,0,1028.25,False,9648.730000000001,2450.9800000000005
2025-11-07,P007,Active series 07,Grocery,S04,Store 04,West,13,1378.39,0.0,False,False,Clear,131,SUP-07,4,0,1028.25,False,17919.07,4551.8200000000015
2025-11-08,P007,Active series 07,Grocery,S04,Store 04,West,12,1378.39,0.0,False,False,Clear,119,SUP-07,4,0,1028.25,False,16540.68,4201.680000000001
2025-11-09,P007,Active series 07,Grocery,S04,Store 04,West,6,1378.39,0.0,False,False,Clear,113,SUP-07,4,0,1028.25,False,8270.34,2100.8400000000006
2025-11-10,P007,Active series 07,Grocery,S04,Store 04,West,8,1378.39,0.0,False,False,Clear,152,SUP-07,4,0,1028.25,False,11027.12,2801.120000000001
2025-11-11,P007,Active series 07,Grocery,S04,Store 04,West,10,1378.39,0.0,False,False,Clear,142,SUP-07,4,1,1028.25,False,13783.900000000001,3501.400000000001
2025-11-12,P007,Active series 07,Grocery,S04,Store 04,West,18,1378.39,0.0,False,False,Clear,124,SUP-07,4,0,1028.25,False,24811.02,6302.520000000002
2025-11-13,P007,Active series 07,Grocery,S04,Store 04,West,16,1378.39,0.0,False,False,Clear,108,SUP-07,4,0,1028.25,False,22054.24,5602.240000000002
2025-11-14,P007,Active series 07,Grocery,S04,Store 04,West,5,1378.39,0.0,False,False,Rain,148,SUP-07,4,0,1028.25,False,6891.950000000001,1750.7000000000005
2025-11-15,P007,Active series 07,Grocery,S04,Store 04,West,23,1171.63,0.15,True,False,Clear,125,SUP-07,4,0,1028.25,False,26947.49,3297.7400000000025
2025-11-16,P007,Active series 07,Grocery,S04,Store 04,West,11,1378.39,0.0,False,False,Clear,114,SUP-07,4,0,1028.25,False,15162.29,3851.540000000001
2025-11-17,P007,Active series 07,Grocery,S04,Store 04,West,10,1378.39,0.0,False,False,Clear,104,SUP-07,4,0,1028.25,False,13783.900000000001,3501.400000000001
2025-11-18,P007,Active series 07,Grocery,S04,Store 04,West,18,1378.39,0.0,False,False,Clear,140,SUP-07,4,0,1028.25,False,24811.02,6302.520000000002
2025-11-19,P007,Active series 07,Grocery,S04,Store 04,West,16,1378.39,0.0,False,False,Clear,124,SUP-07,4,0,1028.25,False,22054.24,5602.240000000002
2025-11-20,P007,Active series 07,Grocery,S04,Store 04,West,12,1378.39,0.0,False,False,Clear,112,SUP-07,4,0,1028.25,False,16540.68,4201.680000000001
2025-11-21,P007,Active series 07,Grocery,S04,Store 04,West,19,1171.63,0.15,True,False,Clear,93,SUP-07,4,0,1028.25,False,22260.97,2724.220000000002
2025-11-22,P007,Active series 07,Grocery,S04,Store 04,West,14,1378.39,0.0,False,False,Rain,127,SUP-07,4,0,1028.25,False,19297.460000000003,4901.960000000001
2025-11-23,P007,Active series 07,Grocery,S04,Store 04,West,14,1378.39,0.0,False,False,Clear,113,SUP-07,4,1,1028.25,False,19297.460000000003,4901.960000000001
2025-11-24,P007,Active series 07,Grocery,S04,Store 04,West,11,1378.39,0.0,False,False,Clear,102,SUP-07,4,0,1028.25,False,15162.29,3851.540000000001
2025-11-25,P007,Active series 07,Grocery,S04,Store 04,West,7,1378.39,0.0,False,False,Clear,95,SUP-07,4,0,1028.25,False,9648.730000000001,2450.9800000000005
2025-11-26,P007,Active series 07,Grocery,S04,Store 04,West,10,1378.39,0.0,False,False,Clear,138,SUP-07,4,0,1028.25,False,13783.900000000001,3501.400000000001
2025-11-27,P007,Active series 07,Grocery,S04,Store 04,West,8,1378.39,0.0,False,False,Rain,130,SUP-07,4,0,1028.25,False,11027.12,2801.120000000001
2025-11-28,P007,Active series 07,Grocery,S04,Store 04,West,9,1378.39,0.0,False,False,Clear,121,SUP-07,4,0,1028.25,False,12405.51,3151.260000000001
2025-11-29,P007,Active series 07,Grocery,S04,Store 04,West,15,1102.71,0.2,True,False,Clear,106,SUP-07,4,0,1028.25,False,16540.65,1116.9000000000005
2025-11-30,P007,Active series 07,Grocery,S04,Store 04,West,12,1378.39,0.0,False,False,Rain,142,SUP-07,4,0,1028.25,False,16540.68,4201.680000000001
2025-12-01,P007,Active series 07,Grocery,S04,Store 04,West,9,1378.39,0.0,False,False,Rain,133,SUP-07,4,0,1028.25,False,12405.51,3151.260000000001
2025-12-02,P007,Active series 07,Grocery,S04,Store 04,West,11,1378.39,0.0,False,False,Clear,122,SUP-07,4,0,1028.25,False,15162.29,3851.540000000001
2025-12-03,P007,Active series 07,Grocery,S04,Store 04,West,9,1378.39,0.0,False,False,Clear,113,SUP-07,4,0,1028.25,False,12405.51,3151.260000000001
2025-12-04,P007,Active series 07,Grocery,S04,Store 04,West,10,1378.39,0.0,False,False,Clear,156,SUP-07,4,0,1028.25,False,13783.900000000001,3501.400000000001
2025-12-05,P007,Active series 07,Grocery,S04,Store 04,West,8,1378.39,0.0,False,False,Clear,148,SUP-07,4,0,1028.25,False,11027.12,2801.120000000001
2025-12-06,P007,Active series 07,Grocery,S04,Store 04,West,8,1378.39,0.0,False,False,Rain,140,SUP-07,4,0,1028.25,False,11027.12,2801.120000000001
2025-12-07,P007,Active series 07,Grocery,S04,Store 04,West,10,1378.39,0.0,False,False,Clear,130,SUP-07,4,1,1028.25,False,13783.900000000001,3501.400000000001
2025-12-08,P007,Active series 07,Grocery,S04,Store 04,West,10,1378.39,0.0,False,False,Clear,171,SUP-07,4,1,1028.25,False,13783.900000000001,3501.400000000001
2025-12-09,P007,Active series 07,Grocery,S04,Store 04,West,11,1102.71,0.2,True,False,Clear,160,SUP-07,4,0,1028.25,False,12129.810000000001,819.0600000000004
2025-12-10,P007,Active series 07,Grocery,S04,Store 04,West,9,1378.39,0.0,False,False,Clear,151,SUP-07,4,0,1028.25,False,12405.51,3151.260000000001
2025-12-11,P007,Active series 07,Grocery,S04,Store 04,West,13,1378.39,0.0,False,False,Clear,138,SUP-07,4,1,1028.25,False,17919.07,4551.8200000000015
2025-12-12,P007,Active series 07,Grocery,S04,Store 04,West,14,1378.39,0.0,False,False,Clear,170,SUP-07,4,0,1028.25,False,19297.460000000003,4901.960000000001
2025-12-13,P007,Active series 07,Grocery,S04,Store 04,West,21,1378.39,0.0,False,False,Clear,149,SUP-07,4,1,1028.25,False,28946.190000000002,7352.940000000002
2025-12-14,P007,Active series 07,Grocery,S04,Store 04,West,14,1378.39,0.0,False,False,Clear,135,SUP-07,4,1,1028.25,False,19297.460000000003,4901.960000000001
2025-12-15,P007,Active series 07,Grocery,S04,Store 04,West,16,1378.39,0.0,False,False,Clear,119,SUP-07,4,0,1028.25,False,22054.24,5602.240000000002
2025-12-16,P007,Active series 07,Grocery,S04,Store 04,West,13,1378.39,0.0,False,False,Clear,152,SUP-07,4,0,1028.25,False,17919.07,4551.8200000000015
2025-12-17,P007,Active series 07,Grocery,S04,Store 04,West,7,1378.39,0.0,False,False,Clear,145,SUP-07,4,0,1028.25,False,9648.730000000001,2450.9800000000005
2025-12-18,P007,Active series 07,Grocery,S04,Store 04,West,7,1378.39,0.0,False,False,Clear,138,SUP-07,4,0,1028.25,False,9648.730000000001,2450.9800000000005
2025-12-19,P007,Active series 07,Grocery,S04,Store 04,West,8,1378.39,0.0,False,False,Clear,130,SUP-07,4,0,1028.25,False,11027.12,2801.120000000001
2025-12-20,P007,Active series 07,Grocery,S04,Store 04,West,14,1378.39,0.0,False,False,Clear,166,SUP-07,4,0,1028.25,False,19297.460000000003,4901.960000000001
2025-12-21,P007,Active series 07,Grocery,S04,Store 04,West,12,1378.39,0.0,False,False,Rain,154,SUP-07,4,0,1028.25,False,16540.68,4201.680000000001
2025-12-22,P007,Active series 07,Grocery,S04,Store 04,West,6,1378.39,0.0,False,False,Clear,148,SUP-07,4,1,1028.25,False,8270.34,2100.8400000000006
2025-12-23,P007,Active series 07,Grocery,S04,Store 04,West,8,1378.39,0.0,False,False,Clear,140,SUP-07,4,0,1028.25,False,11027.12,2801.120000000001
2025-12-24,P007,Active series 07,Grocery,S04,Store 04,West,12,1378.39,0.0,False,False,Rain,173,SUP-07,4,0,1028.25,False,16540.68,4201.680000000001
2025-12-25,P007,Active series 07,Grocery,S04,Store 04,West,17,1378.39,0.0,False,True,Clear,156,SUP-07,4,0,1028.25,False,23432.63,5952.380000000002
2025-12-26,P007,Active series 07,Grocery,S04,Store 04,West,16,1378.39,0.0,False,False,Clear,140,SUP-07,4,0,1028.25,False,22054.24,5602.240000000002
2025-12-27,P007,Active series 07,Grocery,S04,Store 04,West,10,1378.39,0.0,False,False,Rain,130,SUP-07,4,0,1028.25,False,13783.900000000001,3501.400000000001
2025-12-28,P007,Active series 07,Grocery,S04,Store 04,West,7,1378.39,0.0,False,False,Clear,173,SUP-07,4,0,1028.25,False,9648.730000000001,2450.9800000000005
2025-12-29,P007,Active series 07,Grocery,S04,Store 04,West,15,1378.39,0.0,False,False,Rain,158,SUP-07,4,0,1028.25,False,20675.850000000002,5252.100000000001
2025-12-30,P007,Active series 07,Grocery,S04,Store 04,West,9,1378.39,0.0,False,False,Clear,149,SUP-07,4,0,1028.25,False,12405.51,3151.260000000001
2025-12-31,P007,Active series 07,Grocery,S04,Store 04,West,10,1378.39,0.0,False,False,Rain,139,SUP-07,4,0,1028.25,False,13783.900000000001,3501.400000000001
2025-09-03,P008,Classic range 08,Apparel,S01,Store 01,North,9,1144.53,0.0,False,False,Clear,111,SUP-08,11,0,821.6,False,10300.77,2906.3699999999994
2025-09-04,P008,Classic range 08,Apparel,S01,Store 01,North,16,1144.53,0.0,False,False,Clear,95,SUP-08,11,1,821.6,False,18312.48,5166.879999999999
2025-09-05,P008,Classic range 08,Apparel,S01,Store 01,North,15,1144.53,0.0,False,False,Clear,80,SUP-08,11,1,821.6,False,17167.95,4843.949999999999
2025-09-06,P008,Classic range 08,Apparel,S01,Store 01,North,19,1144.53,0.0,False,False,Clear,61,SUP-08,11,0,821.6,False,21746.07,6135.669999999999
2025-09-07,P008,Classic range 08,Apparel,S01,Store 01,North,22,1144.53,0.0,False,False,Clear,39,SUP-08,11,0,821.6,False,25179.66,7104.459999999999
2025-09-08,P008,Classic range 08,Apparel,S01,Store 01,North,16,1144.53,0.0,False,False,Clear,23,SUP-08,11,0,821.6,False,18312.48,5166.879999999999
2025-09-09,P008,Classic range 08,Apparel,S01,Store 01,North,18,1144.53,0.0,False,False,Clear,5,SUP-08,11,0,821.6,False,20601.54,5812.739999999999
2025-09-10,P008,Classic range 08,Apparel,S01,Store 01,North,5,1144.53,0.0,False,False,Clear,0,SUP-08,11,0,821.6,True,5722.65,1614.6499999999996
2025-09-11,P008,Classic range 08,Apparel,S01,Store 01,North,0,1144.53,0.0,False,False,Rain,0,SUP-08,11,0,821.6,True,0.0,0.0
2025-09-12,P008,Classic range 08,Apparel,S01,Store 01,North,0,1144.53,0.0,False,False,Rain,0,SUP-08,11,0,821.6,True,0.0,0.0
2025-09-13,P008,Classic range 08,Apparel,S01,Store 01,North,0,1144.53,0.0,False,False,Clear,0,SUP-08,11,0,821.6,True,0.0,0.0
2025-09-14,P008,Classic range 08,Apparel,S01,Store 01,North,23,1144.53,0.0,False,False,Clear,110,SUP-08,11,0,821.6,False,26324.19,7427.3899999999985
2025-09-15,P008,Classic range 08,Apparel,S01,Store 01,North,19,1144.53,0.0,False,False,Clear,91,SUP-08,11,0,821.6,False,21746.07,6135.669999999999
2025-09-16,P008,Classic range 08,Apparel,S01,Store 01,North,12,1144.53,0.0,False,False,Clear,79,SUP-08,11,0,821.6,False,13734.36,3875.1599999999994
2025-09-17,P008,Classic range 08,Apparel,S01,Store 01,North,19,1144.53,0.0,False,False,Clear,60,SUP-08,11,0,821.6,False,21746.07,6135.669999999999
2025-09-18,P008,Classic range 08,Apparel,S01,Store 01,North,12,1144.53,0.0,False,False,Clear,48,SUP-08,11,0,821.6,False,13734.36,3875.1599999999994
2025-09-19,P008,Classic range 08,Apparel,S01,Store 01,North,16,1144.53,0.0,False,False,Clear,32,SUP-08,11,0,821.6,False,18312.48,5166.879999999999
2025-09-20,P008,Classic range 08,Apparel,S01,Store 01,North,13,1144.53,0.0,False,False,Clear,19,SUP-08,11,0,821.6,False,14878.89,4198.089999999999
2025-09-21,P008,Classic range 08,Apparel,S01,Store 01,North,12,1144.53,0.0,False,False,Clear,7,SUP-08,11,0,821.6,False,13734.36,3875.1599999999994
2025-09-22,P008,Classic range 08,Apparel,S01,Store 01,North,7,1144.53,0.0,False,False,Clear,0,SUP-08,11,0,821.6,True,8011.71,2260.5099999999998
2025-09-23,P008,Classic range 08,Apparel,S01,Store 01,North,0,1144.53,0.0,False,False,Clear,0,SUP-08,11,0,821.6,True,0.0,0.0
2025-09-24,P008,Classic range 08,Apparel,S01,Store 01,North,0,1144.53,0.0,False,False,Clear,0,SUP-08,11,0,821.6,True,0.0,0.0
2025-09-25,P008,Classic range 08,Apparel,S01,Store 01,North,13,1144.53,0.0,False,False,Clear,122,SUP-08,11,0,821.6,False,14878.89,4198.089999999999
2025-09-26,P008,Classic range 08,Apparel,S01,Store 01,North,15,1144.53,0.0,False,False,Clear,107,SUP-08,11,1,821.6,False,17167.95,4843.949999999999
2025-09-27,P008,Classic range 08,Apparel,S01,Store 01,North,16,1087.3,0.05,True,False,Clear,91,SUP-08,11,0,821.6,False,17396.8,4251.199999999999
2025-09-28,P008,Classic range 08,Apparel,S01,Store 01,North,10,1144.53,0.0,False,False,Clear,81,SUP-08,11,0,821.6,False,11445.3,3229.2999999999993
2025-09-29,P008,Classic range 08,Apparel,S01,Store 01,North,14,1144.53,0.0,False,False,Clear,67,SUP-08,11,1,821.6,False,16023.42,4521.0199999999995
2025-09-30,P008,Classic range 08,Apparel,S01,Store 01,North,6,1144.53,0.0,False,False,Clear,61,SUP-08,11,0,821.6,False,6867.18,1937.5799999999997
2025-10-01,P008,Classic range 08,Apparel,S01,Store 01,North,15,1144.53,0.0,False,False,Clear,46,SUP-08,11,0,821.6,False,17167.95,4843.949999999999
2025-10-02,P008,Classic range 08,Apparel,S01,Store 01,North,15,1144.53,0.0,False,True,Rain,31,SUP-08,11,0,821.6,False,17167.95,4843.949999999999
2025-10-03,P008,Classic range 08,Apparel,S01,Store 01,North,12,1144.53,0.0,False,False,Clear,19,SUP-08,11,0,821.6,False,13734.36,3875.1599999999994
2025-10-04,P008,Classic range 08,Apparel,S01,Store 01,North,12,1144.53,0.0,False,False,Clear,7,SUP-08,11,0,821.6,False,13734.36,3875.1599999999994
2025-10-05,P008,Classic range 08,Apparel,S01,Store 01,North,7,1144.53,0.0,False,False,Clear,0,SUP-08,11,0,821.6,True,8011.71,2260.5099999999998
2025-10-06,P008,Classic range 08,Apparel,S01,Store 01,North,14,1144.53,0.0,False,False,Clear,140,SUP-08,11,0,821.6,False,16023.42,4521.0199999999995
2025-10-07,P008,Classic range 08,Apparel,S01,Store 01,North,18,1144.53,0.0,False,False,Rain,122,SUP-08,11,0,821.6,False,20601.54,5812.739999999999
2025-10-08,P008,Classic range 08,Apparel,S01,Store 01,North,25,1144.53,0.0,False,False,Clear,97,SUP-08,11,1,821.6,False,28613.25,8073.249999999999
2025-10-09,P008,Classic range 08,Apparel,S01,Store 01,North,21,1144.53,0.0,False,False,Clear,76,SUP-08,11,0,821.6,False,24035.13,6781.529999999999
2025-10-10,P008,Classic range 08,Apparel,S01,Store 01,North,24,1144.53,0.0,False,False,Clear,52,SUP-08,11,1,821.6,False,27468.72,7750.319999999999
2025-10-11,P008,Classic range 08,Apparel,S01,Store 01,North,23,1144.53,0.0,False,False,Clear,29,SUP-08,11,0,821.6,False,26324.19,7427.3899999999985
2025-10-12,P008,Classic range 08,Apparel,S01,Store 01,North,14,1144.53,0.0,False,False,Clear,15,SUP-08,11,0,821.6,False,16023.42,4521.0199999999995
2025-10-13,P008,Classic range 08,Apparel,S01,Store 01,North,15,1144.53,0.0,False,False,Clear,0,SUP-08,11,1,821.6,True,17167.95,4843.949999999999
2025-10-14,P008,Classic range 08,Apparel,S01,Store 01,North,0,1144.53,0.0,False,False,Clear,0,SUP-08,11,0,821.6,True,0.0,0.0
2025-10-15,P008,Classic range 08,Apparel,S01,Store 01,North,0,1144.53,0.0,False,False,Rain,0,SUP-08,11,0,821.6,True,0.0,0.0
2025-10-16,P008,Classic range 08,Apparel,S01,Store 01,North,0,1144.53,0.0,False,False,Clear,0,SUP-08,11,0,821.6,True,0.0,0.0
2025-10-17,P008,Classic range 08,Apparel,S01,Store 01,North,21,1030.08,0.1,True,False,Rain,111,SUP-08,11,0,821.6,False,21631.68,4378.079999999998
2025-10-18,P008,Classic range 08,Apparel,S01,Store 01,North,20,1144.53,0.0,False,False,Clear,91,SUP-08,11,0,821.6,False,22890.6,6458.5999999999985
2025-10-19,P008,Classic range 08,Apparel,S01,Store 01,North,14,1144.53,0.0,False,False,Clear,77,SUP-08,11,0,821.6,False,16023.42,4521.0199999999995
2025-10-20,P008,Classic range 08,Apparel,S01,Store 01,North,16,972.85,0.15,True,False,Clear,61,SUP-08,11,0,821.6,False,15565.6,2420.0
2025-10-21,P008,Classic range 08,Apparel,S01,Store 01,North,9,1144.53,0.0,False,False,Clear,52,SUP-08,11,0,821.6,False,10300.77,2906.3699999999994
2025-10-22,P008,Classic range 08,Apparel,S01,Store 01,North,14,1144.53,0.0,False,False,Clear,38,SUP-08,11,0,821.6,False,16023.42,4521.0199999999995
2025-10-23,P008,Classic range 08,Apparel,S01,Store 01,North,11,1144.53,0.0,False,False,Clear,27,SUP-08,11,0,821.6,False,12589.83,3552.2299999999996
2025-10-24,P008,Classic range 08,Apparel,S01,Store 01,North,11,1144.53,0.0,False,False,Clear,16,SUP-08,11,0,821.6,False,12589.83,3552.2299999999996
2025-10-25,P008,Classic range 08,Apparel,S01,Store 01,North,15,1144.53,0.0,False,False,Clear,1,SUP-08,11,0,821.6,False,17167.95,4843.949999999999
2025-10-26,P008,Classic range 08,Apparel,S01,Store 01,North,1,915.62,0.2,True,False,Clear,0,SUP-08,11,0,821.6,True,915.62,94.01999999999998
2025-10-27,P008,Classic range 08,Apparel,S01,Store 01,North,0,972.85,0.15,True,False,Clear,0,SUP-08,11,0,821.6,True,0.0,0.0
2025-10-28,P008,Classic range 08,Apparel,S01,Store 01,North,17,1144.53,0.0,False,False,Clear,142,SUP-08,11,0,821.6,False,19457.01,5489.8099999999995
2025-10-29,P008,Classic range 08,Apparel,S01,Store 01,North,15,915.62,0.2,True,False,Clear,127,SUP-08,11,0,821.6,False,13734.3,1410.2999999999997
2025-10-30,P008,Classic range 08,Apparel,S01,Store 01,North,9,1144.53,0.0,False,False,Clear,118,SUP-08,11,0,821.6,False,10300.77,2906.3699999999994
2025-10-31,P008,Classic range 08,Apparel,S01,Store 01,North,9,1144.53,0.0,False,False,Clear,109,SUP-08,11,0,821.6,False,10300.77,2906.3699999999994
2025-11-01,P008,Classic range 08,Apparel,S01,Store 01,North,10,1144.53,0.0,False,False,Rain,99,SUP-08,11,0,821.6,False,11445.3,3229.2999999999993
2025-11-02,P008,Classic range 08,Apparel,S01,Store 01,North,16,1144.53,0.0,False,False,Clear,83,SUP-08,11,0,821.6,False,18312.48,5166.879999999999
2025-11-03,P008,Classic range 08,Apparel,S01,Store 01,North,14,1144.53,0.0,False,False,Clear,69,SUP-08,11,0,821.6,False,16023.42,4521.0199999999995
2025-11-04,P008,Classic range 08,Apparel,S01,Store 01,North,14,972.85,0.15,True,False,Rain,55,SUP-08,11,0,821.6,False,13619.9,2117.5
2025-11-05,P008,Classic range 08,Apparel,S01,Store 01,North,21,1144.53,0.0,False,False,Clear,34,SUP-08,11,0,821.6,False,24035.13,6781.529999999999
2025-11-06,P008,Classic range 08,Apparel,S01,Store 01,North,12,1144.53,0.0,False,False,Clear,22,SUP-08,11,0,821.6,False,13734.36,3875.1599999999994
2025-11-07,P008,Classic range 08,Apparel,S01,Store 01,North,14,1144.53,0.0,False,False,Clear,8,SUP-08,11,0,821.6,False,16023.42,4521.0199999999995
2025-11-08,P008,Classic range 08,Apparel,S01,Store 01,North,16,1144.53,0.0,False,False,Clear,143,SUP-08,11,0,821.6,False,18312.48,5166.879999999999
2025-11-09,P008,Classic range 08,Apparel,S01,Store 01,North,25,1144.53,0.0,False,False,Clear,118,SUP-08,11,0,821.6,False,28613.25,8073.249999999999
2025-11-10,P008,Classic range 08,Apparel,S01,Store 01,North,22,1144.53,0.0,False,False,Clear,96,SUP-08,11,0,821.6,False,25179.66,7104.459999999999
2025-11-11,P008,Classic range 08,Apparel,S01,Store 01,North,7,1144.53,0.0,False,False,Clear,89,SUP-08,11,0,821.6,False,8011.71,2260.5099999999998
2025-11-12,P008,Classic range 08,Apparel,S01,Store 01,North,14,1144.53,0.0,False,False,Clear,75,SUP-08,11,0,821.6,False,16023.42,4521.0199999999995
2025-11-13,P008,Classic range 08,Apparel,S01,Store 01,North,20,1144.53,0.0,False,False,Rain,55,SUP-08,11,0,821.6,False,22890.6,6458.5999999999985
2025-11-14,P008,Classic range 08,Apparel,S01,Store 01,North,12,1144.53,0.0,False,False,Clear,43,SUP-08,11,0,821.6,False,13734.36,3875.1599999999994
2025-11-15,P008,Classic range 08,Apparel,S01,Store 01,North,17,1144.53,0.0,False,False,Clear,26,SUP-08,11,0,821.6,False,19457.01,5489.8099999999995
2025-11-16,P008,Classic range 08,Apparel,S01,Store 01,North,20,1144.53,0.0,False,False,Rain,6,SUP-08,11,0,821.6,False,22890.6,6458.5999999999985
2025-11-17,P008,Classic range 08,Apparel,S01,Store 01,North,6,915.62,0.2,True,False,Rain,0,SUP-08,11,0,821.6,True,5493.72,564.1199999999999
2025-11-18,P008,Classic range 08,Apparel,S01,Store 01,North,0,1144.53,0.0,False,False,Clear,0,SUP-08,11,0,821.6,True,0.0,0.0
2025-11-19,P008,Classic range 08,Apparel,S01,Store 01,North,17,1144.53,0.0,False,False,Clear,139,SUP-08,11,0,821.6,False,19457.01,5489.8099999999995
2025-11-20,P008,Classic range 08,Apparel,S01,Store 01,North,11,1030.08,0.1,True,False,Clear,128,SUP-08,11,0,821.6,False,11330.88,2293.279999999999
2025-11-21,P008,Classic range 08,Apparel,S01,Store 01,North,11,1144.53,0.0,False,False,Clear,117,SUP-08,11,0,821.6,False,12589.83,3552.2299999999996
2025-11-22,P008,Classic range 08,Apparel,S01,Store 01,North,16,1144.53,0.0,False,False,Clear,101,SUP-08,11,0,821.6,False,18312.48,5166.879999999999
2025-11-23,P008,Classic range 08,Apparel,S01,Store 01,North,14,1030.08,0.1,True,False,Clear,87,SUP-08,11,0,821.6,False,14421.119999999999,2918.7199999999984
2025-11-24,P008,Classic range 08,Apparel,S01,Store 01,North,15,1144.53,0.0,False,False,Clear,72,SUP-08,11,1,821.6,False,17167.95,4843.949999999999
2025-11-25,P008,Classic range 08,Apparel,S01,Store 01,North,12,1144.53,0.0,False,False,Clear,60,SUP-08,11,1,821.6,False,13734.36,3875.1599999999994
2025-11-26,P008,Classic range 08,Apparel,S01,Store 01,North,17,1144.53,0.0,False,False,Clear,43,SUP-08,11,0,821.6,False,19457.01,5489.8099999999995
2025-11-27,P008,Classic range 08,Apparel,S01,Store 01,North,10,1144.53,0.0,False,False,Clear,33,SUP-08,11,0,821.6,False,11445.3,3229.2999999999993
2025-11-28,P008,Classic range 08,Apparel,S01,Store 01,North,12,1144.53,0.0,False,False,Clear,21,SUP-08,11,0,821.6,False,13734.36,3875.1599999999994
2025-11-29,P008,Classic range 08,Apparel,S01,Store 01,North,21,972.85,0.15,True,False,Clear,0,SUP-08,11,0,821.6,False,20429.850000000002,3176.25
2025-11-30,P008,Classic range 08,Apparel,S01,Store 01,North,17,915.62,0.2,True,False,Clear,119,SUP-08,11,0,821.6,False,15565.54,1598.3399999999997
2025-12-01,P008,Classic range 08,Apparel,S01,Store 01,North,17,1144.53,0.0,False,False,Clear,102,SUP-08,11,0,821.6,False,19457.01,5489.8099999999995
2025-12-02,P008,Classic range 08,Apparel,S01,Store 01,North,18,1144.53,0.0,False,False,Clear,84,SUP-08,11,0,821.6,False,20601.54,5812.739999999999
2025-12-03,P008,Classic range 08,Apparel,S01,Store 01,North,19,1144.53,0.0,False,False,Clear,65,SUP-08,11,0,821.6,False,21746.07,6135.669999999999
2025-12-04,P008,Classic range 08,Apparel,S01,Store 01,North,9,1144.53,0.0,False,False,Clear,56,SUP-08,11,0,821.6,False,10300.77,2906.3699999999994
2025-12-05,P008,Classic range 08,Apparel,S01,Store 01,North,19,1144.53,0.0,False,False,Clear,37,SUP-08,11,0,821.6,False,21746.07,6135.669999999999
2025-12-06,P008,Classic range 08,Apparel,S01,Store 01,North,22,1144.53,0.0,False,False,Clear,15,SUP-08,11,0,821.6,False,25179.66,7104.459999999999
2025-12-07,P008,Classic range 08,Apparel,S01,Store 01,North,15,1087.3,0.05,True,False,Clear,0,SUP-08,11,0,821.6,True,16309.5,3985.499999999999
2025-12-08,P008,Classic range 08,Apparel,S01,Store 01,North,0,1144.53,0.0,False,False,Clear,0,SUP-08,11,0,821.6,True,0.0,0.0
2025-12-09,P008,Classic range 08,Apparel,S01,Store 01,North,0,1144.53,0.0,False,False,Rain,0,SUP-08,11,0,821.6,True,0.0,0.0
2025-12-10,P008,Classic range 08,Apparel,S01,Store 01,North,0,1144.53,0.0,False,False,Clear,0,SUP-08,11,0,821.6,True,0.0,0.0
2025-12-11,P008,Classic range 08,Apparel,S01,Store 01,North,17,1144.53,0.0,False,False,Clear,114,SUP-08,11,1,821.6,False,19457.01,5489.8099999999995
2025-12-12,P008,Classic range 08,Apparel,S01,Store 01,North,7,1144.53,0.0,False,False,Clear,107,SUP-08,11,0,821.6,False,8011.71,2260.5099999999998
2025-12-13,P008,Classic range 08,Apparel,S01,Store 01,North,20,972.85,0.15,True,False,Clear,87,SUP-08,11,0,821.6,False,19457.0,3025.0
2025-12-14,P008,Classic range 08,Apparel,S01,Store 01,North,29,1144.53,0.0,False,False,Clear,58,SUP-08,11,0,821.6,False,33191.37,9364.97
2025-12-15,P008,Classic range 08,Apparel,S01,Store 01,North,17,1144.53,0.0,False,False,Clear,41,SUP-08,11,0,821.6,False,19457.01,5489.8099999999995
2025-12-16,P008,Classic range 08,Apparel,S01,Store 01,North,22,1144.53,0.0,False,False,Rain,19,SUP-08,11,0,821.6,False,25179.66,7104.459999999999
2025-12-17,P008,Classic range 08,Apparel,S01,Store 01,North,19,1144.53,0.0,False,False,Clear,0,SUP-08,11,1,821.6,False,21746.07,6135.669999999999
2025-12-18,P008,Classic range 08,Apparel,S01,Store 01,North,0,1144.53,0.0,False,False,Clear,0,SUP-08,11,0,821.6,True,0.0,0.0
2025-12-19,P008,Classic range 08,Apparel,S01,Store 01,North,0,972.85,0.15,True,False,Clear,0,SUP-08,11,0,821.6,True,0.0,0.0
2025-12-20,P008,Classic range 08,Apparel,S01,Store 01,North,0,1144.53,0.0,False,False,Clear,0,SUP-08,11,0,821.6,True,0.0,0.0
2025-12-21,P008,Classic range 08,Apparel,S01,Store 01,North,0,1144.53,0.0,False,False,Clear,0,SUP-08,11,0,821.6,True,0.0,0.0
2025-12-22,P008,Classic range 08,Apparel,S01,Store 01,North,15,1144.53,0.0,False,False,Clear,145,SUP-08,11,0,821.6,False,17167.95,4843.949999999999
2025-12-23,P008,Classic range 08,Apparel,S01,Store 01,North,11,1144.53,0.0,False,False,Clear,134,SUP-08,11,0,821.6,False,12589.83,3552.2299999999996
2025-12-24,P008,Classic range 08,Apparel,S01,Store 01,North,11,1144.53,0.0,False,False,Clear,123,SUP-08,11,0,821.6,False,12589.83,3552.2299999999996
2025-12-25,P008,Classic range 08,Apparel,S01,Store 01,North,10,1144.53,0.0,False,True,Clear,113,SUP-08,11,0,821.6,False,11445.3,3229.2999999999993
2025-12-26,P008,Classic range 08,Apparel,S01,Store 01,North,10,1144.53,0.0,False,False,Clear,103,SUP-08,11,1,821.6,False,11445.3,3229.2999999999993
2025-12-27,P008,Classic range 08,Apparel,S01,Store 01,North,18,1144.53,0.0,False,False,Clear,85,SUP-08,11,0,821.6,False,20601.54,5812.739999999999
2025-12-28,P008,Classic range 08,Apparel,S01,Store 01,North,15,1144.53,0.0,False,False,Clear,70,SUP-08,11,0,821.6,False,17167.95,4843.949999999999
2025-12-29,P008,Classic range 08,Apparel,S01,Store 01,North,10,1144.53,0.0,False,False,Clear,60,SUP-08,11,0,821.6,False,11445.3,3229.2999999999993
2025-12-30,P008,Classic range 08,Apparel,S01,Store 01,North,15,1144.53,0.0,False,False,Rain,45,SUP-08,11,0,821.6,False,17167.95,4843.949999999999
2025-12-31,P008,Classic range 08,Apparel,S01,Store 01,North,17,1030.08,0.1,True,False,Clear,28,SUP-08,11,0,821.6,False,17511.36,3544.1599999999985
2025-09-03,P008,Classic range 08,Apparel,S02,Store 02,South,4,1144.53,0.0,False,False,Clear,108,SUP-08,11,0,821.6,False,4578.12,1291.7199999999998
2025-09-04,P008,Classic range 08,Apparel,S02,Store 02,South,8,1144.53,0.0,False,False,Clear,100,SUP-08,11,0,821.6,False,9156.24,2583.4399999999996
2025-09-05,P008,Classic range 08,Apparel,S02,Store 02,South,10,1144.53,0.0,False,False,Clear,90,SUP-08,11,0,821.6,False,11445.3,3229.2999999999993
2025-09-06,P008,Classic range 08,Apparel,S02,Store 02,South,17,1144.53,0.0,False,False,Clear,73,SUP-08,11,0,821.6,False,19457.01,5489.8099999999995
2025-09-07,P008,Classic range 08,Apparel,S02,Store 02,South,10,1144.53,0.0,False,False,Clear,63,SUP-08,11,0,821.6,False,11445.3,3229.2999999999993
2025-09-08,P008,Classic range 08,Apparel,S02,Store 02,South,8,1144.53,0.0,False,False,Clear,55,SUP-08,11,0,821.6,False,9156.24,2583.4399999999996
2025-09-09,P008,Classic range 08,Apparel,S02,Store 02,South,8,1144.53,0.0,False,False,Clear,47,SUP-08,11,1,821.6,False,9156.24,2583.4399999999996
2025-09-10,P008,Classic range 08,Apparel,S02,Store 02,South,15,1144.53,0.0,False,False,Clear,32,SUP-08,11,1,821.6,False,17167.95,4843.949999999999
2025-09-11,P008,Classic range 08,Apparel,S02,Store 02,South,11,1144.53,0.0,False,False,Clear,21,SUP-08,11,0,821.6,False,12589.83,3552.2299999999996
2025-09-12,P008,Classic range 08,Apparel,S02,Store 02,South,8,1144.53,0.0,False,False,Clear,13,SUP-08,11,0,821.6,False,9156.24,2583.4399999999996
2025-09-13,P008,Classic range 08,Apparel,S02,Store 02,South,13,1144.53,0.0,False,False,Clear,0,SUP-08,11,1,821.6,True,14878.89,4198.089999999999
2025-09-14,P008,Classic range 08,Apparel,S02,Store 02,South,18,1144.53,0.0,False,False,Rain,95,SUP-08,11,0,821.6,False,20601.54,5812.739999999999
2025-09-15,P008,Classic range 08,Apparel,S02,Store 02,South,16,1087.3,0.05,True,False,Rain,79,SUP-08,11,0,821.6,False,17396.8,4251.199999999999
2025-09-16,P008,Classic range 08,Apparel,S02,Store 02,South,17,1144.53,0.0,False,False,Clear,62,SUP-08,11,1,821.6,False,19457.01,5489.8099999999995
2025-09-17,P008,Classic range 08,Apparel,S02,Store 02,South,13,1144.53,0.0,False,False,Clear,49,SUP-08,11,1,821.6,False,14878.89,4198.089999999999
2025-09-18,P008,Classic range 08,Apparel,S02,Store 02,South,9,1144.53,0.0,False,False,Clear,40,SUP-08,11,0,821.6,False,10300.77,2906.3699999999994
2025-09-19,P008,Classic range 08,Apparel,S02,Store 02,South,10,1144.53,0.0,False,False,Clear,30,SUP-08,11,0,821.6,False,11445.3,3229.2999999999993
2025-09-20,P008,Classic range 08,Apparel,S02,Store 02,South,9,1144.53,0.0,False,False,Clear,21,SUP-08,11,0,821.6,False,10300.77,2906.3699999999994
2025-09-21,P008,Classic range 08,Apparel,S02,Store 02,South,3,1144.53,0.0,False,False,Clear,18,SUP-08,11,0,821.6,False,3433.59,968.7899999999998
2025-09-22,P008,Classic range 08,Apparel,S02,Store 02,South,11,1144.53,0.0,False,False,Clear,7,SUP-08,11,0,821.6,False,12589.83,3552.2299999999996
2025-09-23,P008,Classic range 08,Apparel,S02,Store 02,South,7,1144.53,0.0,False,False,Clear,0,SUP-08,11,0,821.6,True,8011.71,2260.5099999999998
2025-09-24,P008,Classic range 08,Apparel,S02,Store 02,South,0,1144.53,0.0,False,False,Clear,0,SUP-08,11,0,821.6,True,0.0,0.0
2025-09-25,P008,Classic range 08,Apparel,S02,Store 02,South,6,1144.53,0.0,False,False,Clear,118,SUP-08,11,0,821.6,False,6867.18,1937.5799999999997
2025-09-26,P008,Classic range 08,Apparel,S02,Store 02,South,7,1144.53,0.0,False,False,Clear,111,SUP-08,11,0,821.6,False,8011.71,2260.5099999999998
2025-09-27,P008,Classic range 08,Apparel,S02,Store 02,South,7,1144.53,0.0,False,False,Clear,104,SUP-08,11,0,821.6,False,8011.71,2260.5099999999998
2025-09-28,P008,Classic range 08,Apparel,S02,Store 02,South,7,1144.53,0.0,False,False,Clear,97,SUP-08,11,0,821.6,False,8011.71,2260.5099999999998
2025-09-29,P008,Classic range 08,Apparel,S02,Store 02,South,11,1144.53,0.0,False,False,Clear,86,SUP-08,11,1,821.6,False,12589.83,3552.2299999999996
2025-09-30,P008,Classic range 08,Apparel,S02,Store 02,South,18,1144.53,0.0,False,False,Clear,68,SUP-08,11,0,821.6,False,20601.54,5812.739999999999
2025-10-01,P008,Classic range 08,Apparel,S02,Store 02,South,5,1144.53,0.0,False,False,Clear,63,SUP-08,11,0,821.6,False,5722.65,1614.6499999999996
2025-10-02,P008,Classic range 08,Apparel,S02,Store 02,South,19,1144.53,0.0,False,True,Rain,44,SUP-08,11,0,821.6,False,21746.07,6135.669999999999
2025-10-03,P008,Classic range 08,Apparel,S02,Store 02,South,7,1144.53,0.0,False,False,Clear,37,SUP-08,11,0,821.6,False,8011.71,2260.5099999999998
2025-10-04,P008,Classic range 08,Apparel,S02,Store 02,South,13,915.62,0.2,True,False,Clear,24,SUP-08,11,0,821.6,False,11903.06,1222.2599999999998
2025-10-05,P008,Classic range 08,Apparel,S02,Store 02,South,7,1144.53,0.0,False,False,Clear,17,SUP-08,11,1,821.6,False,8011.71,2260.5099999999998
2025-10-06,P008,Classic range 08,Apparel,S02,Store 02,South,7,1144.53,0.0,False,False,Clear,137,SUP-08,11,0,821.6,False,8011.71,2260.5099999999998
2025-10-07,P008,Classic range 08,Apparel,S02,Store 02,South,17,1144.53,0.0,False,False,Clear,120,SUP-08,11,0,821.6,False,19457.01,5489.8099999999995
2025-10-08,P008,Classic range 08,Apparel,S02,Store 02,South,11,1144.53,0.0,False,False,Clear,109,SUP-08,11,0,821.6,False,12589.83,3552.2299999999996
2025-10-09,P008,Classic range 08,Apparel,S02,Store 02,South,17,1087.3,0.05,True,False,Clear,92,SUP-08,11,0,821.6,False,18484.1,4516.899999999999
2025-10-10,P008,Classic range 08,Apparel,S02,Store 02,South,9,1144.53,0.0,False,False,Rain,83,SUP-08,11,0,821.6,False,10300.77,2906.3699999999994
2025-10-11,P008,Classic range 08,Apparel,S02,Store 02,South,14,1144.53,0.0,False,False,Clear,69,SUP-08,11,2,821.6,False,16023.42,4521.0199999999995
2025-10-12,P008,Classic range 08,Apparel,S02,Store 02,South,18,1144.53,0.0,False,False,Clear,51,SUP-08,11,0,821.6,False,20601.54,5812.739999999999
2025-10-13,P008,Classic range 08,Apparel,S02,Store 02,South,15,1144.53,0.0,False,False,Clear,36,SUP-08,11,1,821.6,False,17167.95,4843.949999999999
2025-10-14,P008,Classic range 08,Apparel,S02,Store 02,South,10,1144.53,0.0,False,False,Clear,26,SUP-08,11,0,821.6,False,11445.3,3229.2999999999993
2025-10-15,P008,Classic range 08,Apparel,S02,Store 02,South,9,1144.53,0.0,False,False,Clear,17,SUP-08,11,0,821.6,False,10300.77,2906.3699999999994
2025-10-16,P008,Classic range 08,Apparel,S02,Store 02,South,12,1144.53,0.0,False,False,Clear,5,SUP-08,11,0,821.6,False,13734.36,3875.1599999999994
2025-10-17,P008,Classic range 08,Apparel,S02,Store 02,South,8,1144.53,0.0,False,False,Rain,109,SUP-08,11,0,821.6,False,9156.24,2583.4399999999996
2025-10-18,P008,Classic range 08,Apparel,S02,Store 02,South,9,1144.53,0.0,False,False,Clear,100,SUP-08,11,0,821.6,False,10300.77,2906.3699999999994
2025-10-19,P008,Classic range 08,Apparel,S02,Store 02,South,16,1144.53,0.0,False,False,Clear,84,SUP-08,11,1,821.6,False,18312.48,5166.879999999999
2025-10-20,P008,Classic range 08,Apparel,S02,Store 02,South,6,1144.53,0.0,False,False,Clear,78,SUP-08,11,0,821.6,False,6867.18,1937.5799999999997
2025-10-21,P008,Classic range 08,Apparel,S02,Store 02,South,13,915.62,0.2,True,False,Clear,65,SUP-08,11,0,821.6,False,11903.06,1222.2599999999998
2025-10-22,P008,Classic range 08,Apparel,S02,Store 02,South,10,1030.08,0.1,True,False,Clear,55,SUP-08,11,0,821.6,False,10300.8,2084.7999999999993
2025-10-23,P008,Classic range 08,Apparel,S02,Store 02,South,4,1144.53,0.0,False,False,Clear,51,SUP-08,11,0,821.6,False,4578.12,1291.7199999999998
2025-10-24,P008,Classic range 08,Apparel,S02,Store 02,South,10,1144.53,0.0,False,False,Clear,41,SUP-08,11,0,821.6,False,11445.3,3229.2999999999993
2025-10-25,P008,Classic range 08,Apparel,S02,Store 02,South,13,915.62,0.2,True,False,Clear,28,SUP-08,11,1,821.6,False,11903.06,1222.2599999999998
2025-10-26,P008,Classic range 08,Apparel,S02,Store 02,South,9,1144.53,0.0,False,False,Clear,19,SUP-08,11,0,821.6,False,10300.77,2906.3699999999994
2025-10-27,P008,Classic range 08,Apparel,S02,Store 02,South,14,1144.53,0.0,False,False,Clear,5,SUP-08,11,0,821.6,False,16023.42,4521.0199999999995
2025-10-28,P008,Classic range 08,Apparel,S02,Store 02,South,4,1144.53,0.0,False,False,Clear,122,SUP-08,11,0,821.6,False,4578.12,1291.7199999999998
2025-10-29,P008,Classic range 08,Apparel,S02,Store 02,South,9,1144.53,0.0,False,False,Clear,113,SUP-08,11,0,821.6,False,10300.77,2906.3699999999994
2025-10-30,P008,Classic range 08,Apparel,S02,Store 02,South,10,1144.53,0.0,False,False,Clear,103,SUP-08,11,0,821.6,False,11445.3,3229.2999999999993
2025-10-31,P008,Classic range 08,Apparel,S02,Store 02,South,12,1144.53,0.0,False,False,Clear,91,SUP-08,11,1,821.6,False,13734.36,3875.1599999999994
2025-11-01,P008,Classic range 08,Apparel,S02,Store 02,South,17,1144.53,0.0,False,False,Clear,74,SUP-08,11,0,821.6,False,19457.01,5489.8099999999995
2025-11-02,P008,Classic range 08,Apparel,S02,Store 02,South,10,1144.53,0.0,False,False,Clear,64,SUP-08,11,0,821.6,False,11445.3,3229.2999999999993
2025-11-03,P008,Classic range 08,Apparel,S02,Store 02,South,13,1144.53,0.0,False,False,Clear,51,SUP-08,11,0,821.6,False,14878.89,4198.089999999999
2025-11-04,P008,Classic range 08,Apparel,S02,Store 02,South,6,1144.53,0.0,False,False,Clear,45,SUP-08,11,0,821.6,False,6867.18,1937.5799999999997
2025-11-05,P008,Classic range 08,Apparel,S02,Store 02,South,7,1144.53,0.0,False,False,Rain,38,SUP-08,11,0,821.6,False,8011.71,2260.5099999999998
2025-11-06,P008,Classic range 08,Apparel,S02,Store 02,South,8,1144.53,0.0,False,False,Clear,30,SUP-08,11,0,821.6,False,9156.24,2583.4399999999996
2025-11-07,P008,Classic range 08,Apparel,S02,Store 02,South,5,1144.53,0.0,False,False,Clear,25,SUP-08,11,0,821.6,False,5722.65,1614.6499999999996
2025-11-08,P008,Classic range 08,Apparel,S02,Store 02,South,12,1144.53,0.0,False,False,Clear,124,SUP-08,11,0,821.6,False,13734.36,3875.1599999999994
2025-11-09,P008,Classic range 08,Apparel,S02,Store 02,South,14,1144.53,0.0,False,False,Rain,110,SUP-08,11,0,821.6,False,16023.42,4521.0199999999995
2025-11-10,P008,Classic range 08,Apparel,S02,Store 02,South,6,1144.53,0.0,False,False,Clear,104,SUP-08,11,0,821.6,False,6867.18,1937.5799999999997
2025-11-11,P008,Classic range 08,Apparel,S02,Store 02,South,8,1144.53,0.0,False,False,Clear,96,SUP-08,11,0,821.6,False,9156.24,2583.4399999999996
2025-11-12,P008,Classic range 08,Apparel,S02,Store 02,South,11,1144.53,0.0,False,False,Rain,85,SUP-08,11,0,821.6,False,12589.83,3552.2299999999996
2025-11-13,P008,Classic range 08,Apparel,S02,Store 02,South,13,1144.53,0.0,False,False,Clear,72,SUP-08,11,0,821.6,False,14878.89,4198.089999999999
2025-11-14,P008,Classic range 08,Apparel,S02,Store 02,South,9,1144.53,0.0,False,False,Clear,63,SUP-08,11,0,821.6,False,10300.77,2906.3699999999994
2025-11-15,P008,Classic range 08,Apparel,S02,Store 02,South,17,915.62,0.2,True,False,Clear,46,SUP-08,11,1,821.6,False,15565.54,1598.3399999999997
2025-11-16,P008,Classic range 08,Apparel,S02,Store 02,South,16,1144.53,0.0,False,False,Clear,30,SUP-08,11,0,821.6,False,18312.48,5166.879999999999
2025-11-17,P008,Classic range 08,Apparel,S02,Store 02,South,9,1144.53,0.0,False,False,Clear,21,SUP-08,11,1,821.6,False,10300.77,2906.3699999999994
2025-11-18,P008,Classic range 08,Apparel,S02,Store 02,South,15,1144.53,0.0,False,False,Clear,6,SUP-08,11,0,821.6,False,17167.95,4843.949999999999
2025-11-19,P008,Classic range 08,Apparel,S02,Store 02,South,11,1144.53,0.0,False,False,Clear,101,SUP-08,11,0,821.6,False,12589.83,3552.2299999999996
2025-11-20,P008,Classic range 08,Apparel,S02,Store 02,South,10,1144.53,0.0,False,False,Rain,91,SUP-08,11,0,821.6,False,11445.3,3229.2999999999993
2025-11-21,P008,Classic range 08,Apparel,S02,Store 02,South,15,1144.53,0.0,False,False,Clear,76,SUP-08,11,1,821.6,False,17167.95,4843.949999999999
2025-11-22,P008,Classic range 08,Apparel,S02,Store 02,South,17,1144.53,0.0,False,False,Clear,59,SUP-08,11,0,821.6,False,19457.01,5489.8099999999995
2025-11-23,P008,Classic range 08,Apparel,S02,Store 02,South,10,1144.53,0.0,False,False,Rain,49,SUP-08,11,0,821.6,False,11445.3,3229.2999999999993
2025-11-24,P008,Classic range 08,Apparel,S02,Store 02,South,12,1144.53,0.0,False,False,Clear,37,SUP-08,11,0,821.6,False,13734.36,3875.1599999999994
2025-11-25,P008,Classic range 08,Apparel,S02,Store 02,South,7,1144.53,0.0,False,False,Clear,30,SUP-08,11,0,821.6,False,8011.71,2260.5099999999998
2025-11-26,P008,Classic range 08,Apparel,S02,Store 02,South,12,1144.53,0.0,False,False,Clear,18,SUP-08,11,0,821.6,False,13734.36,3875.1599999999994
2025-11-27,P008,Classic range 08,Apparel,S02,Store 02,South,9,1144.53,0.0,False,False,Clear,9,SUP-08,11,0,821.6,False,10300.77,2906.3699999999994
2025-11-28,P008,Classic range 08,Apparel,S02,Store 02,South,9,1144.53,0.0,False,False,Clear,0,SUP-08,11,0,821.6,False,10300.77,2906.3699999999994
2025-11-29,P008,Classic range 08,Apparel,S02,Store 02,South,0,1144.53,0.0,False,False,Clear,0,SUP-08,11,0,821.6,True,0.0,0.0
2025-11-30,P008,Classic range 08,Apparel,S02,Store 02,South,14,1144.53,0.0,False,False,Clear,107,SUP-08,11,0,821.6,False,16023.42,4521.0199999999995
2025-12-01,P008,Classic range 08,Apparel,S02,Store 02,South,10,1144.53,0.0,False,False,Clear,97,SUP-08,11,1,821.6,False,11445.3,3229.2999999999993
2025-12-02,P008,Classic range 08,Apparel,S02,Store 02,South,9,1144.53,0.0,False,False,Clear,88,SUP-08,11,0,821.6,False,10300.77,2906.3699999999994
2025-12-03,P008,Classic range 08,Apparel,S02,Store 02,South,13,1144.53,0.0,False,False,Clear,75,SUP-08,11,1,821.6,False,14878.89,4198.089999999999
2025-12-04,P008,Classic range 08,Apparel,S02,Store 02,South,9,1144.53,0.0,False,False,Clear,66,SUP-08,11,0,821.6,False,10300.77,2906.3699999999994
2025-12-05,P008,Classic range 08,Apparel,S02,Store 02,South,15,1144.53,0.0,False,False,Clear,51,SUP-08,11,0,821.6,False,17167.95,4843.949999999999
2025-12-06,P008,Classic range 08,Apparel,S02,Store 02,South,12,972.85,0.15,True,False,Rain,39,SUP-08,11,1,821.6,False,11674.2,1815.0
2025-12-07,P008,Classic range 08,Apparel,S02,Store 02,South,15,1144.53,0.0,False,False,Clear,24,SUP-08,11,1,821.6,False,17167.95,4843.949999999999
2025-12-08,P008,Classic range 08,Apparel,S02,Store 02,South,10,1144.53,0.0,False,False,Clear,14,SUP-08,11,1,821.6,False,11445.3,3229.2999999999993
2025-12-09,P008,Classic range 08,Apparel,S02,Store 02,South,10,1144.53,0.0,False,False,Clear,4,SUP-08,11,0,821.6,False,11445.3,3229.2999999999993
2025-12-10,P008,Classic range 08,Apparel,S02,Store 02,South,4,1144.53,0.0,False,False,Rain,0,SUP-08,11,0,821.6,True,4578.12,1291.7199999999998
2025-12-11,P008,Classic range 08,Apparel,S02,Store 02,South,12,1144.53,0.0,False,False,Clear,100,SUP-08,11,0,821.6,False,13734.36,3875.1599999999994
2025-12-12,P008,Classic range 08,Apparel,S02,Store 02,South,14,1144.53,0.0,False,False,Rain,86,SUP-08,11,0,821.6,False,16023.42,4521.0199999999995
2025-12-13,P008,Classic range 08,Apparel,S02,Store 02,South,12,1144.53,0.0,False,False,Clear,74,SUP-08,11,1,821.6,False,13734.36,3875.1599999999994
2025-12-14,P008,Classic range 08,Apparel,S02,Store 02,South,13,1144.53,0.0,False,False,Clear,61,SUP-08,11,0,821.6,False,14878.89,4198.089999999999
2025-12-15,P008,Classic range 08,Apparel,S02,Store 02,South,11,1144.53,0.0,False,False,Clear,50,SUP-08,11,0,821.6,False,12589.83,3552.2299999999996
2025-12-16,P008,Classic range 08,Apparel,S02,Store 02,South,15,1030.08,0.1,True,False,Clear,35,SUP-08,11,0,821.6,False,15451.199999999999,3127.1999999999985
2025-12-17,P008,Classic range 08,Apparel,S02,Store 02,South,11,1144.53,0.0,False,False,Clear,24,SUP-08,11,0,821.6,False,12589.83,3552.2299999999996
2025-12-18,P008,Classic range 08,Apparel,S02,Store 02,South,9,1144.53,0.0,False,False,Clear,15,SUP-08,11,0,821.6,False,10300.77,2906.3699999999994
2025-12-19,P008,Classic range 08,Apparel,S02,Store 02,South,12,1144.53,0.0,False,False,Clear,3,SUP-08,11,0,821.6,False,13734.36,3875.1599999999994
2025-12-20,P008,Classic range 08,Apparel,S02,Store 02,South,3,1144.53,0.0,False,False,Rain,0,SUP-08,11,0,821.6,True,3433.59,968.7899999999998
2025-12-21,P008,Classic range 08,Apparel,S02,Store 02,South,0,1144.53,0.0,False,False,Clear,0,SUP-08,11,0,821.6,True,0.0,0.0
2025-12-22,P008,Classic range 08,Apparel,S02,Store 02,South,5,1144.53,0.0,False,False,Clear,121,SUP-08,11,0,821.6,False,5722.65,1614.6499999999996
2025-12-23,P008,Classic range 08,Apparel,S02,Store 02,South,5,1144.53,0.0,False,False,Clear,116,SUP-08,11,0,821.6,False,5722.65,1614.6499999999996
2025-12-24,P008,Classic range 08,Apparel,S02,Store 02,South,10,1144.53,0.0,False,False,Clear,106,SUP-08,11,0,821.6,False,11445.3,3229.2999999999993
2025-12-25,P008,Classic range 08,Apparel,S02,Store 02,South,13,1144.53,0.0,False,True,Clear,93,SUP-08,11,1,821.6,False,14878.89,4198.089999999999
2025-12-26,P008,Classic range 08,Apparel,S02,Store 02,South,5,1144.53,0.0,False,False,Clear,88,SUP-08,11,0,821.6,False,5722.65,1614.6499999999996
2025-12-27,P008,Classic range 08,Apparel,S02,Store 02,South,9,1144.53,0.0,False,False,Clear,79,SUP-08,11,0,821.6,False,10300.77,2906.3699999999994
2025-12-28,P008,Classic range 08,Apparel,S02,Store 02,South,8,972.85,0.15,True,False,Clear,71,SUP-08,11,0,821.6,False,7782.8,1210.0
2025-12-29,P008,Classic range 08,Apparel,S02,Store 02,South,8,1144.53,0.0,False,False,Clear,63,SUP-08,11,0,821.6,False,9156.24,2583.4399999999996
2025-12-30,P008,Classic range 08,Apparel,S02,Store 02,South,18,1144.53,0.0,False,False,Clear,45,SUP-08,11,0,821.6,False,20601.54,5812.739999999999
2025-12-31,P008,Classic range 08,Apparel,S02,Store 02,South,9,1144.53,0.0,False,False,Clear,36,SUP-08,11,0,821.6,False,10300.77,2906.3699999999994
2025-09-03,P008,Classic range 08,Apparel,S03,Store 03,East,10,1144.53,0.0,False,False,Clear,167,SUP-08,7,0,821.6,False,11445.3,3229.2999999999993
2025-09-04,P008,Classic range 08,Apparel,S03,Store 03,East,10,1144.53,0.0,False,False,Clear,157,SUP-08,7,1,821.6,False,11445.3,3229.2999999999993
2025-09-05,P008,Classic range 08,Apparel,S03,Store 03,East,8,1087.3,0.05,True,False,Clear,149,SUP-08,7,0,821.6,False,8698.4,2125.5999999999995
2025-09-06,P008,Classic range 08,Apparel,S03,Store 03,East,10,1144.53,0.0,False,False,Clear,139,SUP-08,7,0,821.6,False,11445.3,3229.2999999999993
2025-09-07,P008,Classic range 08,Apparel,S03,Store 03,East,13,1144.53,0.0,False,False,Clear,126,SUP-08,7,0,821.6,False,14878.89,4198.089999999999
2025-09-08,P008,Classic range 08,Apparel,S03,Store 03,East,10,1144.53,0.0,False,False,Clear,116,SUP-08,7,0,821.6,False,11445.3,3229.2999999999993
2025-09-09,P008,Classic range 08,Apparel,S03,Store 03,East,8,1144.53,0.0,False,False,Clear,108,SUP-08,7,0,821.6,False,9156.24,2583.4399999999996
2025-09-10,P008,Classic range 08,Apparel,S03,Store 03,East,11,1144.53,0.0,False,False,Clear,174,SUP-08,7,0,821.6,False,12589.83,3552.2299999999996
2025-09-11,P008,Classic range 08,Apparel,S03,Store 03,East,11,1144.53,0.0,False,False,Clear,163,SUP-08,7,0,821.6,False,12589.83,3552.2299999999996
2025-09-12,P008,Classic range 08,Apparel,S03,Store 03,East,12,1144.53,0.0,False,False,Rain,151,SUP-08,7,0,821.6,False,13734.36,3875.1599999999994
2025-09-13,P008,Classic range 08,Apparel,S03,Store 03,East,15,1144.53,0.0,False,False,Clear,136,SUP-08,7,0,821.6,False,17167.95,4843.949999999999
2025-09-14,P008,Classic range 08,Apparel,S03,Store 03,East,17,1144.53,0.0,False,False,Clear,119,SUP-08,7,0,821.6,False,19457.01,5489.8099999999995
2025-09-15,P008,Classic range 08,Apparel,S03,Store 03,East,10,1144.53,0.0,False,False,Clear,109,SUP-08,7,0,821.6,False,11445.3,3229.2999999999993
2025-09-16,P008,Classic range 08,Apparel,S03,Store 03,East,9,915.62,0.2,True,False,Clear,100,SUP-08,7,0,821.6,False,8240.58,846.1799999999998
2025-09-17,P008,Classic range 08,Apparel,S03,Store 03,East,13,1144.53,0.0,False,False,Rain,155,SUP-08,7,0,821.6,False,14878.89,4198.089999999999
2025-09-18,P008,Classic range 08,Apparel,S03,Store 03,East,7,1144.53,0.0,False,False,Clear,148,SUP-08,7,0,821.6,False,8011.71,2260.5099999999998
2025-09-19,P008,Classic range 08,Apparel,S03,Store 03,East,13,1144.53,0.0,False,False,Clear,135,SUP-08,7,0,821.6,False,14878.89,4198.089999999999
2025-09-20,P008,Classic range 08,Apparel,S03,Store 03,East,11,1144.53,0.0,False,False,Clear,124,SUP-08,7,1,821.6,False,12589.83,3552.2299999999996
2025-09-21,P008,Classic range 08,Apparel,S03,Store 03,East,10,1144.53,0.0,False,False,Rain,114,SUP-08,7,0,821.6,False,11445.3,3229.2999999999993
2025-09-22,P008,Classic range 08,Apparel,S03,Store 03,East,10,1144.53,0.0,False,False,Clear,104,SUP-08,7,0,821.6,False,11445.3,3229.2999999999993
2025-09-23,P008,Classic range 08,Apparel,S03,Store 03,East,5,1144.53,0.0,False,False,Clear,99,SUP-08,7,0,821.6,False,5722.65,1614.6499999999996
2025-09-24,P008,Classic range 08,Apparel,S03,Store 03,East,18,1144.53,0.0,False,False,Clear,156,SUP-08,7,0,821.6,False,20601.54,5812.739999999999
2025-09-25,P008,Classic range 08,Apparel,S03,Store 03,East,17,1144.53,0.0,False,False,Clear,139,SUP-08,7,1,821.6,False,19457.01,5489.8099999999995
2025-09-26,P008,Classic range 08,Apparel,S03,Store 03,East,6,1144.53,0.0,False,False,Clear,133,SUP-08,7,0,821.6,False,6867.18,1937.5799999999997
2025-09-27,P008,Classic range 08,Apparel,S03,Store 03,East,11,1144.53,0.0,False,False,Clear,122,SUP-08,7,0,821.6,False,12589.83,3552.2299999999996
2025-09-28,P008,Classic range 08,Apparel,S03,Store 03,East,10,1144.53,0.0,False,False,Clear,112,SUP-08,7,0,821.6,False,11445.3,3229.2999999999993
2025-09-29,P008,Classic range 08,Apparel,S03,Store 03,East,11,1144.53,0.0,False,False,Rain,101,SUP-08,7,0,821.6,False,12589.83,3552.2299999999996
2025-09-30,P008,Classic range 08,Apparel,S03,Store 03,East,12,1144.53,0.0,False,False,Clear,89,SUP-08,7,0,821.6,False,13734.36,3875.1599999999994
2025-10-01,P008,Classic range 08,Apparel,S03,Store 03,East,4,1144.53,0.0,False,False,Clear,164,SUP-08,7,1,821.6,False,4578.12,1291.7199999999998
2025-10-02,P008,Classic range 08,Apparel,S03,Store 03,East,11,1144.53,0.0,False,True,Clear,153,SUP-08,7,0,821.6,False,12589.83,3552.2299999999996
2025-10-03,P008,Classic range 08,Apparel,S03,Store 03,East,16,915.62,0.2,True,False,Clear,137,SUP-08,7,0,821.6,False,14649.92,1504.3199999999997
2025-10-04,P008,Classic range 08,Apparel,S03,Store 03,East,14,1144.53,0.0,False,False,Clear,123,SUP-08,7,0,821.6,False,16023.42,4521.0199999999995
2025-10-05,P008,Classic range 08,Apparel,S03,Store 03,East,11,1144.53,0.0,False,False,Clear,112,SUP-08,7,0,821.6,False,12589.83,3552.2299999999996
2025-10-06,P008,Classic range 08,Apparel,S03,Store 03,East,7,1144.53,0.0,False,False,Clear,105,SUP-08,7,0,821.6,False,8011.71,2260.5099999999998
2025-10-07,P008,Classic range 08,Apparel,S03,Store 03,East,8,1144.53,0.0,False,False,Clear,97,SUP-08,7,0,821.6,False,9156.24,2583.4399999999996
2025-10-08,P008,Classic range 08,Apparel,S03,Store 03,East,15,972.85,0.15,True,False,Clear,161,SUP-08,7,1,821.6,False,14592.75,2268.75
2025-10-09,P008,Classic range 08,Apparel,S03,Store 03,East,10,1144.53,0.0,False,False,Clear,151,SUP-08,7,0,821.6,False,11445.3,3229.2999999999993
2025-10-10,P008,Classic range 08,Apparel,S03,Store 03,East,15,1144.53,0.0,False,False,Clear,136,SUP-08,7,0,821.6,False,17167.95,4843.949999999999
2025-10-11,P008,Classic range 08,Apparel,S03,Store 03,East,9,1144.53,0.0,False,False,Clear,127,SUP-08,7,0,821.6,False,10300.77,2906.3699999999994
2025-10-12,P008,Classic range 08,Apparel,S03,Store 03,East,11,1144.53,0.0,False,False,Clear,116,SUP-08,7,0,821.6,False,12589.83,3552.2299999999996
2025-10-13,P008,Classic range 08,Apparel,S03,Store 03,East,9,1144.53,0.0,False,False,Clear,107,SUP-08,7,0,821.6,False,10300.77,2906.3699999999994
2025-10-14,P008,Classic range 08,Apparel,S03,Store 03,East,13,1030.08,0.1,True,False,Clear,94,SUP-08,7,0,821.6,False,13391.039999999999,2710.239999999999
2025-10-15,P008,Classic range 08,Apparel,S03,Store 03,East,11,1144.53,0.0,False,False,Clear,151,SUP-08,7,0,821.6,False,12589.83,3552.2299999999996
2025-10-16,P008,Classic range 08,Apparel,S03,Store 03,East,7,1144.53,0.0,False,False,Clear,144,SUP-08,7,0,821.6,False,8011.71,2260.5099999999998
2025-10-17,P008,Classic range 08,Apparel,S03,Store 03,East,10,1144.53,0.0,False,False,Clear,134,SUP-08,7,0,821.6,False,11445.3,3229.2999999999993
2025-10-18,P008,Classic range 08,Apparel,S03,Store 03,East,15,1144.53,0.0,False,False,Clear,119,SUP-08,7,0,821.6,False,17167.95,4843.949999999999
2025-10-19,P008,Classic range 08,Apparel,S03,Store 03,East,11,1030.08,0.1,True,False,Clear,108,SUP-08,7,0,821.6,False,11330.88,2293.279999999999
2025-10-20,P008,Classic range 08,Apparel,S03,Store 03,East,13,1144.53,0.0,False,False,Clear,95,SUP-08,7,0,821.6,False,14878.89,4198.089999999999
2025-10-21,P008,Classic range 08,Apparel,S03,Store 03,East,11,1144.53,0.0,False,False,Clear,84,SUP-08,7,0,821.6,False,12589.83,3552.2299999999996
2025-10-22,P008,Classic range 08,Apparel,S03,Store 03,East,10,1144.53,0.0,False,False,Clear,153,SUP-08,7,0,821.6,False,11445.3,3229.2999999999993
2025-10-23,P008,Classic range 08,Apparel,S03,Store 03,East,10,1144.53,0.0,False,False,Clear,143,SUP-08,7,0,821.6,False,11445.3,3229.2999999999993
2025-10-24,P008,Classic range 08,Apparel,S03,Store 03,East,11,1144.53,0.0,False,False,Clear,132,SUP-08,7,0,821.6,False,12589.83,3552.2299999999996
2025-10-25,P008,Classic range 08,Apparel,S03,Store 03,East,13,1144.53,0.0,False,False,Clear,119,SUP-08,7,0,821.6,False,14878.89,4198.089999999999
2025-10-26,P008,Classic range 08,Apparel,S03,Store 03,East,13,1144.53,0.0,False,False,Clear,106,SUP-08,7,1,821.6,False,14878.89,4198.089999999999
2025-10-27,P008,Classic range 08,Apparel,S03,Store 03,East,5,1144.53,0.0,False,False,Clear,101,SUP-08,7,0,821.6,False,5722.65,1614.6499999999996
2025-10-28,P008,Classic range 08,Apparel,S03,Store 03,East,12,1144.53,0.0,False,False,Clear,89,SUP-08,7,0,821.6,False,13734.36,3875.1599999999994
2025-10-29,P008,Classic range 08,Apparel,S03,Store 03,East,8,1144.53,0.0,False,False,Clear,160,SUP-08,7,0,821.6,False,9156.24,2583.4399999999996
2025-10-30,P008,Classic range 08,Apparel,S03,Store 03,East,11,1144.53,0.0,False,False,Clear,149,SUP-08,7,0,821.6,False,12589.83,3552.2299999999996
2025-10-31,P008,Classic range 08,Apparel,S03,Store 03,East,6,1144.53,0.0,False,False,Clear,143,SUP-08,7,0,821.6,False,6867.18,1937.5799999999997
2025-11-01,P008,Classic range 08,Apparel,S03,Store 03,East,10,1144.53,0.0,False,False,Clear,133,SUP-08,7,0,821.6,False,11445.3,3229.2999999999993
2025-11-02,P008,Classic range 08,Apparel,S03,Store 03,East,15,1087.3,0.05,True,False,Clear,118,SUP-08,7,0,821.6,False,16309.5,3985.499999999999
2025-11-03,P008,Classic range 08,Apparel,S03,Store 03,East,7,1144.53,0.0,False,False,Clear,111,SUP-08,7,0,821.6,False,8011.71,2260.5099999999998
2025-11-04,P008,Classic range 08,Apparel,S03,Store 03,East,12,1030.08,0.1,True,False,Clear,99,SUP-08,7,0,821.6,False,12360.96,2501.759999999999
2025-11-05,P008,Classic range 08,Apparel,S03,Store 03,East,11,1144.53,0.0,False,False,Clear,155,SUP-08,7,1,821.6,False,12589.83,3552.2299999999996
2025-11-06,P008,Classic range 08,Apparel,S03,Store 03,East,6,1144.53,0.0,False,False,Clear,149,SUP-08,7,0,821.6,False,6867.18,1937.5799999999997
2025-11-07,P008,Classic range 08,Apparel,S03,Store 03,East,10,1144.53,0.0,False,False,Clear,139,SUP-08,7,0,821.6,False,11445.3,3229.2999999999993
2025-11-08,P008,Classic range 08,Apparel,S03,Store 03,East,20,1144.53,0.0,False,False,Clear,119,SUP-08,7,0,821.6,False,22890.6,6458.5999999999985
2025-11-09,P008,Classic range 08,Apparel,S03,Store 03,East,3,1144.53,0.0,False,False,Rain,116,SUP-08,7,0,821.6,False,3433.59,968.7899999999998
2025-11-10,P008,Classic range 08,Apparel,S03,Store 03,East,16,1144.53,0.0,False,False,Clear,100,SUP-08,7,0,821.6,False,18312.48,5166.879999999999
2025-11-11,P008,Classic range 08,Apparel,S03,Store 03,East,11,1144.53,0.0,False,False,Clear,89,SUP-08,7,0,821.6,False,12589.83,3552.2299999999996
2025-11-12,P008,Classic range 08,Apparel,S03,Store 03,East,10,1144.53,0.0,False,False,Clear,147,SUP-08,7,0,821.6,False,11445.3,3229.2999999999993
2025-11-13,P008,Classic range 08,Apparel,S03,Store 03,East,11,1030.08,0.1,True,False,Clear,136,SUP-08,7,1,821.6,False,11330.88,2293.279999999999
2025-11-14,P008,Classic range 08,Apparel,S03,Store 03,East,16,1144.53,0.0,False,False,Clear,120,SUP-08,7,0,821.6,False,18312.48,5166.879999999999
2025-11-15,P008,Classic range 08,Apparel,S03,Store 03,East,15,1144.53,0.0,False,False,Clear,105,SUP-08,7,0,821.6,False,17167.95,4843.949999999999
2025-11-16,P008,Classic range 08,Apparel,S03,Store 03,East,13,1144.53,0.0,False,False,Clear,92,SUP-08,7,0,821.6,False,14878.89,4198.089999999999
2025-11-17,P008,Classic range 08,Apparel,S03,Store 03,East,13,1144.53,0.0,False,False,Rain,79,SUP-08,7,0,821.6,False,14878.89,4198.089999999999
2025-11-18,P008,Classic range 08,Apparel,S03,Store 03,East,8,1144.53,0.0,False,False,Clear,71,SUP-08,7,0,821.6,False,9156.24,2583.4399999999996
2025-11-19,P008,Classic range 08,Apparel,S03,Store 03,East,9,1144.53,0.0,False,False,Clear,136,SUP-08,7,0,821.6,False,10300.77,2906.3699999999994
2025-11-20,P008,Classic range 08,Apparel,S03,Store 03,East,10,1087.3,0.05,True,False,Clear,126,SUP-08,7,1,821.6,False,10873.0,2656.999999999999
2025-11-21,P008,Classic range 08,Apparel,S03,Store 03,East,6,1144.53,0.0,False,False,Clear,120,SUP-08,7,0,821.6,False,6867.18,1937.5799999999997
2025-11-22,P008,Classic range 08,Apparel,S03,Store 03,East,14,1144.53,0.0,False,False,Clear,106,SUP-08,7,1,821.6,False,16023.42,4521.0199999999995
2025-11-23,P008,Classic range 08,Apparel,S03,Store 03,East,17,1144.53,0.0,False,False,Clear,89,SUP-08,7,0,821.6,False,19457.01,5489.8099999999995
2025-11-24,P008,Classic range 08,Apparel,S03,Store 03,East,8,1144.53,0.0,False,False,Clear,81,SUP-08,7,1,821.6,False,9156.24,2583.4399999999996
2025-11-25,P008,Classic range 08,Apparel,S03,Store 03,East,9,1144.53,0.0,False,False,Clear,72,SUP-08,7,0,821.6,False,10300.77,2906.3699999999994
2025-11-26,P008,Classic range 08,Apparel,S03,Store 03,East,9,1144.53,0.0,False,False,Clear,135,SUP-08,7,0,821.6,False,10300.77,2906.3699999999994
2025-11-27,P008,Classic range 08,Apparel,S03,Store 03,East,10,1144.53,0.0,False,False,Clear,125,SUP-08,7,0,821.6,False,11445.3,3229.2999999999993
2025-11-28,P008,Classic range 08,Apparel,S03,Store 03,East,9,1144.53,0.0,False,False,Clear,116,SUP-08,7,0,821.6,False,10300.77,2906.3699999999994
2025-11-29,P008,Classic range 08,Apparel,S03,Store 03,East,11,1144.53,0.0,False,False,Rain,105,SUP-08,7,0,821.6,False,12589.83,3552.2299999999996
2025-11-30,P008,Classic range 08,Apparel,S03,Store 03,East,10,1144.53,0.0,False,False,Clear,95,SUP-08,7,0,821.6,False,11445.3,3229.2999999999993
2025-12-01,P008,Classic range 08,Apparel,S03,Store 03,East,7,1144.53,0.0,False,False,Clear,88,SUP-08,7,0,821.6,False,8011.71,2260.5099999999998
2025-12-02,P008,Classic range 08,Apparel,S03,Store 03,East,19,1144.53,0.0,False,False,Clear,69,SUP-08,7,0,821.6,False,21746.07,6135.669999999999
2025-12-03,P008,Classic range 08,Apparel,S03,Store 03,East,15,1144.53,0.0,False,False,Rain,123,SUP-08,7,0,821.6,False,17167.95,4843.949999999999
2025-12-04,P008,Classic range 08,Apparel,S03,Store 03,East,13,1144.53,0.0,False,False,Clear,110,SUP-08,7,1,821.6,False,14878.89,4198.089999999999
2025-12-05,P008,Classic range 08,Apparel,S03,Store 03,East,10,1144.53,0.0,False,False,Clear,100,SUP-08,7,0,821.6,False,11445.3,3229.2999999999993
2025-12-06,P008,Classic range 08,Apparel,S03,Store 03,East,13,1144.53,0.0,False,False,Clear,87,SUP-08,7,0,821.6,False,14878.89,4198.089999999999
2025-12-07,P008,Classic range 08,Apparel,S03,Store 03,East,11,1144.53,0.0,False,False,Clear,76,SUP-08,7,0,821.6,False,12589.83,3552.2299999999996
2025-12-08,P008,Classic range 08,Apparel,S03,Store 03,East,3,1144.53,0.0,False,False,Clear,73,SUP-08,7,0,821.6,False,3433.59,968.7899999999998
2025-12-09,P008,Classic range 08,Apparel,S03,Store 03,East,23,1144.53,0.0,False,False,Clear,50,SUP-08,7,0,821.6,False,26324.19,7427.3899999999985
2025-12-10,P008,Classic range 08,Apparel,S03,Store 03,East,10,1144.53,0.0,False,False,Clear,109,SUP-08,7,0,821.6,False,11445.3,3229.2999999999993
2025-12-11,P008,Classic range 08,Apparel,S03,Store 03,East,12,1144.53,0.0,False,False,Clear,97,SUP-08,7,0,821.6,False,13734.36,3875.1599999999994
2025-12-12,P008,Classic range 08,Apparel,S03,Store 03,East,10,1144.53,0.0,False,False,Clear,87,SUP-08,7,0,821.6,False,11445.3,3229.2999999999993
2025-12-13,P008,Classic range 08,Apparel,S03,Store 03,East,18,1144.53,0.0,False,False,Clear,69,SUP-08,7,0,821.6,False,20601.54,5812.739999999999
2025-12-14,P008,Classic range 08,Apparel,S03,Store 03,East,16,1144.53,0.0,False,False,Clear,53,SUP-08,7,0,821.6,False,18312.48,5166.879999999999
2025-12-15,P008,Classic range 08,Apparel,S03,Store 03,East,9,1144.53,0.0,False,False,Clear,44,SUP-08,7,0,821.6,False,10300.77,2906.3699999999994
2025-12-16,P008,Classic range 08,Apparel,S03,Store 03,East,4,1144.53,0.0,False,False,Clear,40,SUP-08,7,0,821.6,False,4578.12,1291.7199999999998
2025-12-17,P008,Classic range 08,Apparel,S03,Store 03,East,12,1144.53,0.0,False,False,Clear,107,SUP-08,7,0,821.6,False,13734.36,3875.1599999999994
2025-12-18,P008,Classic range 08,Apparel,S03,Store 03,East,10,1144.53,0.0,False,False,Rain,97,SUP-08,7,0,821.6,False,11445.3,3229.2999999999993
2025-12-19,P008,Classic range 08,Apparel,S03,Store 03,East,8,1144.53,0.0,False,False,Clear,89,SUP-08,7,0,821.6,False,9156.24,2583.4399999999996
2025-12-20,P008,Classic range 08,Apparel,S03,Store 03,East,11,1144.53,0.0,False,False,Clear,78,SUP-08,7,0,821.6,False,12589.83,3552.2299999999996
2025-12-21,P008,Classic range 08,Apparel,S03,Store 03,East,4,1144.53,0.0,False,False,Clear,74,SUP-08,7,0,821.6,False,4578.12,1291.7199999999998
2025-12-22,P008,Classic range 08,Apparel,S03,Store 03,East,8,1087.3,0.05,True,False,Clear,66,SUP-08,7,0,821.6,False,8698.4,2125.5999999999995
2025-12-23,P008,Classic range 08,Apparel,S03,Store 03,East,10,1144.53,0.0,False,False,Clear,56,SUP-08,7,0,821.6,False,11445.3,3229.2999999999993
2025-12-24,P008,Classic range 08,Apparel,S03,Store 03,East,8,1144.53,0.0,False,False,Clear,122,SUP-08,7,0,821.6,False,9156.24,2583.4399999999996
2025-12-25,P008,Classic range 08,Apparel,S03,Store 03,East,13,1144.53,0.0,False,True,Clear,109,SUP-08,7,0,821.6,False,14878.89,4198.089999999999
2025-12-26,P008,Classic range 08,Apparel,S03,Store 03,East,12,972.85,0.15,True,False,Clear,97,SUP-08,7,0,821.6,False,11674.2,1815.0
2025-12-27,P008,Classic range 08,Apparel,S03,Store 03,East,5,1144.53,0.0,False,False,Clear,92,SUP-08,7,2,821.6,False,5722.65,1614.6499999999996
2025-12-28,P008,Classic range 08,Apparel,S03,Store 03,East,12,1144.53,0.0,False,False,Clear,80,SUP-08,7,0,821.6,False,13734.36,3875.1599999999994
2025-12-29,P008,Classic range 08,Apparel,S03,Store 03,East,8,1144.53,0.0,False,False,Clear,72,SUP-08,7,0,821.6,False,9156.24,2583.4399999999996
2025-12-30,P008,Classic range 08,Apparel,S03,Store 03,East,13,1144.53,0.0,False,False,Rain,59,SUP-08,7,0,821.6,False,14878.89,4198.089999999999
2025-12-31,P008,Classic range 08,Apparel,S03,Store 03,East,6,1144.53,0.0,False,False,Clear,123,SUP-08,7,0,821.6,False,6867.18,1937.5799999999997
2025-09-03,P008,Classic range 08,Apparel,S04,Store 04,West,9,1144.53,0.0,False,False,Clear,201,SUP-08,3,0,821.6,False,10300.77,2906.3699999999994
2025-09-04,P008,Classic range 08,Apparel,S04,Store 04,West,11,1144.53,0.0,False,False,Clear,190,SUP-08,3,0,821.6,False,12589.83,3552.2299999999996
2025-09-05,P008,Classic range 08,Apparel,S04,Store 04,West,14,1144.53,0.0,False,False,Clear,176,SUP-08,3,0,821.6,False,16023.42,4521.0199999999995
2025-09-06,P008,Classic range 08,Apparel,S04,Store 04,West,17,1144.53,0.0,False,False,Clear,200,SUP-08,3,0,821.6,False,19457.01,5489.8099999999995
2025-09-07,P008,Classic range 08,Apparel,S04,Store 04,West,8,1144.53,0.0,False,False,Clear,192,SUP-08,3,0,821.6,False,9156.24,2583.4399999999996
2025-09-08,P008,Classic range 08,Apparel,S04,Store 04,West,26,1144.53,0.0,False,False,Clear,166,SUP-08,3,0,821.6,False,29757.78,8396.179999999998
2025-09-09,P008,Classic range 08,Apparel,S04,Store 04,West,12,1144.53,0.0,False,False,Clear,196,SUP-08,3,0,821.6,False,13734.36,3875.1599999999994
2025-09-10,P008,Classic range 08,Apparel,S04,Store 04,West,15,1144.53,0.0,False,False,Clear,181,SUP-08,3,0,821.6,False,17167.95,4843.949999999999
2025-09-11,P008,Classic range 08,Apparel,S04,Store 04,West,14,1144.53,0.0,False,False,Clear,167,SUP-08,3,0,821.6,False,16023.42,4521.0199999999995
2025-09-12,P008,Classic range 08,Apparel,S04,Store 04,West,14,1144.53,0.0,False,False,Rain,195,SUP-08,3,0,821.6,False,16023.42,4521.0199999999995
2025-09-13,P008,Classic range 08,Apparel,S04,Store 04,West,20,1144.53,0.0,False,False,Clear,175,SUP-08,3,1,821.6,False,22890.6,6458.5999999999985
2025-09-14,P008,Classic range 08,Apparel,S04,Store 04,West,25,1144.53,0.0,False,False,Clear,150,SUP-08,3,1,821.6,False,28613.25,8073.249999999999
2025-09-15,P008,Classic range 08,Apparel,S04,Store 04,West,10,1144.53,0.0,False,False,Clear,181,SUP-08,3,0,821.6,False,11445.3,3229.2999999999993
2025-09-16,P008,Classic range 08,Apparel,S04,Store 04,West,18,1144.53,0.0,False,False,Clear,163,SUP-08,3,0,821.6,False,20601.54,5812.739999999999
2025-09-17,P008,Classic range 08,Apparel,S04,Store 04,West,13,1144.53,0.0,False,False,Clear,150,SUP-08,3,1,821.6,False,14878.89,4198.089999999999
2025-09-18,P008,Classic range 08,Apparel,S04,Store 04,West,8,1144.53,0.0,False,False,Clear,184,SUP-08,3,0,821.6,False,9156.24,2583.4399999999996
2025-09-19,P008,Classic range 08,Apparel,S04,Store 04,West,11,1144.53,0.0,False,False,Clear,173,SUP-08,3,2,821.6,False,12589.83,3552.2299999999996
2025-09-20,P008,Classic range 08,Apparel,S04,Store 04,West,24,1087.3,0.05,True,False,Clear,149,SUP-08,3,0,821.6,False,26095.199999999997,6376.799999999998
2025-09-21,P008,Classic range 08,Apparel,S04,Store 04,West,17,1144.53,0.0,False,False,Rain,174,SUP-08,3,0,821.6,False,19457.01,5489.8099999999995
2025-09-22,P008,Classic range 08,Apparel,S04,Store 04,West,17,1144.53,0.0,False,False,Clear,157,SUP-08,3,0,821.6,False,19457.01,5489.8099999999995
2025-09-23,P008,Classic range 08,Apparel,S04,Store 04,West,11,1144.53,0.0,False,False,Clear,146,SUP-08,3,0,821.6,False,12589.83,3552.2299999999996
2025-09-24,P008,Classic range 08,Apparel,S04,Store 04,West,11,1144.53,0.0,False,False,Clear,179,SUP-08,3,0,821.6,False,12589.83,3552.2299999999996
2025-09-25,P008,Classic range 08,Apparel,S04,Store 04,West,8,1144.53,0.0,False,False,Clear,171,SUP-08,3,0,821.6,False,9156.24,2583.4399999999996
2025-09-26,P008,Classic range 08,Apparel,S04,Store 04,West,10,1144.53,0.0,False,False,Clear,161,SUP-08,3,0,821.6,False,11445.3,3229.2999999999993
2025-09-27,P008,Classic range 08,Apparel,S04,Store 04,West,11,1144.53,0.0,False,False,Clear,188,SUP-08,3,0,821.6,False,12589.83,3552.2299999999996
2025-09-28,P008,Classic range 08,Apparel,S04,Store 04,West,17,1144.53,0.0,False,False,Rain,171,SUP-08,3,0,821.6,False,19457.01,5489.8099999999995
2025-09-29,P008,Classic range 08,Apparel,S04,Store 04,West,13,1144.53,0.0,False,False,Clear,158,SUP-08,3,0,821.6,False,14878.89,4198.089999999999
2025-09-30,P008,Classic range 08,Apparel,S04,Store 04,West,15,1144.53,0.0,False,False,Clear,187,SUP-08,3,0,821.6,False,17167.95,4843.949999999999
2025-10-01,P008,Classic range 08,Apparel,S04,Store 04,West,6,1144.53,0.0,False,False,Clear,181,SUP-08,3,0,821.6,False,6867.18,1937.5799999999997
2025-10-02,P008,Classic range 08,Apparel,S04,Store 04,West,6,1144.53,0.0,False,True,Clear,175,SUP-08,3,0,821.6,False,6867.18,1937.5799999999997
2025-10-03,P008,Classic range 08,Apparel,S04,Store 04,West,8,1144.53,0.0,False,False,Clear,210,SUP-08,3,0,821.6,False,9156.24,2583.4399999999996
2025-10-04,P008,Classic range 08,Apparel,S04,Store 04,West,13,1144.53,0.0,False,False,Rain,197,SUP-08,3,0,821.6,False,14878.89,4198.089999999999
2025-10-05,P008,Classic range 08,Apparel,S04,Store 04,West,18,1144.53,0.0,False,False,Clear,179,SUP-08,3,0,821.6,False,20601.54,5812.739999999999
2025-10-06,P008,Classic range 08,Apparel,S04,Store 04,West,10,1144.53,0.0,False,False,Clear,210,SUP-08,3,0,821.6,False,11445.3,3229.2999999999993
2025-10-07,P008,Classic range 08,Apparel,S04,Store 04,West,16,1144.53,0.0,False,False,Clear,194,SUP-08,3,0,821.6,False,18312.48,5166.879999999999
2025-10-08,P008,Classic range 08,Apparel,S04,Store 04,West,22,972.85,0.15,True,False,Clear,172,SUP-08,3,1,821.6,False,21402.7,3327.5
2025-10-09,P008,Classic range 08,Apparel,S04,Store 04,West,14,1144.53,0.0,False,False,Clear,203,SUP-08,3,0,821.6,False,16023.42,4521.0199999999995
2025-10-10,P008,Classic range 08,Apparel,S04,Store 04,West,14,1144.53,0.0,False,False,Clear,189,SUP-08,3,0,821.6,False,16023.42,4521.0199999999995
2025-10-11,P008,Classic range 08,Apparel,S04,Store 04,West,22,1144.53,0.0,False,False,Rain,167,SUP-08,3,0,821.6,False,25179.66,7104.459999999999
2025-10-12,P008,Classic range 08,Apparel,S04,Store 04,West,18,1144.53,0.0,False,False,Clear,186,SUP-08,3,1,821.6,False,20601.54,5812.739999999999
2025-10-13,P008,Classic range 08,Apparel,S04,Store 04,West,22,1030.08,0.1,True,False,Clear,164,SUP-08,3,0,821.6,False,22661.76,4586.559999999998
2025-10-14,P008,Classic range 08,Apparel,S04,Store 04,West,17,1144.53,0.0,False,False,Clear,147,SUP-08,3,0,821.6,False,19457.01,5489.8099999999995
2025-10-15,P008,Classic range 08,Apparel,S04,Store 04,West,16,1144.53,0.0,False,False,Clear,169,SUP-08,3,2,821.6,False,18312.48,5166.879999999999
2025-10-16,P008,Classic range 08,Apparel,S04,Store 04,West,14,1144.53,0.0,False,False,Clear,155,SUP-08,3,0,821.6,False,16023.42,4521.0199999999995
2025-10-17,P008,Classic range 08,Apparel,S04,Store 04,West,17,1144.53,0.0,False,False,Clear,138,SUP-08,3,0,821.6,False,19457.01,5489.8099999999995
2025-10-18,P008,Classic range 08,Apparel,S04,Store 04,West,19,1144.53,0.0,False,False,Clear,158,SUP-08,3,0,821.6,False,21746.07,6135.669999999999
2025-10-19,P008,Classic range 08,Apparel,S04,Store 04,West,15,1144.53,0.0,False,False,Rain,143,SUP-08,3,0,821.6,False,17167.95,4843.949999999999
2025-10-20,P008,Classic range 08,Apparel,S04,Store 04,West,10,1144.53,0.0,False,False,Clear,133,SUP-08,3,0,821.6,False,11445.3,3229.2999999999993
2025-10-21,P008,Classic range 08,Apparel,S04,Store 04,West,13,1144.53,0.0,False,False,Clear,160,SUP-08,3,0,821.6,False,14878.89,4198.089999999999
2025-10-22,P008,Classic range 08,Apparel,S04,Store 04,West,12,1144.53,0.0,False,False,Clear,148,SUP-08,3,2,821.6,False,13734.36,3875.1599999999994
2025-10-23,P008,Classic range 08,Apparel,S04,Store 04,West,11,1144.53,0.0,False,False,Clear,137,SUP-08,3,0,821.6,False,12589.83,3552.2299999999996
2025-10-24,P008,Classic range 08,Apparel,S04,Store 04,West,19,1144.53,0.0,False,False,Clear,159,SUP-08,3,1,821.6,False,21746.07,6135.669999999999
2025-10-25,P008,Classic range 08,Apparel,S04,Store 04,West,9,1144.53,0.0,False,False,Clear,150,SUP-08,3,0,821.6,False,10300.77,2906.3699999999994
2025-10-26,P008,Classic range 08,Apparel,S04,Store 04,West,10,1144.53,0.0,False,False,Clear,140,SUP-08,3,0,821.6,False,11445.3,3229.2999999999993
2025-10-27,P008,Classic range 08,Apparel,S04,Store 04,West,6,1144.53,0.0,False,False,Clear,178,SUP-08,3,0,821.6,False,6867.18,1937.5799999999997
2025-10-28,P008,Classic range 08,Apparel,S04,Store 04,West,13,972.85,0.15,True,False,Clear,165,SUP-08,3,0,821.6,False,12647.050000000001,1966.25
2025-10-29,P008,Classic range 08,Apparel,S04,Store 04,West,12,1144.53,0.0,False,False,Clear,153,SUP-08,3,0,821.6,False,13734.36,3875.1599999999994
2025-10-30,P008,Classic range 08,Apparel,S04,Store 04,West,18,1144.53,0.0,False,False,Clear,173,SUP-08,3,0,821.6,False,20601.54,5812.739999999999
2025-10-31,P008,Classic range 08,Apparel,S04,Store 04,West,15,1144.53,0.0,False,False,Clear,158,SUP-08,3,1,821.6,False,17167.95,4843.949999999999
2025-11-01,P008,Classic range 08,Apparel,S04,Store 04,West,15,1144.53,0.0,False,False,Clear,143,SUP-08,3,1,821.6,False,17167.95,4843.949999999999
2025-11-02,P008,Classic range 08,Apparel,S04,Store 04,West,19,1144.53,0.0,False,False,Clear,166,SUP-08,3,0,821.6,False,21746.07,6135.669999999999
2025-11-03,P008,Classic range 08,Apparel,S04,Store 04,West,11,1144.53,0.0,False,False,Clear,155,SUP-08,3,1,821.6,False,12589.83,3552.2299999999996
2025-11-04,P008,Classic range 08,Apparel,S04,Store 04,West,15,1144.53,0.0,False,False,Clear,140,SUP-08,3,0,821.6,False,17167.95,4843.949999999999
2025-11-05,P008,Classic range 08,Apparel,S04,Store 04,West,16,1144.53,0.0,False,False,Clear,164,SUP-08,3,1,821.6,False,18312.48,5166.879999999999
2025-11-06,P008,Classic range 08,Apparel,S04,Store 04,West,10,1144.53,0.0,False,False,Clear,154,SUP-08,3,0,821.6,False,11445.3,3229.2999999999993
2025-11-07,P008,Classic range 08,Apparel,S04,Store 04,West,12,1144.53,0.0,False,False,Clear,142,SUP-08,3,0,821.6,False,13734.36,3875.1599999999994
2025-11-08,P008,Classic range 08,Apparel,S04,Store 04,West,17,1144.53,0.0,False,False,Clear,170,SUP-08,3,0,821.6,False,19457.01,5489.8099999999995
2025-11-09,P008,Classic range 08,Apparel,S04,Store 04,West,25,1144.53,0.0,False,False,Clear,145,SUP-08,3,0,821.6,False,28613.25,8073.249999999999
2025-11-10,P008,Classic range 08,Apparel,S04,Store 04,West,21,1144.53,0.0,False,False,Clear,124,SUP-08,3,0,821.6,False,24035.13,6781.529999999999
2025-11-11,P008,Classic range 08,Apparel,S04,Store 04,West,16,1144.53,0.0,False,False,Clear,149,SUP-08,3,0,821.6,False,18312.48,5166.879999999999
2025-11-12,P008,Classic range 08,Apparel,S04,Store 04,West,14,1144.53,0.0,False,False,Clear,135,SUP-08,3,1,821.6,False,16023.42,4521.0199999999995
2025-11-13,P008,Classic range 08,Apparel,S04,Store 04,West,23,1144.53,0.0,False,False,Clear,112,SUP-08,3,0,821.6,False,26324.19,7427.3899999999985
2025-11-14,P008,Classic range 08,Apparel,S04,Store 04,West,17,1144.53,0.0,False,False,Clear,133,SUP-08,3,1,821.6,False,19457.01,5489.8099999999995
2025-11-15,P008,Classic range 08,Apparel,S04,Store 04,West,16,1144.53,0.0,False,False,Clear,117,SUP-08,3,0,821.6,False,18312.48,5166.879999999999
2025-11-16,P008,Classic range 08,Apparel,S04,Store 04,West,15,1144.53,0.0,False,False,Clear,102,SUP-08,3,1,821.6,False,17167.95,4843.949999999999
2025-11-17,P008,Classic range 08,Apparel,S04,Store 04,West,14,1144.53,0.0,False,False,Clear,131,SUP-08,3,0,821.6,False,16023.42,4521.0199999999995
2025-11-18,P008,Classic range 08,Apparel,S04,Store 04,West,12,1144.53,0.0,False,False,Clear,119,SUP-08,3,0,821.6,False,13734.36,3875.1599999999994
2025-11-19,P008,Classic range 08,Apparel,S04,Store 04,West,16,1144.53,0.0,False,False,Clear,103,SUP-08,3,0,821.6,False,18312.48,5166.879999999999
2025-11-20,P008,Classic range 08,Apparel,S04,Store 04,West,9,1144.53,0.0,False,False,Clear,139,SUP-08,3,0,821.6,False,10300.77,2906.3699999999994
2025-11-21,P008,Classic range 08,Apparel,S04,Store 04,West,11,1144.53,0.0,False,False,Clear,128,SUP-08,3,0,821.6,False,12589.83,3552.2299999999996
2025-11-22,P008,Classic range 08,Apparel,S04,Store 04,West,11,1144.53,0.0,False,False,Clear,117,SUP-08,3,0,821.6,False,12589.83,3552.2299999999996
2025-11-23,P008,Classic range 08,Apparel,S04,Store 04,West,9,1144.53,0.0,False,False,Clear,152,SUP-08,3,1,821.6,False,10300.77,2906.3699999999994
2025-11-24,P008,Classic range 08,Apparel,S04,Store 04,West,15,1144.53,0.0,False,False,Rain,137,SUP-08,3,0,821.6,False,17167.95,4843.949999999999
2025-11-25,P008,Classic range 08,Apparel,S04,Store 04,West,9,1144.53,0.0,False,False,Clear,128,SUP-08,3,0,821.6,False,10300.77,2906.3699999999994
2025-11-26,P008,Classic range 08,Apparel,S04,Store 04,West,11,1144.53,0.0,False,False,Clear,159,SUP-08,3,0,821.6,False,12589.83,3552.2299999999996
2025-11-27,P008,Classic range 08,Apparel,S04,Store 04,West,7,1144.53,0.0,False,False,Clear,152,SUP-08,3,0,821.6,False,8011.71,2260.5099999999998
2025-11-28,P008,Classic range 08,Apparel,S04,Store 04,West,11,1144.53,0.0,False,False,Clear,141,SUP-08,3,0,821.6,False,12589.83,3552.2299999999996
2025-11-29,P008,Classic range 08,Apparel,S04,Store 04,West,13,1144.53,0.0,False,False,Clear,169,SUP-08,3,0,821.6,False,14878.89,4198.089999999999
2025-11-30,P008,Classic range 08,Apparel,S04,Store 04,West,13,1144.53,0.0,False,False,Clear,156,SUP-08,3,0,821.6,False,14878.89,4198.089999999999
2025-12-01,P008,Classic range 08,Apparel,S04,Store 04,West,14,1087.3,0.05,True,False,Clear,142,SUP-08,3,0,821.6,False,15222.199999999999,3719.7999999999993
2025-12-02,P008,Classic range 08,Apparel,S04,Store 04,West,6,1144.53,0.0,False,False,Clear,176,SUP-08,3,0,821.6,False,6867.18,1937.5799999999997
2025-12-03,P008,Classic range 08,Apparel,S04,Store 04,West,14,1144.53,0.0,False,False,Clear,162,SUP-08,3,0,821.6,False,16023.42,4521.0199999999995
2025-12-04,P008,Classic range 08,Apparel,S04,Store 04,West,12,1144.53,0.0,False,False,Clear,150,SUP-08,3,0,821.6,False,13734.36,3875.1599999999994
2025-12-05,P008,Classic range 08,Apparel,S04,Store 04,West,22,1144.53,0.0,False,False,Clear,171,SUP-08,3,1,821.6,False,25179.66,7104.459999999999
2025-12-06,P008,Classic range 08,Apparel,S04,Store 04,West,22,1144.53,0.0,False,False,Clear,149,SUP-08,3,0,821.6,False,25179.66,7104.459999999999
2025-12-07,P008,Classic range 08,Apparel,S04,Store 04,West,18,1144.53,0.0,False,False,Clear,131,SUP-08,3,0,821.6,False,20601.54,5812.739999999999
2025-12-08,P008,Classic range 08,Apparel,S04,Store 04,West,12,1144.53,0.0,False,False,Clear,161,SUP-08,3,0,821.6,False,13734.36,3875.1599999999994
2025-12-09,P008,Classic range 08,Apparel,S04,Store 04,West,14,1144.53,0.0,False,False,Clear,147,SUP-08,3,0,821.6,False,16023.42,4521.0199999999995
2025-12-10,P008,Classic range 08,Apparel,S04,Store 04,West,15,1144.53,0.0,False,False,Clear,132,SUP-08,3,0,821.6,False,17167.95,4843.949999999999
2025-12-11,P008,Classic range 08,Apparel,S04,Store 04,West,14,1144.53,0.0,False,False,Clear,158,SUP-08,3,0,821.6,False,16023.42,4521.0199999999995
2025-12-12,P008,Classic range 08,Apparel,S04,Store 04,West,17,1144.53,0.0,False,False,Clear,141,SUP-08,3,0,821.6,False,19457.01,5489.8099999999995
2025-12-13,P008,Classic range 08,Apparel,S04,Store 04,West,18,1144.53,0.0,False,False,Clear,123,SUP-08,3,0,821.6,False,20601.54,5812.739999999999
2025-12-14,P008,Classic range 08,Apparel,S04,Store 04,West,20,1144.53,0.0,False,False,Clear,142,SUP-08,3,0,821.6,False,22890.6,6458.5999999999985
2025-12-15,P008,Classic range 08,Apparel,S04,Store 04,West,15,1144.53,0.0,False,False,Clear,127,SUP-08,3,1,821.6,False,17167.95,4843.949999999999
2025-12-16,P008,Classic range 08,Apparel,S04,Store 04,West,21,1144.53,0.0,False,False,Clear,106,SUP-08,3,0,821.6,False,24035.13,6781.529999999999
2025-12-17,P008,Classic range 08,Apparel,S04,Store 04,West,15,1144.53,0.0,False,False,Clear,134,SUP-08,3,0,821.6,False,17167.95,4843.949999999999
2025-12-18,P008,Classic range 08,Apparel,S04,Store 04,West,7,1144.53,0.0,False,False,Clear,127,SUP-08,3,0,821.6,False,8011.71,2260.5099999999998
2025-12-19,P008,Classic range 08,Apparel,S04,Store 04,West,14,1144.53,0.0,False,False,Clear,113,SUP-08,3,0,821.6,False,16023.42,4521.0199999999995
2025-12-20,P008,Classic range 08,Apparel,S04,Store 04,West,16,1144.53,0.0,False,False,Clear,135,SUP-08,3,0,821.6,False,18312.48,5166.879999999999
2025-12-21,P008,Classic range 08,Apparel,S04,Store 04,West,12,1144.53,0.0,False,False,Clear,123,SUP-08,3,0,821.6,False,13734.36,3875.1599999999994
2025-12-22,P008,Classic range 08,Apparel,S04,Store 04,West,16,1144.53,0.0,False,False,Clear,107,SUP-08,3,0,821.6,False,18312.48,5166.879999999999
2025-12-23,P008,Classic range 08,Apparel,S04,Store 04,West,18,1087.3,0.05,True,False,Clear,131,SUP-08,3,0,821.6,False,19571.399999999998,4782.5999999999985
2025-12-24,P008,Classic range 08,Apparel,S04,Store 04,West,15,1144.53,0.0,False,False,Clear,116,SUP-08,3,0,821.6,False,17167.95,4843.949999999999
2025-12-25,P008,Classic range 08,Apparel,S04,Store 04,West,11,1144.53,0.0,False,True,Clear,105,SUP-08,3,0,821.6,False,12589.83,3552.2299999999996
2025-12-26,P008,Classic range 08,Apparel,S04,Store 04,West,10,1144.53,0.0,False,False,Clear,133,SUP-08,3,0,821.6,False,11445.3,3229.2999999999993
2025-12-27,P008,Classic range 08,Apparel,S04,Store 04,West,11,1144.53,0.0,False,False,Clear,122,SUP-08,3,0,821.6,False,12589.83,3552.2299999999996
2025-12-28,P008,Classic range 08,Apparel,S04,Store 04,West,15,1144.53,0.0,False,False,Clear,107,SUP-08,3,0,821.6,False,17167.95,4843.949999999999
2025-12-29,P008,Classic range 08,Apparel,S04,Store 04,West,8,1144.53,0.0,False,False,Clear,142,SUP-08,3,1,821.6,False,9156.24,2583.4399999999996
2025-12-30,P008,Classic range 08,Apparel,S04,Store 04,West,14,1144.53,0.0,False,False,Clear,128,SUP-08,3,1,821.6,False,16023.42,4521.0199999999995
2025-12-31,P008,Classic range 08,Apparel,S04,Store 04,West,16,1144.53,0.0,False,False,Clear,112,SUP-08,3,1,821.6,False,18312.48,5166.879999999999
2025-09-03,P009,Fresh pick 09,Electronics,S01,Store 01,North,7,1559.37,0.0,False,False,Clear,27,SUP-09,13,0,926.85,False,10915.59,4427.639999999999
2025-09-04,P009,Fresh pick 09,Electronics,S01,Store 01,North,4,1559.37,0.0,False,False,Clear,23,SUP-09,13,0,926.85,False,6237.48,2530.0799999999995
2025-09-05,P009,Fresh pick 09,Electronics,S01,Store 01,North,1,1559.37,0.0,False,False,Clear,22,SUP-09,13,0,926.85,False,1559.37,632.5199999999999
2025-09-06,P009,Fresh pick 09,Electronics,S01,Store 01,North,5,1559.37,0.0,False,False,Clear,17,SUP-09,13,0,926.85,False,7796.849999999999,3162.5999999999995
2025-09-07,P009,Fresh pick 09,Electronics,S01,Store 01,North,5,1559.37,0.0,False,False,Clear,12,SUP-09,13,0,926.85,False,7796.849999999999,3162.5999999999995
2025-09-08,P009,Fresh pick 09,Electronics,S01,Store 01,North,3,1559.37,0.0,False,False,Clear,9,SUP-09,13,0,926.85,False,4678.11,1897.5599999999995
2025-09-09,P009,Fresh pick 09,Electronics,S01,Store 01,North,1,1559.37,0.0,False,False,Clear,8,SUP-09,13,0,926.85,False,1559.37,632.5199999999999
2025-09-10,P009,Fresh pick 09,Electronics,S01,Store 01,North,4,1559.37,0.0,False,False,Rain,4,SUP-09,13,0,926.85,False,6237.48,2530.0799999999995
2025-09-11,P009,Fresh pick 09,Electronics,S01,Store 01,North,4,1559.37,0.0,False,False,Clear,0,SUP-09,13,0,926.85,True,6237.48,2530.0799999999995
2025-09-12,P009,Fresh pick 09,Electronics,S01,Store 01,North,0,1559.37,0.0,False,False,Clear,0,SUP-09,13,0,926.85,True,0.0,0.0
2025-09-13,P009,Fresh pick 09,Electronics,S01,Store 01,North,0,1559.37,0.0,False,False,Clear,0,SUP-09,13,0,926.85,True,0.0,0.0
2025-09-14,P009,Fresh pick 09,Electronics,S01,Store 01,North,0,1559.37,0.0,False,False,Clear,0,SUP-09,13,0,926.85,True,0.0,0.0
2025-09-15,P009,Fresh pick 09,Electronics,S01,Store 01,North,0,1559.37,0.0,False,False,Rain,0,SUP-09,13,0,926.85,True,0.0,0.0
2025-09-16,P009,Fresh pick 09,Electronics,S01,Store 01,North,3,1559.37,0.0,False,False,Clear,55,SUP-09,13,0,926.85,False,4678.11,1897.5599999999995
2025-09-17,P009,Fresh pick 09,Electronics,S01,Store 01,North,1,1559.37,0.0,False,False,Clear,54,SUP-09,13,0,926.85,False,1559.37,632.5199999999999
2025-09-18,P009,Fresh pick 09,Electronics,S01,Store 01,North,4,1559.37,0.0,False,False,Clear,50,SUP-09,13,0,926.85,False,6237.48,2530.0799999999995
2025-09-19,P009,Fresh pick 09,Electronics,S01,Store 01,North,3,1559.37,0.0,False,False,Clear,47,SUP-09,13,0,926.85,False,4678.11,1897.5599999999995
2025-09-20,P009,Fresh pick 09,Electronics,S01,Store 01,North,4,1559.37,0.0,False,False,Clear,43,SUP-09,13,0,926.85,False,6237.48,2530.0799999999995
2025-09-21,P009,Fresh pick 09,Electronics,S01,Store 01,North,1,1559.37,0.0,False,False,Clear,42,SUP-09,13,0,926.85,False,1559.37,632.5199999999999
2025-09-22,P009,Fresh pick 09,Electronics,S01,Store 01,North,3,1559.37,0.0,False,False,Rain,39,SUP-09,13,1,926.85,False,4678.11,1897.5599999999995
2025-09-23,P009,Fresh pick 09,Electronics,S01,Store 01,North,4,1559.37,0.0,False,False,Clear,35,SUP-09,13,0,926.85,False,6237.48,2530.0799999999995
2025-09-24,P009,Fresh pick 09,Electronics,S01,Store 01,North,3,1559.37,0.0,False,False,Clear,32,SUP-09,13,0,926.85,False,4678.11,1897.5599999999995
2025-09-25,P009,Fresh pick 09,Electronics,S01,Store 01,North,3,1325.46,0.15,True,False,Clear,29,SUP-09,13,0,926.85,False,3976.38,1195.83
2025-09-26,P009,Fresh pick 09,Electronics,S01,Store 01,North,3,1559.37,0.0,False,False,Clear,26,SUP-09,13,0,926.85,False,4678.11,1897.5599999999995
2025-09-27,P009,Fresh pick 09,Electronics,S01,Store 01,North,3,1559.37,0.0,False,False,Clear,23,SUP-09,13,0,926.85,False,4678.11,1897.5599999999995
2025-09-28,P009,Fresh pick 09,Electronics,S01,Store 01,North,4,1559.37,0.0,False,False,Clear,19,SUP-09,13,1,926.85,False,6237.48,2530.0799999999995
2025-09-29,P009,Fresh pick 09,Electronics,S01,Store 01,North,3,1559.37,0.0,False,False,Clear,73,SUP-09,13,0,926.85,False,4678.11,1897.5599999999995
2025-09-30,P009,Fresh pick 09,Electronics,S01,Store 01,North,3,1559.37,0.0,False,False,Clear,70,SUP-09,13,0,926.85,False,4678.11,1897.5599999999995
2025-10-01,P009,Fresh pick 09,Electronics,S01,Store 01,North,5,1559.37,0.0,False,False,Clear,65,SUP-09,13,0,926.85,False,7796.849999999999,3162.5999999999995
2025-10-02,P009,Fresh pick 09,Electronics,S01,Store 01,North,4,1559.37,0.0,False,True,Clear,61,SUP-09,13,0,926.85,False,6237.48,2530.0799999999995
2025-10-03,P009,Fresh pick 09,Electronics,S01,Store 01,North,8,1559.37,0.0,False,False,Clear,53,SUP-09,13,0,926.85,False,12474.96,5060.159999999999
2025-10-04,P009,Fresh pick 09,Electronics,S01,Store 01,North,5,1559.37,0.0,False,False,Clear,48,SUP-09,13,0,926.85,False,7796.849999999999,3162.5999999999995
2025-10-05,P009,Fresh pick 09,Electronics,S01,Store 01,North,6,1559.37,0.0,False,False,Clear,42,SUP-09,13,0,926.85,False,9356.22,3795.119999999999
2025-10-06,P009,Fresh pick 09,Electronics,S01,Store 01,North,3,1559.37,0.0,False,False,Clear,39,SUP-09,13,0,926.85,False,4678.11,1897.5599999999995
2025-10-07,P009,Fresh pick 09,Electronics,S01,Store 01,North,10,1559.37,0.0,False,False,Clear,29,SUP-09,13,0,926.85,False,15593.699999999999,6325.199999999999
2025-10-08,P009,Fresh pick 09,Electronics,S01,Store 01,North,6,1559.37,0.0,False,False,Clear,23,SUP-09,13,0,926.85,False,9356.22,3795.119999999999
2025-10-09,P009,Fresh pick 09,Electronics,S01,Store 01,North,6,1559.37,0.0,False,False,Clear,17,SUP-09,13,0,926.85,False,9356.22,3795.119999999999
2025-10-10,P009,Fresh pick 09,Electronics,S01,Store 01,North,4,1403.43,0.1,True,False,Clear,13,SUP-09,13,0,926.85,False,5613.72,1906.3200000000002
2025-10-11,P009,Fresh pick 09,Electronics,S01,Store 01,North,5,1559.37,0.0,False,False,Clear,8,SUP-09,13,0,926.85,False,7796.849999999999,3162.5999999999995
2025-10-12,P009,Fresh pick 09,Electronics,S01,Store 01,North,3,1559.37,0.0,False,False,Clear,62,SUP-09,13,1,926.85,False,4678.11,1897.5599999999995
2025-10-13,P009,Fresh pick 09,Electronics,S01,Store 01,North,5,1559.37,0.0,False,False,Clear,57,SUP-09,13,0,926.85,False,7796.849999999999,3162.5999999999995
2025-10-14,P009,Fresh pick 09,Electronics,S01,Store 01,North,0,1559.37,0.0,False,False,Clear,57,SUP-09,13,0,926.85,False,0.0,0.0
2025-10-15,P009,Fresh pick 09,Electronics,S01,Store 01,North,4,1559.37,0.0,False,False,Clear,53,SUP-09,13,0,926.85,False,6237.48,2530.0799999999995
2025-10-16,P009,Fresh pick 09,Electronics,S01,Store 01,North,5,1559.37,0.0,False,False,Rain,48,SUP-09,13,0,926.85,False,7796.849999999999,3162.5999999999995
2025-10-17,P009,Fresh pick 09,Electronics,S01,Store 01,North,4,1403.43,0.1,True,False,Clear,44,SUP-09,13,0,926.85,False,5613.72,1906.3200000000002
2025-10-18,P009,Fresh pick 09,Electronics,S01,Store 01,North,6,1559.37,0.0,False,False,Clear,38,SUP-09,13,0,926.85,False,9356.22,3795.119999999999
2025-10-19,P009,Fresh pick 09,Electronics,S01,Store 01,North,4,1559.37,0.0,False,False,Clear,34,SUP-09,13,0,926.85,False,6237.48,2530.0799999999995
2025-10-20,P009,Fresh pick 09,Electronics,S01,Store 01,North,2,1559.37,0.0,False,False,Clear,32,SUP-09,13,0,926.85,False,3118.74,1265.0399999999997
2025-10-21,P009,Fresh pick 09,Electronics,S01,Store 01,North,5,1559.37,0.0,False,False,Clear,27,SUP-09,13,0,926.85,False,7796.849999999999,3162.5999999999995
2025-10-22,P009,Fresh pick 09,Electronics,S01,Store 01,North,5,1559.37,0.0,False,False,Clear,22,SUP-09,13,0,926.85,False,7796.849999999999,3162.5999999999995
2025-10-23,P009,Fresh pick 09,Electronics,S01,Store 01,North,3,1559.37,0.0,False,False,Clear,19,SUP-09,13,0,926.85,False,4678.11,1897.5599999999995
2025-10-24,P009,Fresh pick 09,Electronics,S01,Store 01,North,5,1325.46,0.15,True,False,Clear,14,SUP-09,13,0,926.85,False,6627.3,1993.0500000000002
2025-10-25,P009,Fresh pick 09,Electronics,S01,Store 01,North,4,1559.37,0.0,False,False,Clear,66,SUP-09,13,0,926.85,False,6237.48,2530.0799999999995
2025-10-26,P009,Fresh pick 09,Electronics,S01,Store 01,North,3,1559.37,0.0,False,False,Clear,63,SUP-09,13,1,926.85,False,4678.11,1897.5599999999995
2025-10-27,P009,Fresh pick 09,Electronics,S01,Store 01,North,5,1559.37,0.0,False,False,Clear,58,SUP-09,13,0,926.85,False,7796.849999999999,3162.5999999999995
2025-10-28,P009,Fresh pick 09,Electronics,S01,Store 01,North,2,1559.37,0.0,False,False,Clear,56,SUP-09,13,0,926.85,False,3118.74,1265.0399999999997
2025-10-29,P009,Fresh pick 09,Electronics,S01,Store 01,North,4,1559.37,0.0,False,False,Rain,52,SUP-09,13,0,926.85,False,6237.48,2530.0799999999995
2025-10-30,P009,Fresh pick 09,Electronics,S01,Store 01,North,4,1559.37,0.0,False,False,Clear,48,SUP-09,13,0,926.85,False,6237.48,2530.0799999999995
2025-10-31,P009,Fresh pick 09,Electronics,S01,Store 01,North,5,1559.37,0.0,False,False,Clear,43,SUP-09,13,0,926.85,False,7796.849999999999,3162.5999999999995
2025-11-01,P009,Fresh pick 09,Electronics,S01,Store 01,North,4,1559.37,0.0,False,False,Clear,39,SUP-09,13,0,926.85,False,6237.48,2530.0799999999995
2025-11-02,P009,Fresh pick 09,Electronics,S01,Store 01,North,5,1559.37,0.0,False,False,Clear,34,SUP-09,13,0,926.85,False,7796.849999999999,3162.5999999999995
2025-11-03,P009,Fresh pick 09,Electronics,S01,Store 01,North,2,1559.37,0.0,False,False,Clear,32,SUP-09,13,0,926.85,False,3118.74,1265.0399999999997
2025-11-04,P009,Fresh pick 09,Electronics,S01,Store 01,North,2,1559.37,0.0,False,False,Clear,30,SUP-09,13,0,926.85,False,3118.74,1265.0399999999997
2025-11-05,P009,Fresh pick 09,Electronics,S01,Store 01,North,5,1559.37,0.0,False,False,Clear,25,SUP-09,13,1,926.85,False,7796.849999999999,3162.5999999999995
2025-11-06,P009,Fresh pick 09,Electronics,S01,Store 01,North,3,1559.37,0.0,False,False,Clear,22,SUP-09,13,0,926.85,False,4678.11,1897.5599999999995
2025-11-07,P009,Fresh pick 09,Electronics,S01,Store 01,North,3,1559.37,0.0,False,False,Clear,83,SUP-09,13,0,926.85,False,4678.11,1897.5599999999995
2025-11-08,P009,Fresh pick 09,Electronics,S01,Store 01,North,6,1559.37,0.0,False,False,Clear,77,SUP-09,13,0,926.85,False,9356.22,3795.119999999999
2025-11-09,P009,Fresh pick 09,Electronics,S01,Store 01,North,7,1559.37,0.0,False,False,Clear,70,SUP-09,13,0,926.85,False,10915.59,4427.639999999999
2025-11-10,P009,Fresh pick 09,Electronics,S01,Store 01,North,8,1559.37,0.0,False,False,Clear,62,SUP-09,13,0,926.85,False,12474.96,5060.159999999999
2025-11-11,P009,Fresh pick 09,Electronics,S01,Store 01,North,4,1559.37,0.0,False,False,Clear,58,SUP-09,13,0,926.85,False,6237.48,2530.0799999999995
2025-11-12,P009,Fresh pick 09,Electronics,S01,Store 01,North,7,1559.37,0.0,False,False,Clear,51,SUP-09,13,0,926.85,False,10915.59,4427.639999999999
2025-11-13,P009,Fresh pick 09,Electronics,S01,Store 01,North,8,1559.37,0.0,False,False,Clear,43,SUP-09,13,0,926.85,False,12474.96,5060.159999999999
2025-11-14,P009,Fresh pick 09,Electronics,S01,Store 01,North,2,1559.37,0.0,False,False,Clear,41,SUP-09,13,0,926.85,False,3118.74,1265.0399999999997
2025-11-15,P009,Fresh pick 09,Electronics,S01,Store 01,North,6,1559.37,0.0,False,False,Clear,35,SUP-09,13,0,926.85,False,9356.22,3795.119999999999
2025-11-16,P009,Fresh pick 09,Electronics,S01,Store 01,North,3,1559.37,0.0,False,False,Clear,32,SUP-09,13,0,926.85,False,4678.11,1897.5599999999995
2025-11-17,P009,Fresh pick 09,Electronics,S01,Store 01,North,2,1559.37,0.0,False,False,Clear,30,SUP-09,13,0,926.85,False,3118.74,1265.0399999999997
2025-11-18,P009,Fresh pick 09,Electronics,S01,Store 01,North,4,1559.37,0.0,False,False,Clear,26,SUP-09,13,0,926.85,False,6237.48,2530.0799999999995
2025-11-19,P009,Fresh pick 09,Electronics,S01,Store 01,North,3,1559.37,0.0,False,False,Clear,23,SUP-09,13,0,926.85,False,4678.11,1897.5599999999995
2025-11-20,P009,Fresh pick 09,Electronics,S01,Store 01,North,3,1559.37,0.0,False,False,Clear,80,SUP-09,13,0,926.85,False,4678.11,1897.5599999999995
2025-11-21,P009,Fresh pick 09,Electronics,S01,Store 01,North,3,1559.37,0.0,False,False,Rain,77,SUP-09,13,0,926.85,False,4678.11,1897.5599999999995
2025-11-22,P009,Fresh pick 09,Electronics,S01,Store 01,North,7,1559.37,0.0,False,False,Clear,70,SUP-09,13,0,926.85,False,10915.59,4427.639999999999
2025-11-23,P009,Fresh pick 09,Electronics,S01,Store 01,North,2,1559.37,0.0,False,False,Clear,68,SUP-09,13,0,926.85,False,3118.74,1265.0399999999997
2025-11-24,P009,Fresh pick 09,Electronics,S01,Store 01,North,3,1559.37,0.0,False,False,Clear,65,SUP-09,13,0,926.85,False,4678.11,1897.5599999999995
2025-11-25,P009,Fresh pick 09,Electronics,S01,Store 01,North,2,1559.37,0.0,False,False,Rain,63,SUP-09,13,0,926.85,False,3118.74,1265.0399999999997
2025-11-26,P009,Fresh pick 09,Electronics,S01,Store 01,North,1,1559.37,0.0,False,False,Clear,62,SUP-09,13,0,926.85,False,1559.37,632.5199999999999
2025-11-27,P009,Fresh pick 09,Electronics,S01,Store 01,North,1,1559.37,0.0,False,False,Clear,61,SUP-09,13,0,926.85,False,1559.37,632.5199999999999
2025-11-28,P009,Fresh pick 09,Electronics,S01,Store 01,North,2,1559.37,0.0,False,False,Clear,59,SUP-09,13,0,926.85,False,3118.74,1265.0399999999997
2025-11-29,P009,Fresh pick 09,Electronics,S01,Store 01,North,5,1559.37,0.0,False,False,Clear,54,SUP-09,13,0,926.85,False,7796.849999999999,3162.5999999999995
2025-11-30,P009,Fresh pick 09,Electronics,S01,Store 01,North,6,1559.37,0.0,False,False,Clear,48,SUP-09,13,0,926.85,False,9356.22,3795.119999999999
2025-12-01,P009,Fresh pick 09,Electronics,S01,Store 01,North,4,1559.37,0.0,False,False,Clear,44,SUP-09,13,0,926.85,False,6237.48,2530.0799999999995
2025-12-02,P009,Fresh pick 09,Electronics,S01,Store 01,North,2,1559.37,0.0,False,False,Clear,42,SUP-09,13,0,926.85,False,3118.74,1265.0399999999997
2025-12-03,P009,Fresh pick 09,Electronics,S01,Store 01,North,5,1559.37,0.0,False,False,Clear,92,SUP-09,13,0,926.85,False,7796.849999999999,3162.5999999999995
2025-12-04,P009,Fresh pick 09,Electronics,S01,Store 01,North,8,1481.4,0.05,True,False,Rain,84,SUP-09,13,0,926.85,False,11851.2,4436.400000000001
2025-12-05,P009,Fresh pick 09,Electronics,S01,Store 01,North,6,1559.37,0.0,False,False,Clear,78,SUP-09,13,0,926.85,False,9356.22,3795.119999999999
2025-12-06,P009,Fresh pick 09,Electronics,S01,Store 01,North,7,1559.37,0.0,False,False,Rain,71,SUP-09,13,0,926.85,False,10915.59,4427.639999999999
2025-12-07,P009,Fresh pick 09,Electronics,S01,Store 01,North,5,1559.37,0.0,False,False,Clear,66,SUP-09,13,0,926.85,False,7796.849999999999,3162.5999999999995
2025-12-08,P009,Fresh pick 09,Electronics,S01,Store 01,North,5,1559.37,0.0,False,False,Clear,61,SUP-09,13,0,926.85,False,7796.849999999999,3162.5999999999995
2025-12-09,P009,Fresh pick 09,Electronics,S01,Store 01,North,4,1559.37,0.0,False,False,Rain,57,SUP-09,13,0,926.85,False,6237.48,2530.0799999999995
2025-12-10,P009,Fresh pick 09,Electronics,S01,Store 01,North,3,1559.37,0.0,False,False,Clear,54,SUP-09,13,0,926.85,False,4678.11,1897.5599999999995
2025-12-11,P009,Fresh pick 09,Electronics,S01,Store 01,North,8,1247.5,0.2,True,False,Clear,46,SUP-09,13,1,926.85,False,9980.0,2565.2
2025-12-12,P009,Fresh pick 09,Electronics,S01,Store 01,North,7,1559.37,0.0,False,False,Clear,39,SUP-09,13,0,926.85,False,10915.59,4427.639999999999
2025-12-13,P009,Fresh pick 09,Electronics,S01,Store 01,North,5,1559.37,0.0,False,False,Clear,34,SUP-09,13,0,926.85,False,7796.849999999999,3162.5999999999995
2025-12-14,P009,Fresh pick 09,Electronics,S01,Store 01,North,5,1559.37,0.0,False,False,Rain,29,SUP-09,13,1,926.85,False,7796.849999999999,3162.5999999999995
2025-12-15,P009,Fresh pick 09,Electronics,S01,Store 01,North,4,1559.37,0.0,False,False,Clear,25,SUP-09,13,0,926.85,False,6237.48,2530.0799999999995
2025-12-16,P009,Fresh pick 09,Electronics,S01,Store 01,North,6,1559.37,0.0,False,False,Clear,73,SUP-09,13,0,926.85,False,9356.22,3795.119999999999
2025-12-17,P009,Fresh pick 09,Electronics,S01,Store 01,North,1,1559.37,0.0,False,False,Clear,72,SUP-09,13,0,926.85,False,1559.37,632.5199999999999
2025-12-18,P009,Fresh pick 09,Electronics,S01,Store 01,North,6,1559.37,0.0,False,False,Clear,66,SUP-09,13,0,926.85,False,9356.22,3795.119999999999
2025-12-19,P009,Fresh pick 09,Electronics,S01,Store 01,North,4,1559.37,0.0,False,False,Clear,62,SUP-09,13,0,926.85,False,6237.48,2530.0799999999995
2025-12-20,P009,Fresh pick 09,Electronics,S01,Store 01,North,1,1559.37,0.0,False,False,Clear,61,SUP-09,13,0,926.85,False,1559.37,632.5199999999999
2025-12-21,P009,Fresh pick 09,Electronics,S01,Store 01,North,5,1559.37,0.0,False,False,Clear,56,SUP-09,13,0,926.85,False,7796.849999999999,3162.5999999999995
2025-12-22,P009,Fresh pick 09,Electronics,S01,Store 01,North,2,1481.4,0.05,True,False,Clear,54,SUP-09,13,0,926.85,False,2962.8,1109.1000000000001
2025-12-23,P009,Fresh pick 09,Electronics,S01,Store 01,North,3,1481.4,0.05,True,False,Clear,51,SUP-09,13,0,926.85,False,4444.200000000001,1663.65
2025-12-24,P009,Fresh pick 09,Electronics,S01,Store 01,North,4,1559.37,0.0,False,False,Rain,47,SUP-09,13,0,926.85,False,6237.48,2530.0799999999995
2025-12-25,P009,Fresh pick 09,Electronics,S01,Store 01,North,5,1559.37,0.0,False,True,Clear,42,SUP-09,13,0,926.85,False,7796.849999999999,3162.5999999999995
2025-12-26,P009,Fresh pick 09,Electronics,S01,Store 01,North,1,1559.37,0.0,False,False,Clear,41,SUP-09,13,0,926.85,False,1559.37,632.5199999999999
2025-12-27,P009,Fresh pick 09,Electronics,S01,Store 01,North,5,1559.37,0.0,False,False,Clear,36,SUP-09,13,0,926.85,False,7796.849999999999,3162.5999999999995
2025-12-28,P009,Fresh pick 09,Electronics,S01,Store 01,North,2,1559.37,0.0,False,False,Clear,34,SUP-09,13,0,926.85,False,3118.74,1265.0399999999997
2025-12-29,P009,Fresh pick 09,Electronics,S01,Store 01,North,8,1559.37,0.0,False,False,Clear,89,SUP-09,13,1,926.85,False,12474.96,5060.159999999999
2025-12-30,P009,Fresh pick 09,Electronics,S01,Store 01,North,3,1559.37,0.0,False,False,Clear,86,SUP-09,13,0,926.85,False,4678.11,1897.5599999999995
2025-12-31,P009,Fresh pick 09,Electronics,S01,Store 01,North,6,1559.37,0.0,False,False,Clear,80,SUP-09,13,0,926.85,False,9356.22,3795.119999999999
2025-09-03,P009,Fresh pick 09,Electronics,S02,Store 02,South,7,1559.37,0.0,False,False,Clear,50,SUP-09,3,0,926.85,False,10915.59,4427.639999999999
2025-09-04,P009,Fresh pick 09,Electronics,S02,Store 02,South,9,1559.37,0.0,False,False,Clear,41,SUP-09,3,0,926.85,False,14034.329999999998,5692.6799999999985
2025-09-05,P009,Fresh pick 09,Electronics,S02,Store 02,South,5,1559.37,0.0,False,False,Clear,36,SUP-09,3,0,926.85,False,7796.849999999999,3162.5999999999995
2025-09-06,P009,Fresh pick 09,Electronics,S02,Store 02,South,7,1559.37,0.0,False,False,Clear,46,SUP-09,3,0,926.85,False,10915.59,4427.639999999999
2025-09-07,P009,Fresh pick 09,Electronics,S02,Store 02,South,10,1559.37,0.0,False,False,Rain,36,SUP-09,3,0,926.85,False,15593.699999999999,6325.199999999999
2025-09-08,P009,Fresh pick 09,Electronics,S02,Store 02,South,4,1559.37,0.0,False,False,Clear,32,SUP-09,3,0,926.85,False,6237.48,2530.0799999999995
2025-09-09,P009,Fresh pick 09,Electronics,S02,Store 02,South,3,1559.37,0.0,False,False,Clear,44,SUP-09,3,0,926.85,False,4678.11,1897.5599999999995
2025-09-10,P009,Fresh pick 09,Electronics,S02,Store 02,South,6,1559.37,0.0,False,False,Clear,38,SUP-09,3,0,926.85,False,9356.22,3795.119999999999
2025-09-11,P009,Fresh pick 09,Electronics,S02,Store 02,South,4,1559.37,0.0,False,False,Clear,34,SUP-09,3,0,926.85,False,6237.48,2530.0799999999995
2025-09-12,P009,Fresh pick 09,Electronics,S02,Store 02,South,7,1403.43,0.1,True,False,Clear,42,SUP-09,3,0,926.85,False,9824.01,3336.0600000000004
2025-09-13,P009,Fresh pick 09,Electronics,S02,Store 02,South,6,1559.37,0.0,False,False,Rain,36,SUP-09,3,0,926.85,False,9356.22,3795.119999999999
2025-09-14,P009,Fresh pick 09,Electronics,S02,Store 02,South,7,1559.37,0.0,False,False,Clear,29,SUP-09,3,0,926.85,False,10915.59,4427.639999999999
2025-09-15,P009,Fresh pick 09,Electronics,S02,Store 02,South,7,1559.37,0.0,False,False,Clear,37,SUP-09,3,0,926.85,False,10915.59,4427.639999999999
2025-09-16,P009,Fresh pick 09,Electronics,S02,Store 02,South,6,1559.37,0.0,False,False,Clear,31,SUP-09,3,1,926.85,False,9356.22,3795.119999999999
2025-09-17,P009,Fresh pick 09,Electronics,S02,Store 02,South,4,1559.37,0.0,False,False,Clear,27,SUP-09,3,0,926.85,False,6237.48,2530.0799999999995
2025-09-18,P009,Fresh pick 09,Electronics,S02,Store 02,South,3,1559.37,0.0,False,False,Clear,40,SUP-09,3,0,926.85,False,4678.11,1897.5599999999995
2025-09-19,P009,Fresh pick 09,Electronics,S02,Store 02,South,5,1559.37,0.0,False,False,Clear,35,SUP-09,3,0,926.85,False,7796.849999999999,3162.5999999999995
2025-09-20,P009,Fresh pick 09,Electronics,S02,Store 02,South,5,1559.37,0.0,False,False,Clear,30,SUP-09,3,0,926.85,False,7796.849999999999,3162.5999999999995
2025-09-21,P009,Fresh pick 09,Electronics,S02,Store 02,South,3,1559.37,0.0,False,False,Clear,44,SUP-09,3,0,926.85,False,4678.11,1897.5599999999995
2025-09-22,P009,Fresh pick 09,Electronics,S02,Store 02,South,2,1559.37,0.0,False,False,Clear,42,SUP-09,3,0,926.85,False,3118.74,1265.0399999999997
2025-09-23,P009,Fresh pick 09,Electronics,S02,Store 02,South,3,1559.37,0.0,False,False,Clear,39,SUP-09,3,0,926.85,False,4678.11,1897.5599999999995
2025-09-24,P009,Fresh pick 09,Electronics,S02,Store 02,South,7,1559.37,0.0,False,False,Clear,49,SUP-09,3,0,926.85,False,10915.59,4427.639999999999
2025-09-25,P009,Fresh pick 09,Electronics,S02,Store 02,South,2,1559.37,0.0,False,False,Rain,47,SUP-09,3,0,926.85,False,3118.74,1265.0399999999997
2025-09-26,P009,Fresh pick 09,Electronics,S02,Store 02,South,4,1559.37,0.0,False,False,Rain,43,SUP-09,3,1,926.85,False,6237.48,2530.0799999999995
2025-09-27,P009,Fresh pick 09,Electronics,S02,Store 02,South,9,1559.37,0.0,False,False,Clear,49,SUP-09,3,0,926.85,False,14034.329999999998,5692.6799999999985
2025-09-28,P009,Fresh pick 09,Electronics,S02,Store 02,South,4,1559.37,0.0,False,False,Clear,45,SUP-09,3,0,926.85,False,6237.48,2530.0799999999995
2025-09-29,P009,Fresh pick 09,Electronics,S02,Store 02,South,3,1559.37,0.0,False,False,Clear,42,SUP-09,3,0,926.85,False,4678.11,1897.5599999999995
2025-09-30,P009,Fresh pick 09,Electronics,S02,Store 02,South,6,1559.37,0.0,False,False,Clear,51,SUP-09,3,0,926.85,False,9356.22,3795.119999999999
2025-10-01,P009,Fresh pick 09,Electronics,S02,Store 02,South,8,1559.37,0.0,False,False,Clear,43,SUP-09,3,1,926.85,False,12474.96,5060.159999999999
2025-10-02,P009,Fresh pick 09,Electronics,S02,Store 02,South,5,1559.37,0.0,False,True,Clear,38,SUP-09,3,0,926.85,False,7796.849999999999,3162.5999999999995
2025-10-03,P009,Fresh pick 09,Electronics,S02,Store 02,South,6,1559.37,0.0,False,False,Clear,49,SUP-09,3,0,926.85,False,9356.22,3795.119999999999
2025-10-04,P009,Fresh pick 09,Electronics,S02,Store 02,South,4,1403.43,0.1,True,False,Clear,45,SUP-09,3,0,926.85,False,5613.72,1906.3200000000002
2025-10-05,P009,Fresh pick 09,Electronics,S02,Store 02,South,5,1325.46,0.15,True,False,Clear,40,SUP-09,3,0,926.85,False,6627.3,1993.0500000000002
2025-10-06,P009,Fresh pick 09,Electronics,S02,Store 02,South,5,1559.37,0.0,False,False,Clear,52,SUP-09,3,1,926.85,False,7796.849999999999,3162.5999999999995
2025-10-07,P009,Fresh pick 09,Electronics,S02,Store 02,South,7,1559.37,0.0,False,False,Clear,45,SUP-09,3,0,926.85,False,10915.59,4427.639999999999
2025-10-08,P009,Fresh pick 09,Electronics,S02,Store 02,South,3,1559.37,0.0,False,False,Clear,42,SUP-09,3,0,926.85,False,4678.11,1897.5599999999995
2025-10-09,P009,Fresh pick 09,Electronics,S02,Store 02,South,6,1559.37,0.0,False,False,Clear,51,SUP-09,3,0,926.85,False,9356.22,3795.119999999999
2025-10-10,P009,Fresh pick 09,Electronics,S02,Store 02,South,9,1559.37,0.0,False,False,Clear,42,SUP-09,3,1,926.85,False,14034.329999999998,5692.6799999999985
2025-10-11,P009,Fresh pick 09,Electronics,S02,Store 02,South,7,1325.46,0.15,True,False,Clear,35,SUP-09,3,0,926.85,False,9278.220000000001,2790.27
2025-10-12,P009,Fresh pick 09,Electronics,S02,Store 02,South,9,1559.37,0.0,False,False,Clear,42,SUP-09,3,0,926.85,False,14034.329999999998,5692.6799999999985
2025-10-13,P009,Fresh pick 09,Electronics,S02,Store 02,South,9,1559.37,0.0,False,False,Clear,33,SUP-09,3,0,926.85,False,14034.329999999998,5692.6799999999985
2025-10-14,P009,Fresh pick 09,Electronics,S02,Store 02,South,5,1559.37,0.0,False,False,Clear,28,SUP-09,3,0,926.85,False,7796.849999999999,3162.5999999999995
2025-10-15,P009,Fresh pick 09,Electronics,S02,Store 02,South,7,1559.37,0.0,False,False,Clear,37,SUP-09,3,0,926.85,False,10915.59,4427.639999999999
2025-10-16,P009,Fresh pick 09,Electronics,S02,Store 02,South,8,1325.46,0.15,True,False,Clear,29,SUP-09,3,2,926.85,False,10603.68,3188.88
2025-10-17,P009,Fresh pick 09,Electronics,S02,Store 02,South,5,1559.37,0.0,False,False,Clear,24,SUP-09,3,0,926.85,False,7796.849999999999,3162.5999999999995
2025-10-18,P009,Fresh pick 09,Electronics,S02,Store 02,South,6,1559.37,0.0,False,False,Clear,34,SUP-09,3,0,926.85,False,9356.22,3795.119999999999
2025-10-19,P009,Fresh pick 09,Electronics,S02,Store 02,South,5,1559.37,0.0,False,False,Clear,29,SUP-09,3,0,926.85,False,7796.849999999999,3162.5999999999995
2025-10-20,P009,Fresh pick 09,Electronics,S02,Store 02,South,5,1559.37,0.0,False,False,Clear,24,SUP-09,3,0,926.85,False,7796.849999999999,3162.5999999999995
2025-10-21,P009,Fresh pick 09,Electronics,S02,Store 02,South,1,1559.37,0.0,False,False,Clear,38,SUP-09,3,0,926.85,False,1559.37,632.5199999999999
2025-10-22,P009,Fresh pick 09,Electronics,S02,Store 02,South,7,1559.37,0.0,False,False,Rain,31,SUP-09,3,0,926.85,False,10915.59,4427.639999999999
2025-10-23,P009,Fresh pick 09,Electronics,S02,Store 02,South,3,1559.37,0.0,False,False,Clear,28,SUP-09,3,0,926.85,False,4678.11,1897.5599999999995
2025-10-24,P009,Fresh pick 09,Electronics,S02,Store 02,South,5,1559.37,0.0,False,False,Clear,39,SUP-09,3,0,926.85,False,7796.849999999999,3162.5999999999995
2025-10-25,P009,Fresh pick 09,Electronics,S02,Store 02,South,4,1559.37,0.0,False,False,Clear,35,SUP-09,3,0,926.85,False,6237.48,2530.0799999999995
2025-10-26,P009,Fresh pick 09,Electronics,S02,Store 02,South,12,1325.46,0.15,True,False,Clear,23,SUP-09,3,0,926.85,False,15905.52,4783.32
2025-10-27,P009,Fresh pick 09,Electronics,S02,Store 02,South,2,1559.37,0.0,False,False,Clear,36,SUP-09,3,0,926.85,False,3118.74,1265.0399999999997
2025-10-28,P009,Fresh pick 09,Electronics,S02,Store 02,South,7,1559.37,0.0,False,False,Rain,29,SUP-09,3,0,926.85,False,10915.59,4427.639999999999
2025-10-29,P009,Fresh pick 09,Electronics,S02,Store 02,South,7,1559.37,0.0,False,False,Clear,22,SUP-09,3,0,926.85,False,10915.59,4427.639999999999
2025-10-30,P009,Fresh pick 09,Electronics,S02,Store 02,South,7,1559.37,0.0,False,False,Clear,30,SUP-09,3,0,926.85,False,10915.59,4427.639999999999
2025-10-31,P009,Fresh pick 09,Electronics,S02,Store 02,South,4,1559.37,0.0,False,False,Clear,26,SUP-09,3,0,926.85,False,6237.48,2530.0799999999995
2025-11-01,P009,Fresh pick 09,Electronics,S02,Store 02,South,7,1559.37,0.0,False,False,Clear,19,SUP-09,3,0,926.85,False,10915.59,4427.639999999999
2025-11-02,P009,Fresh pick 09,Electronics,S02,Store 02,South,7,1559.37,0.0,False,False,Clear,28,SUP-09,3,0,926.85,False,10915.59,4427.639999999999
2025-11-03,P009,Fresh pick 09,Electronics,S02,Store 02,South,0,1559.37,0.0,False,False,Clear,28,SUP-09,3,0,926.85,False,0.0,0.0
2025-11-04,P009,Fresh pick 09,Electronics,S02,Store 02,South,6,1559.37,0.0,False,False,Clear,22,SUP-09,3,0,926.85,False,9356.22,3795.119999999999
2025-11-05,P009,Fresh pick 09,Electronics,S02,Store 02,South,1,1559.37,0.0,False,False,Clear,38,SUP-09,3,0,926.85,False,1559.37,632.5199999999999
2025-11-06,P009,Fresh pick 09,Electronics,S02,Store 02,South,8,1481.4,0.05,True,False,Clear,30,SUP-09,3,0,926.85,False,11851.2,4436.400000000001
2025-11-07,P009,Fresh pick 09,Electronics,S02,Store 02,South,5,1559.37,0.0,False,False,Clear,25,SUP-09,3,0,926.85,False,7796.849999999999,3162.5999999999995
2025-11-08,P009,Fresh pick 09,Electronics,S02,Store 02,South,10,1559.37,0.0,False,False,Rain,31,SUP-09,3,0,926.85,False,15593.699999999999,6325.199999999999
2025-11-09,P009,Fresh pick 09,Electronics,S02,Store 02,South,9,1559.37,0.0,False,False,Clear,22,SUP-09,3,0,926.85,False,14034.329999999998,5692.6799999999985
2025-11-10,P009,Fresh pick 09,Electronics,S02,Store 02,South,6,1559.37,0.0,False,False,Clear,16,SUP-09,3,0,926.85,False,9356.22,3795.119999999999
2025-11-11,P009,Fresh pick 09,Electronics,S02,Store 02,South,5,1559.37,0.0,False,False,Rain,26,SUP-09,3,0,926.85,False,7796.849999999999,3162.5999999999995
2025-11-12,P009,Fresh pick 09,Electronics,S02,Store 02,South,7,1403.43,0.1,True,False,Clear,19,SUP-09,3,0,926.85,False,9824.01,3336.0600000000004
2025-11-13,P009,Fresh pick 09,Electronics,S02,Store 02,South,9,1559.37,0.0,False,False,Clear,10,SUP-09,3,0,926.85,False,14034.329999999998,5692.6799999999985
2025-11-14,P009,Fresh pick 09,Electronics,S02,Store 02,South,5,1559.37,0.0,False,False,Clear,20,SUP-09,3,0,926.85,False,7796.849999999999,3162.5999999999995
2025-11-15,P009,Fresh pick 09,Electronics,S02,Store 02,South,4,1559.37,0.0,False,False,Clear,16,SUP-09,3,0,926.85,False,6237.48,2530.0799999999995
2025-11-16,P009,Fresh pick 09,Electronics,S02,Store 02,South,9,1559.37,0.0,False,False,Clear,7,SUP-09,3,1,926.85,False,14034.329999999998,5692.6799999999985
2025-11-17,P009,Fresh pick 09,Electronics,S02,Store 02,South,3,1559.37,0.0,False,False,Clear,20,SUP-09,3,0,926.85,False,4678.11,1897.5599999999995
2025-11-18,P009,Fresh pick 09,Electronics,S02,Store 02,South,2,1559.37,0.0,False,False,Rain,18,SUP-09,3,0,926.85,False,3118.74,1265.0399999999997
2025-11-19,P009,Fresh pick 09,Electronics,S02,Store 02,South,4,1559.37,0.0,False,False,Rain,14,SUP-09,3,0,926.85,False,6237.48,2530.0799999999995
2025-11-20,P009,Fresh pick 09,Electronics,S02,Store 02,South,4,1559.37,0.0,False,False,Clear,26,SUP-09,3,0,926.85,False,6237.48,2530.0799999999995
2025-11-21,P009,Fresh pick 09,Electronics,S02,Store 02,South,6,1559.37,0.0,False,False,Clear,20,SUP-09,3,0,926.85,False,9356.22,3795.119999999999
2025-11-22,P009,Fresh pick 09,Electronics,S02,Store 02,South,8,1559.37,0.0,False,False,Clear,12,SUP-09,3,0,926.85,False,12474.96,5060.159999999999
2025-11-23,P009,Fresh pick 09,Electronics,S02,Store 02,South,3,1559.37,0.0,False,False,Clear,24,SUP-09,3,0,926.85,False,4678.11,1897.5599999999995
2025-11-24,P009,Fresh pick 09,Electronics,S02,Store 02,South,6,1559.37,0.0,False,False,Clear,18,SUP-09,3,0,926.85,False,9356.22,3795.119999999999
2025-11-25,P009,Fresh pick 09,Electronics,S02,Store 02,South,3,1559.37,0.0,False,False,Clear,15,SUP-09,3,0,926.85,False,4678.11,1897.5599999999995
2025-11-26,P009,Fresh pick 09,Electronics,S02,Store 02,South,3,1559.37,0.0,False,False,Clear,27,SUP-09,3,0,926.85,False,4678.11,1897.5599999999995
2025-11-27,P009,Fresh pick 09,Electronics,S02,Store 02,South,3,1559.37,0.0,False,False,Clear,24,SUP-09,3,0,926.85,False,4678.11,1897.5599999999995
2025-11-28,P009,Fresh pick 09,Electronics,S02,Store 02,South,4,1559.37,0.0,False,False,Clear,20,SUP-09,3,0,926.85,False,6237.48,2530.0799999999995
2025-11-29,P009,Fresh pick 09,Electronics,S02,Store 02,South,7,1559.37,0.0,False,False,Clear,27,SUP-09,3,0,926.85,False,10915.59,4427.639999999999
2025-11-30,P009,Fresh pick 09,Electronics,S02,Store 02,South,8,1559.37,0.0,False,False,Clear,19,SUP-09,3,0,926.85,False,12474.96,5060.159999999999
2025-12-01,P009,Fresh pick 09,Electronics,S02,Store 02,South,5,1559.37,0.0,False,False,Clear,14,SUP-09,3,0,926.85,False,7796.849999999999,3162.5999999999995
2025-12-02,P009,Fresh pick 09,Electronics,S02,Store 02,South,9,1559.37,0.0,False,False,Clear,20,SUP-09,3,0,926.85,False,14034.329999999998,5692.6799999999985
2025-12-03,P009,Fresh pick 09,Electronics,S02,Store 02,South,6,1559.37,0.0,False,False,Clear,14,SUP-09,3,0,926.85,False,9356.22,3795.119999999999
2025-12-04,P009,Fresh pick 09,Electronics,S02,Store 02,South,7,1325.46,0.15,True,False,Clear,7,SUP-09,3,0,926.85,False,9278.220000000001,2790.27
2025-12-05,P009,Fresh pick 09,Electronics,S02,Store 02,South,6,1559.37,0.0,False,False,Clear,18,SUP-09,3,0,926.85,False,9356.22,3795.119999999999
2025-12-06,P009,Fresh pick 09,Electronics,S02,Store 02,South,3,1559.37,0.0,False,False,Clear,15,SUP-09,3,0,926.85,False,4678.11,1897.5599999999995
2025-12-07,P009,Fresh pick 09,Electronics,S02,Store 02,South,3,1559.37,0.0,False,False,Clear,12,SUP-09,3,0,926.85,False,4678.11,1897.5599999999995
2025-12-08,P009,Fresh pick 09,Electronics,S02,Store 02,South,3,1559.37,0.0,False,False,Rain,27,SUP-09,3,0,926.85,False,4678.11,1897.5599999999995
2025-12-09,P009,Fresh pick 09,Electronics,S02,Store 02,South,7,1481.4,0.05,True,False,Rain,20,SUP-09,3,0,926.85,False,10369.800000000001,3881.8500000000004
2025-12-10,P009,Fresh pick 09,Electronics,S02,Store 02,South,7,1559.37,0.0,False,False,Rain,13,SUP-09,3,0,926.85,False,10915.59,4427.639999999999
2025-12-11,P009,Fresh pick 09,Electronics,S02,Store 02,South,3,1559.37,0.0,False,False,Clear,26,SUP-09,3,0,926.85,False,4678.11,1897.5599999999995
2025-12-12,P009,Fresh pick 09,Electronics,S02,Store 02,South,6,1559.37,0.0,False,False,Clear,20,SUP-09,3,1,926.85,False,9356.22,3795.119999999999
2025-12-13,P009,Fresh pick 09,Electronics,S02,Store 02,South,9,1559.37,0.0,False,False,Clear,11,SUP-09,3,0,926.85,False,14034.329999999998,5692.6799999999985
2025-12-14,P009,Fresh pick 09,Electronics,S02,Store 02,South,8,1559.37,0.0,False,False,Clear,18,SUP-09,3,0,926.85,False,12474.96,5060.159999999999
2025-12-15,P009,Fresh pick 09,Electronics,S02,Store 02,South,4,1559.37,0.0,False,False,Clear,14,SUP-09,3,2,926.85,False,6237.48,2530.0799999999995
2025-12-16,P009,Fresh pick 09,Electronics,S02,Store 02,South,6,1559.37,0.0,False,False,Rain,8,SUP-09,3,2,926.85,False,9356.22,3795.119999999999
2025-12-17,P009,Fresh pick 09,Electronics,S02,Store 02,South,4,1559.37,0.0,False,False,Clear,19,SUP-09,3,0,926.85,False,6237.48,2530.0799999999995
2025-12-18,P009,Fresh pick 09,Electronics,S02,Store 02,South,8,1559.37,0.0,False,False,Clear,11,SUP-09,3,1,926.85,False,12474.96,5060.159999999999
2025-12-19,P009,Fresh pick 09,Electronics,S02,Store 02,South,6,1559.37,0.0,False,False,Clear,5,SUP-09,3,0,926.85,False,9356.22,3795.119999999999
2025-12-20,P009,Fresh pick 09,Electronics,S02,Store 02,South,1,1559.37,0.0,False,False,Rain,18,SUP-09,3,0,926.85,False,1559.37,632.5199999999999
2025-12-21,P009,Fresh pick 09,Electronics,S02,Store 02,South,4,1559.37,0.0,False,False,Clear,14,SUP-09,3,0,926.85,False,6237.48,2530.0799999999995
2025-12-22,P009,Fresh pick 09,Electronics,S02,Store 02,South,2,1559.37,0.0,False,False,Clear,12,SUP-09,3,0,926.85,False,3118.74,1265.0399999999997
2025-12-23,P009,Fresh pick 09,Electronics,S02,Store 02,South,4,1559.37,0.0,False,False,Clear,24,SUP-09,3,0,926.85,False,6237.48,2530.0799999999995
2025-12-24,P009,Fresh pick 09,Electronics,S02,Store 02,South,7,1559.37,0.0,False,False,Clear,17,SUP-09,3,0,926.85,False,10915.59,4427.639999999999
2025-12-25,P009,Fresh pick 09,Electronics,S02,Store 02,South,6,1559.37,0.0,False,True,Clear,11,SUP-09,3,0,926.85,False,9356.22,3795.119999999999
2025-12-26,P009,Fresh pick 09,Electronics,S02,Store 02,South,12,1247.5,0.2,True,False,Clear,14,SUP-09,3,0,926.85,False,14970.0,3847.7999999999997
2025-12-27,P009,Fresh pick 09,Electronics,S02,Store 02,South,12,1559.37,0.0,False,False,Clear,2,SUP-09,3,0,926.85,False,18712.44,7590.239999999998
2025-12-28,P009,Fresh pick 09,Electronics,S02,Store 02,South,2,1559.37,0.0,False,False,Clear,0,SUP-09,3,0,926.85,False,3118.74,1265.0399999999997
2025-12-29,P009,Fresh pick 09,Electronics,S02,Store 02,South,4,1481.4,0.05,True,False,Rain,11,SUP-09,3,0,926.85,False,5925.6,2218.2000000000003
2025-12-30,P009,Fresh pick 09,Electronics,S02,Store 02,South,9,1325.46,0.15,True,False,Clear,2,SUP-09,3,0,926.85,False,11929.14,3587.4900000000002
2025-12-31,P009,Fresh pick 09,Electronics,S02,Store 02,South,2,1559.37,0.0,False,False,Clear,0,SUP-09,3,0,926.85,True,3118.74,1265.0399999999997
2025-09-03,P009,Fresh pick 09,Electronics,S03,Store 03,East,9,1559.37,0.0,False,False,Clear,33,SUP-09,6,0,926.85,False,14034.329999999998,5692.6799999999985
2025-09-04,P009,Fresh pick 09,Electronics,S03,Store 03,East,10,1559.37,0.0,False,False,Clear,23,SUP-09,6,0,926.85,False,15593.699999999999,6325.199999999999
2025-09-05,P009,Fresh pick 09,Electronics,S03,Store 03,East,11,1559.37,0.0,False,False,Clear,12,SUP-09,6,0,926.85,False,17153.07,6957.719999999998
2025-09-06,P009,Fresh pick 09,Electronics,S03,Store 03,East,5,1559.37,0.0,False,False,Clear,7,SUP-09,6,0,926.85,False,7796.849999999999,3162.5999999999995
2025-09-07,P009,Fresh pick 09,Electronics,S03,Store 03,East,7,1559.37,0.0,False,False,Clear,0,SUP-09,6,1,926.85,True,10915.59,4427.639999999999
2025-09-08,P009,Fresh pick 09,Electronics,S03,Store 03,East,0,1559.37,0.0,False,False,Clear,0,SUP-09,6,0,926.85,True,0.0,0.0
2025-09-09,P009,Fresh pick 09,Electronics,S03,Store 03,East,7,1559.37,0.0,False,False,Clear,40,SUP-09,6,0,926.85,False,10915.59,4427.639999999999
2025-09-10,P009,Fresh pick 09,Electronics,S03,Store 03,East,3,1559.37,0.0,False,False,Rain,37,SUP-09,6,0,926.85,False,4678.11,1897.5599999999995
2025-09-11,P009,Fresh pick 09,Electronics,S03,Store 03,East,3,1559.37,0.0,False,False,Clear,34,SUP-09,6,0,926.85,False,4678.11,1897.5599999999995
2025-09-12,P009,Fresh pick 09,Electronics,S03,Store 03,East,8,1559.37,0.0,False,False,Rain,26,SUP-09,6,0,926.85,False,12474.96,5060.159999999999
2025-09-13,P009,Fresh pick 09,Electronics,S03,Store 03,East,7,1559.37,0.0,False,False,Clear,19,SUP-09,6,1,926.85,False,10915.59,4427.639999999999
2025-09-14,P009,Fresh pick 09,Electronics,S03,Store 03,East,6,1559.37,0.0,False,False,Clear,13,SUP-09,6,0,926.85,False,9356.22,3795.119999999999
2025-09-15,P009,Fresh pick 09,Electronics,S03,Store 03,East,6,1559.37,0.0,False,False,Clear,60,SUP-09,6,0,926.85,False,9356.22,3795.119999999999
2025-09-16,P009,Fresh pick 09,Electronics,S03,Store 03,East,10,1559.37,0.0,False,False,Clear,50,SUP-09,6,0,926.85,False,15593.699999999999,6325.199999999999
2025-09-17,P009,Fresh pick 09,Electronics,S03,Store 03,East,4,1559.37,0.0,False,False,Clear,46,SUP-09,6,0,926.85,False,6237.48,2530.0799999999995
2025-09-18,P009,Fresh pick 09,Electronics,S03,Store 03,East,3,1559.37,0.0,False,False,Clear,43,SUP-09,6,0,926.85,False,4678.11,1897.5599999999995
2025-09-19,P009,Fresh pick 09,Electronics,S03,Store 03,East,6,1559.37,0.0,False,False,Clear,37,SUP-09,6,0,926.85,False,9356.22,3795.119999999999
2025-09-20,P009,Fresh pick 09,Electronics,S03,Store 03,East,10,1559.37,0.0,False,False,Clear,27,SUP-09,6,0,926.85,False,15593.699999999999,6325.199999999999
2025-09-21,P009,Fresh pick 09,Electronics,S03,Store 03,East,4,1559.37,0.0,False,False,Clear,67,SUP-09,6,0,926.85,False,6237.48,2530.0799999999995
2025-09-22,P009,Fresh pick 09,Electronics,S03,Store 03,East,5,1559.37,0.0,False,False,Clear,62,SUP-09,6,0,926.85,False,7796.849999999999,3162.5999999999995
2025-09-23,P009,Fresh pick 09,Electronics,S03,Store 03,East,3,1559.37,0.0,False,False,Clear,59,SUP-09,6,0,926.85,False,4678.11,1897.5599999999995
2025-09-24,P009,Fresh pick 09,Electronics,S03,Store 03,East,2,1559.37,0.0,False,False,Clear,57,SUP-09,6,0,926.85,False,3118.74,1265.0399999999997
2025-09-25,P009,Fresh pick 09,Electronics,S03,Store 03,East,2,1559.37,0.0,False,False,Clear,55,SUP-09,6,0,926.85,False,3118.74,1265.0399999999997
2025-09-26,P009,Fresh pick 09,Electronics,S03,Store 03,East,6,1559.37,0.0,False,False,Clear,49,SUP-09,6,1,926.85,False,9356.22,3795.119999999999
2025-09-27,P009,Fresh pick 09,Electronics,S03,Store 03,East,9,1559.37,0.0,False,False,Clear,90,SUP-09,6,0,926.85,False,14034.329999999998,5692.6799999999985
2025-09-28,P009,Fresh pick 09,Electronics,S03,Store 03,East,7,1559.37,0.0,False,False,Rain,83,SUP-09,6,0,926.85,False,10915.59,4427.639999999999
2025-09-29,P009,Fresh pick 09,Electronics,S03,Store 03,East,6,1559.37,0.0,False,False,Clear,77,SUP-09,6,1,926.85,False,9356.22,3795.119999999999
2025-09-30,P009,Fresh pick 09,Electronics,S03,Store 03,East,5,1559.37,0.0,False,False,Clear,72,SUP-09,6,0,926.85,False,7796.849999999999,3162.5999999999995
2025-10-01,P009,Fresh pick 09,Electronics,S03,Store 03,East,7,1559.37,0.0,False,False,Clear,65,SUP-09,6,0,926.85,False,10915.59,4427.639999999999
2025-10-02,P009,Fresh pick 09,Electronics,S03,Store 03,East,9,1559.37,0.0,False,True,Rain,56,SUP-09,6,0,926.85,False,14034.329999999998,5692.6799999999985
2025-10-03,P009,Fresh pick 09,Electronics,S03,Store 03,East,11,1559.37,0.0,False,False,Clear,94,SUP-09,6,0,926.85,False,17153.07,6957.719999999998
2025-10-04,P009,Fresh pick 09,Electronics,S03,Store 03,East,12,1559.37,0.0,False,False,Rain,82,SUP-09,6,0,926.85,False,18712.44,7590.239999999998
2025-10-05,P009,Fresh pick 09,Electronics,S03,Store 03,East,16,1559.37,0.0,False,False,Clear,66,SUP-09,6,0,926.85,False,24949.92,10120.319999999998
2025-10-06,P009,Fresh pick 09,Electronics,S03,Store 03,East,10,1559.37,0.0,False,False,Clear,56,SUP-09,6,1,926.85,False,15593.699999999999,6325.199999999999
2025-10-07,P009,Fresh pick 09,Electronics,S03,Store 03,East,8,1559.37,0.0,False,False,Clear,48,SUP-09,6,0,926.85,False,12474.96,5060.159999999999
2025-10-08,P009,Fresh pick 09,Electronics,S03,Store 03,East,8,1559.37,0.0,False,False,Rain,40,SUP-09,6,0,926.85,False,12474.96,5060.159999999999
2025-10-09,P009,Fresh pick 09,Electronics,S03,Store 03,East,8,1559.37,0.0,False,False,Clear,81,SUP-09,6,0,926.85,False,12474.96,5060.159999999999
2025-10-10,P009,Fresh pick 09,Electronics,S03,Store 03,East,10,1325.46,0.15,True,False,Clear,71,SUP-09,6,0,926.85,False,13254.6,3986.1000000000004
2025-10-11,P009,Fresh pick 09,Electronics,S03,Store 03,East,12,1559.37,0.0,False,False,Clear,59,SUP-09,6,0,926.85,False,18712.44,7590.239999999998
2025-10-12,P009,Fresh pick 09,Electronics,S03,Store 03,East,4,1559.37,0.0,False,False,Clear,55,SUP-09,6,0,926.85,False,6237.48,2530.0799999999995
2025-10-13,P009,Fresh pick 09,Electronics,S03,Store 03,East,10,1559.37,0.0,False,False,Clear,45,SUP-09,6,0,926.85,False,15593.699999999999,6325.199999999999
2025-10-14,P009,Fresh pick 09,Electronics,S03,Store 03,East,6,1559.37,0.0,False,False,Clear,39,SUP-09,6,0,926.85,False,9356.22,3795.119999999999
2025-10-15,P009,Fresh pick 09,Electronics,S03,Store 03,East,8,1559.37,0.0,False,False,Clear,78,SUP-09,6,1,926.85,False,12474.96,5060.159999999999
2025-10-16,P009,Fresh pick 09,Electronics,S03,Store 03,East,7,1559.37,0.0,False,False,Clear,71,SUP-09,6,0,926.85,False,10915.59,4427.639999999999
2025-10-17,P009,Fresh pick 09,Electronics,S03,Store 03,East,7,1559.37,0.0,False,False,Clear,64,SUP-09,6,0,926.85,False,10915.59,4427.639999999999
2025-10-18,P009,Fresh pick 09,Electronics,S03,Store 03,East,7,1559.37,0.0,False,False,Clear,57,SUP-09,6,0,926.85,False,10915.59,4427.639999999999
2025-10-19,P009,Fresh pick 09,Electronics,S03,Store 03,East,4,1559.37,0.0,False,False,Clear,53,SUP-09,6,0,926.85,False,6237.48,2530.0799999999995
2025-10-20,P009,Fresh pick 09,Electronics,S03,Store 03,East,5,1559.37,0.0,False,False,Clear,48,SUP-09,6,0,926.85,False,7796.849999999999,3162.5999999999995
2025-10-21,P009,Fresh pick 09,Electronics,S03,Store 03,East,5,1559.37,0.0,False,False,Clear,88,SUP-09,6,0,926.85,False,7796.849999999999,3162.5999999999995
2025-10-22,P009,Fresh pick 09,Electronics,S03,Store 03,East,6,1559.37,0.0,False,False,Clear,82,SUP-09,6,0,926.85,False,9356.22,3795.119999999999
2025-10-23,P009,Fresh pick 09,Electronics,S03,Store 03,East,6,1247.5,0.2,True,False,Clear,76,SUP-09,6,0,926.85,False,7485.0,1923.8999999999999
2025-10-24,P009,Fresh pick 09,Electronics,S03,Store 03,East,4,1559.37,0.0,False,False,Rain,72,SUP-09,6,0,926.85,False,6237.48,2530.0799999999995
2025-10-25,P009,Fresh pick 09,Electronics,S03,Store 03,East,5,1559.37,0.0,False,False,Clear,67,SUP-09,6,0,926.85,False,7796.849999999999,3162.5999999999995
2025-10-26,P009,Fresh pick 09,Electronics,S03,Store 03,East,10,1559.37,0.0,False,False,Clear,57,SUP-09,6,0,926.85,False,15593.699999999999,6325.199999999999
2025-10-27,P009,Fresh pick 09,Electronics,S03,Store 03,East,9,1559.37,0.0,False,False,Clear,100,SUP-09,6,1,926.85,False,14034.329999999998,5692.6799999999985
2025-10-28,P009,Fresh pick 09,Electronics,S03,Store 03,East,13,1559.37,0.0,False,False,Clear,87,SUP-09,6,0,926.85,False,20271.809999999998,8222.759999999998
2025-10-29,P009,Fresh pick 09,Electronics,S03,Store 03,East,3,1559.37,0.0,False,False,Clear,84,SUP-09,6,0,926.85,False,4678.11,1897.5599999999995
2025-10-30,P009,Fresh pick 09,Electronics,S03,Store 03,East,6,1559.37,0.0,False,False,Clear,78,SUP-09,6,0,926.85,False,9356.22,3795.119999999999
2025-10-31,P009,Fresh pick 09,Electronics,S03,Store 03,East,2,1559.37,0.0,False,False,Clear,76,SUP-09,6,0,926.85,False,3118.74,1265.0399999999997
2025-11-01,P009,Fresh pick 09,Electronics,S03,Store 03,East,9,1559.37,0.0,False,False,Clear,67,SUP-09,6,0,926.85,False,14034.329999999998,5692.6799999999985
2025-11-02,P009,Fresh pick 09,Electronics,S03,Store 03,East,7,1559.37,0.0,False,False,Clear,109,SUP-09,6,0,926.85,False,10915.59,4427.639999999999
2025-11-03,P009,Fresh pick 09,Electronics,S03,Store 03,East,7,1559.37,0.0,False,False,Clear,102,SUP-09,6,0,926.85,False,10915.59,4427.639999999999
2025-11-04,P009,Fresh pick 09,Electronics,S03,Store 03,East,6,1559.37,0.0,False,False,Clear,96,SUP-09,6,0,926.85,False,9356.22,3795.119999999999
2025-11-05,P009,Fresh pick 09,Electronics,S03,Store 03,East,8,1559.37,0.0,False,False,Clear,88,SUP-09,6,0,926.85,False,12474.96,5060.159999999999
2025-11-06,P009,Fresh pick 09,Electronics,S03,Store 03,East,8,1559.37,0.0,False,False,Clear,80,SUP-09,6,1,926.85,False,12474.96,5060.159999999999
2025-11-07,P009,Fresh pick 09,Electronics,S03,Store 03,East,9,1559.37,0.0,False,False,Clear,71,SUP-09,6,0,926.85,False,14034.329999999998,5692.6799999999985
2025-11-08,P009,Fresh pick 09,Electronics,S03,Store 03,East,9,1559.37,0.0,False,False,Clear,111,SUP-09,6,0,926.85,False,14034.329999999998,5692.6799999999985
2025-11-09,P009,Fresh pick 09,Electronics,S03,Store 03,East,13,1559.37,0.0,False,False,Clear,98,SUP-09,6,0,926.85,False,20271.809999999998,8222.759999999998
2025-11-10,P009,Fresh pick 09,Electronics,S03,Store 03,East,8,1559.37,0.0,False,False,Clear,90,SUP-09,6,0,926.85,False,12474.96,5060.159999999999
2025-11-11,P009,Fresh pick 09,Electronics,S03,Store 03,East,3,1559.37,0.0,False,False,Clear,87,SUP-09,6,0,926.85,False,4678.11,1897.5599999999995
2025-11-12,P009,Fresh pick 09,Electronics,S03,Store 03,East,9,1481.4,0.05,True,False,Clear,78,SUP-09,6,0,926.85,False,13332.6,4990.950000000001
2025-11-13,P009,Fresh pick 09,Electronics,S03,Store 03,East,15,1559.37,0.0,False,False,Clear,63,SUP-09,6,0,926.85,False,23390.55,9487.799999999997
2025-11-14,P009,Fresh pick 09,Electronics,S03,Store 03,East,11,1325.46,0.15,True,False,Clear,101,SUP-09,6,1,926.85,False,14580.060000000001,4384.71
2025-11-15,P009,Fresh pick 09,Electronics,S03,Store 03,East,5,1559.37,0.0,False,False,Clear,96,SUP-09,6,0,926.85,False,7796.849999999999,3162.5999999999995
2025-11-16,P009,Fresh pick 09,Electronics,S03,Store 03,East,3,1559.37,0.0,False,False,Clear,93,SUP-09,6,0,926.85,False,4678.11,1897.5599999999995
2025-11-17,P009,Fresh pick 09,Electronics,S03,Store 03,East,6,1559.37,0.0,False,False,Clear,87,SUP-09,6,0,926.85,False,9356.22,3795.119999999999
2025-11-18,P009,Fresh pick 09,Electronics,S03,Store 03,East,4,1559.37,0.0,False,False,Clear,83,SUP-09,6,0,926.85,False,6237.48,2530.0799999999995
2025-11-19,P009,Fresh pick 09,Electronics,S03,Store 03,East,6,1559.37,0.0,False,False,Clear,77,SUP-09,6,0,926.85,False,9356.22,3795.119999999999
2025-11-20,P009,Fresh pick 09,Electronics,S03,Store 03,East,7,1559.37,0.0,False,False,Clear,118,SUP-09,6,0,926.85,False,10915.59,4427.639999999999
2025-11-21,P009,Fresh pick 09,Electronics,S03,Store 03,East,9,1559.37,0.0,False,False,Clear,109,SUP-09,6,0,926.85,False,14034.329999999998,5692.6799999999985
2025-11-22,P009,Fresh pick 09,Electronics,S03,Store 03,East,5,1559.37,0.0,False,False,Rain,104,SUP-09,6,0,926.85,False,7796.849999999999,3162.5999999999995
2025-11-23,P009,Fresh pick 09,Electronics,S03,Store 03,East,6,1559.37,0.0,False,False,Clear,98,SUP-09,6,0,926.85,False,9356.22,3795.119999999999
2025-11-24,P009,Fresh pick 09,Electronics,S03,Store 03,East,2,1559.37,0.0,False,False,Clear,96,SUP-09,6,0,926.85,False,3118.74,1265.0399999999997
2025-11-25,P009,Fresh pick 09,Electronics,S03,Store 03,East,4,1559.37,0.0,False,False,Clear,92,SUP-09,6,0,926.85,False,6237.48,2530.0799999999995
2025-11-26,P009,Fresh pick 09,Electronics,S03,Store 03,East,3,1559.37,0.0,False,False,Rain,138,SUP-09,6,0,926.85,False,4678.11,1897.5599999999995
2025-11-27,P009,Fresh pick 09,Electronics,S03,Store 03,East,4,1559.37,0.0,False,False,Clear,134,SUP-09,6,0,926.85,False,6237.48,2530.0799999999995
2025-11-28,P009,Fresh pick 09,Electronics,S03,Store 03,East,1,1559.37,0.0,False,False,Clear,133,SUP-09,6,0,926.85,False,1559.37,632.5199999999999
2025-11-29,P009,Fresh pick 09,Electronics,S03,Store 03,East,8,1481.4,0.05,True,False,Clear,125,SUP-09,6,0,926.85,False,11851.2,4436.400000000001
2025-11-30,P009,Fresh pick 09,Electronics,S03,Store 03,East,5,1559.37,0.0,False,False,Clear,120,SUP-09,6,0,926.85,False,7796.849999999999,3162.5999999999995
2025-12-01,P009,Fresh pick 09,Electronics,S03,Store 03,East,9,1559.37,0.0,False,False,Clear,111,SUP-09,6,0,926.85,False,14034.329999999998,5692.6799999999985
2025-12-02,P009,Fresh pick 09,Electronics,S03,Store 03,East,11,1559.37,0.0,False,False,Clear,153,SUP-09,6,0,926.85,False,17153.07,6957.719999999998
2025-12-03,P009,Fresh pick 09,Electronics,S03,Store 03,East,9,1247.5,0.2,True,False,Clear,144,SUP-09,6,0,926.85,False,11227.5,2885.85
2025-12-04,P009,Fresh pick 09,Electronics,S03,Store 03,East,7,1559.37,0.0,False,False,Clear,137,SUP-09,6,0,926.85,False,10915.59,4427.639999999999
2025-12-05,P009,Fresh pick 09,Electronics,S03,Store 03,East,11,1559.37,0.0,False,False,Clear,126,SUP-09,6,0,926.85,False,17153.07,6957.719999999998
2025-12-06,P009,Fresh pick 09,Electronics,S03,Store 03,East,11,1559.37,0.0,False,False,Clear,115,SUP-09,6,0,926.85,False,17153.07,6957.719999999998
2025-12-07,P009,Fresh pick 09,Electronics,S03,Store 03,East,12,1559.37,0.0,False,False,Clear,103,SUP-09,6,0,926.85,False,18712.44,7590.239999999998
2025-12-08,P009,Fresh pick 09,Electronics,S03,Store 03,East,9,1559.37,0.0,False,False,Clear,141,SUP-09,6,0,926.85,False,14034.329999999998,5692.6799999999985
2025-12-09,P009,Fresh pick 09,Electronics,S03,Store 03,East,7,1559.37,0.0,False,False,Rain,134,SUP-09,6,0,926.85,False,10915.59,4427.639999999999
2025-12-10,P009,Fresh pick 09,Electronics,S03,Store 03,East,9,1559.37,0.0,False,False,Clear,125,SUP-09,6,0,926.85,False,14034.329999999998,5692.6799999999985
2025-12-11,P009,Fresh pick 09,Electronics,S03,Store 03,East,9,1559.37,0.0,False,False,Clear,116,SUP-09,6,1,926.85,False,14034.329999999998,5692.6799999999985
2025-12-12,P009,Fresh pick 09,Electronics,S03,Store 03,East,9,1559.37,0.0,False,False,Clear,107,SUP-09,6,0,926.85,False,14034.329999999998,5692.6799999999985
2025-12-13,P009,Fresh pick 09,Electronics,S03,Store 03,East,6,1559.37,0.0,False,False,Rain,101,SUP-09,6,0,926.85,False,9356.22,3795.119999999999
2025-12-14,P009,Fresh pick 09,Electronics,S03,Store 03,East,8,1559.37,0.0,False,False,Clear,137,SUP-09,6,0,926.85,False,12474.96,5060.159999999999
2025-12-15,P009,Fresh pick 09,Electronics,S03,Store 03,East,6,1559.37,0.0,False,False,Clear,131,SUP-09,6,0,926.85,False,9356.22,3795.119999999999
2025-12-16,P009,Fresh pick 09,Electronics,S03,Store 03,East,8,1559.37,0.0,False,False,Clear,123,SUP-09,6,0,926.85,False,12474.96,5060.159999999999
2025-12-17,P009,Fresh pick 09,Electronics,S03,Store 03,East,9,1559.37,0.0,False,False,Clear,114,SUP-09,6,0,926.85,False,14034.329999999998,5692.6799999999985
2025-12-18,P009,Fresh pick 09,Electronics,S03,Store 03,East,4,1559.37,0.0,False,False,Clear,110,SUP-09,6,0,926.85,False,6237.48,2530.0799999999995
2025-12-19,P009,Fresh pick 09,Electronics,S03,Store 03,East,4,1559.37,0.0,False,False,Rain,106,SUP-09,6,0,926.85,False,6237.48,2530.0799999999995
2025-12-20,P009,Fresh pick 09,Electronics,S03,Store 03,East,3,1559.37,0.0,False,False,Clear,150,SUP-09,6,0,926.85,False,4678.11,1897.5599999999995
2025-12-21,P009,Fresh pick 09,Electronics,S03,Store 03,East,10,1559.37,0.0,False,False,Clear,140,SUP-09,6,0,926.85,False,15593.699999999999,6325.199999999999
2025-12-22,P009,Fresh pick 09,Electronics,S03,Store 03,East,6,1559.37,0.0,False,False,Clear,134,SUP-09,6,0,926.85,False,9356.22,3795.119999999999
2025-12-23,P009,Fresh pick 09,Electronics,S03,Store 03,East,11,1559.37,0.0,False,False,Clear,123,SUP-09,6,0,926.85,False,17153.07,6957.719999999998
2025-12-24,P009,Fresh pick 09,Electronics,S03,Store 03,East,8,1559.37,0.0,False,False,Rain,115,SUP-09,6,1,926.85,False,12474.96,5060.159999999999
2025-12-25,P009,Fresh pick 09,Electronics,S03,Store 03,East,5,1559.37,0.0,False,True,Clear,110,SUP-09,6,0,926.85,False,7796.849999999999,3162.5999999999995
2025-12-26,P009,Fresh pick 09,Electronics,S03,Store 03,East,11,1559.37,0.0,False,False,Clear,149,SUP-09,6,0,926.85,False,17153.07,6957.719999999998
2025-12-27,P009,Fresh pick 09,Electronics,S03,Store 03,East,11,1559.37,0.0,False,False,Clear,138,SUP-09,6,0,926.85,False,17153.07,6957.719999999998
2025-12-28,P009,Fresh pick 09,Electronics,S03,Store 03,East,9,1559.37,0.0,False,False,Clear,129,SUP-09,6,0,926.85,False,14034.329999999998,5692.6799999999985
2025-12-29,P009,Fresh pick 09,Electronics,S03,Store 03,East,7,1559.37,0.0,False,False,Clear,122,SUP-09,6,0,926.85,False,10915.59,4427.639999999999
2025-12-30,P009,Fresh pick 09,Electronics,S03,Store 03,East,6,1559.37,0.0,False,False,Clear,116,SUP-09,6,0,926.85,False,9356.22,3795.119999999999
2025-12-31,P009,Fresh pick 09,Electronics,S03,Store 03,East,9,1559.37,0.0,False,False,Rain,107,SUP-09,6,0,926.85,False,14034.329999999998,5692.6799999999985
2025-09-03,P009,Fresh pick 09,Electronics,S04,Store 04,West,4,1559.37,0.0,False,False,Clear,82,SUP-09,4,1,926.85,False,6237.48,2530.0799999999995
2025-09-04,P009,Fresh pick 09,Electronics,S04,Store 04,West,5,1559.37,0.0,False,False,Clear,77,SUP-09,4,1,926.85,False,7796.849999999999,3162.5999999999995
2025-09-05,P009,Fresh pick 09,Electronics,S04,Store 04,West,6,1325.46,0.15,True,False,Clear,71,SUP-09,4,0,926.85,False,7952.76,2391.66
2025-09-06,P009,Fresh pick 09,Electronics,S04,Store 04,West,6,1559.37,0.0,False,False,Clear,65,SUP-09,4,1,926.85,False,9356.22,3795.119999999999
2025-09-07,P009,Fresh pick 09,Electronics,S04,Store 04,West,6,1403.43,0.1,True,False,Clear,80,SUP-09,4,0,926.85,False,8420.58,2859.4800000000005
2025-09-08,P009,Fresh pick 09,Electronics,S04,Store 04,West,3,1559.37,0.0,False,False,Clear,77,SUP-09,4,0,926.85,False,4678.11,1897.5599999999995
2025-09-09,P009,Fresh pick 09,Electronics,S04,Store 04,West,1,1559.37,0.0,False,False,Clear,76,SUP-09,4,0,926.85,False,1559.37,632.5199999999999
2025-09-10,P009,Fresh pick 09,Electronics,S04,Store 04,West,6,1559.37,0.0,False,False,Clear,70,SUP-09,4,0,926.85,False,9356.22,3795.119999999999
2025-09-11,P009,Fresh pick 09,Electronics,S04,Store 04,West,6,1559.37,0.0,False,False,Clear,87,SUP-09,4,0,926.85,False,9356.22,3795.119999999999
2025-09-12,P009,Fresh pick 09,Electronics,S04,Store 04,West,7,1559.37,0.0,False,False,Rain,80,SUP-09,4,0,926.85,False,10915.59,4427.639999999999
2025-09-13,P009,Fresh pick 09,Electronics,S04,Store 04,West,2,1325.46,0.15,True,False,Rain,78,SUP-09,4,0,926.85,False,2650.92,797.22
2025-09-14,P009,Fresh pick 09,Electronics,S04,Store 04,West,7,1559.37,0.0,False,False,Clear,71,SUP-09,4,0,926.85,False,10915.59,4427.639999999999
2025-09-15,P009,Fresh pick 09,Electronics,S04,Store 04,West,3,1559.37,0.0,False,False,Clear,89,SUP-09,4,1,926.85,False,4678.11,1897.5599999999995
2025-09-16,P009,Fresh pick 09,Electronics,S04,Store 04,West,7,1559.37,0.0,False,False,Clear,82,SUP-09,4,1,926.85,False,10915.59,4427.639999999999
2025-09-17,P009,Fresh pick 09,Electronics,S04,Store 04,West,5,1559.37,0.0,False,False,Clear,77,SUP-09,4,0,926.85,False,7796.849999999999,3162.5999999999995
2025-09-18,P009,Fresh pick 09,Electronics,S04,Store 04,West,2,1559.37,0.0,False,False,Clear,75,SUP-09,4,0,926.85,False,3118.74,1265.0399999999997
2025-09-19,P009,Fresh pick 09,Electronics,S04,Store 04,West,5,1247.5,0.2,True,False,Clear,89,SUP-09,4,0,926.85,False,6237.5,1603.25
2025-09-20,P009,Fresh pick 09,Electronics,S04,Store 04,West,4,1559.37,0.0,False,False,Clear,85,SUP-09,4,0,926.85,False,6237.48,2530.0799999999995
2025-09-21,P009,Fresh pick 09,Electronics,S04,Store 04,West,1,1559.37,0.0,False,False,Clear,84,SUP-09,4,0,926.85,False,1559.37,632.5199999999999
2025-09-22,P009,Fresh pick 09,Electronics,S04,Store 04,West,0,1559.37,0.0,False,False,Clear,84,SUP-09,4,0,926.85,False,0.0,0.0
2025-09-23,P009,Fresh pick 09,Electronics,S04,Store 04,West,6,1403.43,0.1,True,False,Clear,100,SUP-09,4,0,926.85,False,8420.58,2859.4800000000005
2025-09-24,P009,Fresh pick 09,Electronics,S04,Store 04,West,5,1559.37,0.0,False,False,Clear,95,SUP-09,4,0,926.85,False,7796.849999999999,3162.5999999999995
2025-09-25,P009,Fresh pick 09,Electronics,S04,Store 04,West,5,1559.37,0.0,False,False,Clear,90,SUP-09,4,0,926.85,False,7796.849999999999,3162.5999999999995
2025-09-26,P009,Fresh pick 09,Electronics,S04,Store 04,West,5,1559.37,0.0,False,False,Clear,85,SUP-09,4,0,926.85,False,7796.849999999999,3162.5999999999995
2025-09-27,P009,Fresh pick 09,Electronics,S04,Store 04,West,8,1559.37,0.0,False,False,Clear,99,SUP-09,4,0,926.85,False,12474.96,5060.159999999999
2025-09-28,P009,Fresh pick 09,Electronics,S04,Store 04,West,4,1559.37,0.0,False,False,Clear,95,SUP-09,4,0,926.85,False,6237.48,2530.0799999999995
2025-09-29,P009,Fresh pick 09,Electronics,S04,Store 04,West,1,1559.37,0.0,False,False,Clear,94,SUP-09,4,0,926.85,False,1559.37,632.5199999999999
2025-09-30,P009,Fresh pick 09,Electronics,S04,Store 04,West,5,1559.37,0.0,False,False,Clear,89,SUP-09,4,1,926.85,False,7796.849999999999,3162.5999999999995
2025-10-01,P009,Fresh pick 09,Electronics,S04,Store 04,West,7,1559.37,0.0,False,False,Clear,102,SUP-09,4,0,926.85,False,10915.59,4427.639999999999
2025-10-02,P009,Fresh pick 09,Electronics,S04,Store 04,West,4,1559.37,0.0,False,True,Rain,98,SUP-09,4,0,926.85,False,6237.48,2530.0799999999995
2025-10-03,P009,Fresh pick 09,Electronics,S04,Store 04,West,7,1559.37,0.0,False,False,Clear,91,SUP-09,4,0,926.85,False,10915.59,4427.639999999999
2025-10-04,P009,Fresh pick 09,Electronics,S04,Store 04,West,5,1559.37,0.0,False,False,Clear,86,SUP-09,4,0,926.85,False,7796.849999999999,3162.5999999999995
2025-10-05,P009,Fresh pick 09,Electronics,S04,Store 04,West,5,1559.37,0.0,False,False,Clear,101,SUP-09,4,0,926.85,False,7796.849999999999,3162.5999999999995
2025-10-06,P009,Fresh pick 09,Electronics,S04,Store 04,West,5,1559.37,0.0,False,False,Clear,96,SUP-09,4,0,926.85,False,7796.849999999999,3162.5999999999995
2025-10-07,P009,Fresh pick 09,Electronics,S04,Store 04,West,5,1559.37,0.0,False,False,Clear,91,SUP-09,4,0,926.85,False,7796.849999999999,3162.5999999999995
2025-10-08,P009,Fresh pick 09,Electronics,S04,Store 04,West,10,1559.37,0.0,False,False,Clear,81,SUP-09,4,0,926.85,False,15593.699999999999,6325.199999999999
2025-10-09,P009,Fresh pick 09,Electronics,S04,Store 04,West,4,1559.37,0.0,False,False,Clear,98,SUP-09,4,0,926.85,False,6237.48,2530.0799999999995
2025-10-10,P009,Fresh pick 09,Electronics,S04,Store 04,West,6,1559.37,0.0,False,False,Clear,92,SUP-09,4,1,926.85,False,9356.22,3795.119999999999
2025-10-11,P009,Fresh pick 09,Electronics,S04,Store 04,West,8,1559.37,0.0,False,False,Clear,84,SUP-09,4,0,926.85,False,12474.96,5060.159999999999
2025-10-12,P009,Fresh pick 09,Electronics,S04,Store 04,West,8,1559.37,0.0,False,False,Rain,76,SUP-09,4,0,926.85,False,12474.96,5060.159999999999
2025-10-13,P009,Fresh pick 09,Electronics,S04,Store 04,West,8,1559.37,0.0,False,False,Clear,88,SUP-09,4,0,926.85,False,12474.96,5060.159999999999
2025-10-14,P009,Fresh pick 09,Electronics,S04,Store 04,West,5,1559.37,0.0,False,False,Clear,83,SUP-09,4,0,926.85,False,7796.849999999999,3162.5999999999995
2025-10-15,P009,Fresh pick 09,Electronics,S04,Store 04,West,9,1325.46,0.15,True,False,Clear,74,SUP-09,4,0,926.85,False,11929.14,3587.4900000000002
2025-10-16,P009,Fresh pick 09,Electronics,S04,Store 04,West,4,1559.37,0.0,False,False,Clear,70,SUP-09,4,0,926.85,False,6237.48,2530.0799999999995
2025-10-17,P009,Fresh pick 09,Electronics,S04,Store 04,West,7,1559.37,0.0,False,False,Clear,83,SUP-09,4,0,926.85,False,10915.59,4427.639999999999
2025-10-18,P009,Fresh pick 09,Electronics,S04,Store 04,West,5,1559.37,0.0,False,False,Clear,78,SUP-09,4,0,926.85,False,7796.849999999999,3162.5999999999995
2025-10-19,P009,Fresh pick 09,Electronics,S04,Store 04,West,4,1559.37,0.0,False,False,Clear,74,SUP-09,4,0,926.85,False,6237.48,2530.0799999999995
2025-10-20,P009,Fresh pick 09,Electronics,S04,Store 04,West,6,1559.37,0.0,False,False,Clear,68,SUP-09,4,0,926.85,False,9356.22,3795.119999999999
2025-10-21,P009,Fresh pick 09,Electronics,S04,Store 04,West,9,1559.37,0.0,False,False,Clear,79,SUP-09,4,0,926.85,False,14034.329999999998,5692.6799999999985
2025-10-22,P009,Fresh pick 09,Electronics,S04,Store 04,West,2,1559.37,0.0,False,False,Clear,77,SUP-09,4,0,926.85,False,3118.74,1265.0399999999997
2025-10-23,P009,Fresh pick 09,Electronics,S04,Store 04,West,4,1559.37,0.0,False,False,Clear,73,SUP-09,4,0,926.85,False,6237.48,2530.0799999999995
2025-10-24,P009,Fresh pick 09,Electronics,S04,Store 04,West,3,1559.37,0.0,False,False,Clear,70,SUP-09,4,0,926.85,False,4678.11,1897.5599999999995
2025-10-25,P009,Fresh pick 09,Electronics,S04,Store 04,West,3,1559.37,0.0,False,False,Clear,86,SUP-09,4,0,926.85,False,4678.11,1897.5599999999995
2025-10-26,P009,Fresh pick 09,Electronics,S04,Store 04,West,4,1559.37,0.0,False,False,Rain,82,SUP-09,4,0,926.85,False,6237.48,2530.0799999999995
2025-10-27,P009,Fresh pick 09,Electronics,S04,Store 04,West,6,1559.37,0.0,False,False,Clear,76,SUP-09,4,0,926.85,False,9356.22,3795.119999999999
2025-10-28,P009,Fresh pick 09,Electronics,S04,Store 04,West,3,1559.37,0.0,False,False,Clear,73,SUP-09,4,0,926.85,False,4678.11,1897.5599999999995
2025-10-29,P009,Fresh pick 09,Electronics,S04,Store 04,West,5,1559.37,0.0,False,False,Clear,91,SUP-09,4,0,926.85,False,7796.849999999999,3162.5999999999995
2025-10-30,P009,Fresh pick 09,Electronics,S04,Store 04,West,3,1559.37,0.0,False,False,Clear,88,SUP-09,4,0,926.85,False,4678.11,1897.5599999999995
2025-10-31,P009,Fresh pick 09,Electronics,S04,Store 04,West,5,1559.37,0.0,False,False,Clear,83,SUP-09,4,0,926.85,False,7796.849999999999,3162.5999999999995
2025-11-01,P009,Fresh pick 09,Electronics,S04,Store 04,West,4,1559.37,0.0,False,False,Clear,79,SUP-09,4,0,926.85,False,6237.48,2530.0799999999995
2025-11-02,P009,Fresh pick 09,Electronics,S04,Store 04,West,11,1559.37,0.0,False,False,Rain,88,SUP-09,4,0,926.85,False,17153.07,6957.719999999998
2025-11-03,P009,Fresh pick 09,Electronics,S04,Store 04,West,8,1325.46,0.15,True,False,Clear,80,SUP-09,4,0,926.85,False,10603.68,3188.88
2025-11-04,P009,Fresh pick 09,Electronics,S04,Store 04,West,6,1559.37,0.0,False,False,Clear,74,SUP-09,4,0,926.85,False,9356.22,3795.119999999999
2025-11-05,P009,Fresh pick 09,Electronics,S04,Store 04,West,7,1403.43,0.1,True,False,Clear,67,SUP-09,4,0,926.85,False,9824.01,3336.0600000000004
2025-11-06,P009,Fresh pick 09,Electronics,S04,Store 04,West,6,1559.37,0.0,False,False,Rain,83,SUP-09,4,1,926.85,False,9356.22,3795.119999999999
2025-11-07,P009,Fresh pick 09,Electronics,S04,Store 04,West,9,1559.37,0.0,False,False,Clear,74,SUP-09,4,0,926.85,False,14034.329999999998,5692.6799999999985
2025-11-08,P009,Fresh pick 09,Electronics,S04,Store 04,West,4,1559.37,0.0,False,False,Clear,70,SUP-09,4,0,926.85,False,6237.48,2530.0799999999995
2025-11-09,P009,Fresh pick 09,Electronics,S04,Store 04,West,6,1559.37,0.0,False,False,Clear,64,SUP-09,4,0,926.85,False,9356.22,3795.119999999999
2025-11-10,P009,Fresh pick 09,Electronics,S04,Store 04,West,8,1559.37,0.0,False,False,Clear,76,SUP-09,4,0,926.85,False,12474.96,5060.159999999999
2025-11-11,P009,Fresh pick 09,Electronics,S04,Store 04,West,2,1559.37,0.0,False,False,Clear,74,SUP-09,4,0,926.85,False,3118.74,1265.0399999999997
2025-11-12,P009,Fresh pick 09,Electronics,S04,Store 04,West,2,1559.37,0.0,False,False,Rain,72,SUP-09,4,0,926.85,False,3118.74,1265.0399999999997
2025-11-13,P009,Fresh pick 09,Electronics,S04,Store 04,West,4,1559.37,0.0,False,False,Clear,68,SUP-09,4,0,926.85,False,6237.48,2530.0799999999995
2025-11-14,P009,Fresh pick 09,Electronics,S04,Store 04,West,0,1559.37,0.0,False,False,Clear,90,SUP-09,4,0,926.85,False,0.0,0.0
2025-11-15,P009,Fresh pick 09,Electronics,S04,Store 04,West,3,1559.37,0.0,False,False,Clear,87,SUP-09,4,0,926.85,False,4678.11,1897.5599999999995
2025-11-16,P009,Fresh pick 09,Electronics,S04,Store 04,West,8,1559.37,0.0,False,False,Clear,79,SUP-09,4,0,926.85,False,12474.96,5060.159999999999
2025-11-17,P009,Fresh pick 09,Electronics,S04,Store 04,West,2,1559.37,0.0,False,False,Clear,77,SUP-09,4,0,926.85,False,3118.74,1265.0399999999997
2025-11-18,P009,Fresh pick 09,Electronics,S04,Store 04,West,11,1559.37,0.0,False,False,Clear,86,SUP-09,4,0,926.85,False,17153.07,6957.719999999998
2025-11-19,P009,Fresh pick 09,Electronics,S04,Store 04,West,2,1559.37,0.0,False,False,Clear,84,SUP-09,4,0,926.85,False,3118.74,1265.0399999999997
2025-11-20,P009,Fresh pick 09,Electronics,S04,Store 04,West,1,1559.37,0.0,False,False,Clear,83,SUP-09,4,0,926.85,False,1559.37,632.5199999999999
2025-11-21,P009,Fresh pick 09,Electronics,S04,Store 04,West,1,1559.37,0.0,False,False,Rain,82,SUP-09,4,0,926.85,False,1559.37,632.5199999999999
2025-11-22,P009,Fresh pick 09,Electronics,S04,Store 04,West,8,1559.37,0.0,False,False,Clear,95,SUP-09,4,0,926.85,False,12474.96,5060.159999999999
2025-11-23,P009,Fresh pick 09,Electronics,S04,Store 04,West,4,1559.37,0.0,False,False,Clear,91,SUP-09,4,0,926.85,False,6237.48,2530.0799999999995
2025-11-24,P009,Fresh pick 09,Electronics,S04,Store 04,West,2,1559.37,0.0,False,False,Clear,89,SUP-09,4,0,926.85,False,3118.74,1265.0399999999997
2025-11-25,P009,Fresh pick 09,Electronics,S04,Store 04,West,8,1559.37,0.0,False,False,Clear,81,SUP-09,4,0,926.85,False,12474.96,5060.159999999999
2025-11-26,P009,Fresh pick 09,Electronics,S04,Store 04,West,1,1559.37,0.0,False,False,Clear,100,SUP-09,4,0,926.85,False,1559.37,632.5199999999999
2025-11-27,P009,Fresh pick 09,Electronics,S04,Store 04,West,7,1559.37,0.0,False,False,Clear,93,SUP-09,4,0,926.85,False,10915.59,4427.639999999999
2025-11-28,P009,Fresh pick 09,Electronics,S04,Store 04,West,7,1559.37,0.0,False,False,Rain,86,SUP-09,4,0,926.85,False,10915.59,4427.639999999999
2025-11-29,P009,Fresh pick 09,Electronics,S04,Store 04,West,3,1559.37,0.0,False,False,Clear,83,SUP-09,4,0,926.85,False,4678.11,1897.5599999999995
2025-11-30,P009,Fresh pick 09,Electronics,S04,Store 04,West,3,1559.37,0.0,False,False,Clear,101,SUP-09,4,0,926.85,False,4678.11,1897.5599999999995
2025-12-01,P009,Fresh pick 09,Electronics,S04,Store 04,West,4,1559.37,0.0,False,False,Clear,97,SUP-09,4,0,926.85,False,6237.48,2530.0799999999995
2025-12-02,P009,Fresh pick 09,Electronics,S04,Store 04,West,5,1559.37,0.0,False,False,Clear,92,SUP-09,4,0,926.85,False,7796.849999999999,3162.5999999999995
2025-12-03,P009,Fresh pick 09,Electronics,S04,Store 04,West,8,1559.37,0.0,False,False,Clear,84,SUP-09,4,0,926.85,False,12474.96,5060.159999999999
2025-12-04,P009,Fresh pick 09,Electronics,S04,Store 04,West,9,1559.37,0.0,False,False,Clear,95,SUP-09,4,0,926.85,False,14034.329999999998,5692.6799999999985
2025-12-05,P009,Fresh pick 09,Electronics,S04,Store 04,West,7,1559.37,0.0,False,False,Rain,88,SUP-09,4,1,926.85,False,10915.59,4427.639999999999
2025-12-06,P009,Fresh pick 09,Electronics,S04,Store 04,West,4,1559.37,0.0,False,False,Rain,84,SUP-09,4,0,926.85,False,6237.48,2530.0799999999995
2025-12-07,P009,Fresh pick 09,Electronics,S04,Store 04,West,6,1247.5,0.2,True,False,Clear,78,SUP-09,4,0,926.85,False,7485.0,1923.8999999999999
2025-12-08,P009,Fresh pick 09,Electronics,S04,Store 04,West,8,1559.37,0.0,False,False,Clear,89,SUP-09,4,0,926.85,False,12474.96,5060.159999999999
2025-12-09,P009,Fresh pick 09,Electronics,S04,Store 04,West,7,1559.37,0.0,False,False,Clear,82,SUP-09,4,0,926.85,False,10915.59,4427.639999999999
2025-12-10,P009,Fresh pick 09,Electronics,S04,Store 04,West,6,1559.37,0.0,False,False,Rain,76,SUP-09,4,0,926.85,False,9356.22,3795.119999999999
2025-12-11,P009,Fresh pick 09,Electronics,S04,Store 04,West,4,1559.37,0.0,False,False,Clear,72,SUP-09,4,0,926.85,False,6237.48,2530.0799999999995
2025-12-12,P009,Fresh pick 09,Electronics,S04,Store 04,West,11,1559.37,0.0,False,False,Clear,84,SUP-09,4,0,926.85,False,17153.07,6957.719999999998
2025-12-13,P009,Fresh pick 09,Electronics,S04,Store 04,West,8,1559.37,0.0,False,False,Clear,76,SUP-09,4,0,926.85,False,12474.96,5060.159999999999
2025-12-14,P009,Fresh pick 09,Electronics,S04,Store 04,West,5,1325.46,0.15,True,False,Clear,71,SUP-09,4,0,926.85,False,6627.3,1993.0500000000002
2025-12-15,P009,Fresh pick 09,Electronics,S04,Store 04,West,4,1559.37,0.0,False,False,Clear,67,SUP-09,4,0,926.85,False,6237.48,2530.0799999999995
2025-12-16,P009,Fresh pick 09,Electronics,S04,Store 04,West,5,1559.37,0.0,False,False,Clear,83,SUP-09,4,0,926.85,False,7796.849999999999,3162.5999999999995
2025-12-17,P009,Fresh pick 09,Electronics,S04,Store 04,West,4,1559.37,0.0,False,False,Clear,79,SUP-09,4,0,926.85,False,6237.48,2530.0799999999995
2025-12-18,P009,Fresh pick 09,Electronics,S04,Store 04,West,4,1559.37,0.0,False,False,Clear,75,SUP-09,4,0,926.85,False,6237.48,2530.0799999999995
2025-12-19,P009,Fresh pick 09,Electronics,S04,Store 04,West,5,1559.37,0.0,False,False,Clear,70,SUP-09,4,0,926.85,False,7796.849999999999,3162.5999999999995
2025-12-20,P009,Fresh pick 09,Electronics,S04,Store 04,West,6,1559.37,0.0,False,False,Clear,83,SUP-09,4,0,926.85,False,9356.22,3795.119999999999
2025-12-21,P009,Fresh pick 09,Electronics,S04,Store 04,West,9,1559.37,0.0,False,False,Clear,74,SUP-09,4,0,926.85,False,14034.329999999998,5692.6799999999985
2025-12-22,P009,Fresh pick 09,Electronics,S04,Store 04,West,3,1559.37,0.0,False,False,Clear,71,SUP-09,4,0,926.85,False,4678.11,1897.5599999999995
2025-12-23,P009,Fresh pick 09,Electronics,S04,Store 04,West,2,1559.37,0.0,False,False,Clear,69,SUP-09,4,0,926.85,False,3118.74,1265.0399999999997
2025-12-24,P009,Fresh pick 09,Electronics,S04,Store 04,West,5,1559.37,0.0,False,False,Clear,87,SUP-09,4,0,926.85,False,7796.849999999999,3162.5999999999995
2025-12-25,P009,Fresh pick 09,Electronics,S04,Store 04,West,6,1559.37,0.0,False,True,Clear,81,SUP-09,4,0,926.85,False,9356.22,3795.119999999999
2025-12-26,P009,Fresh pick 09,Electronics,S04,Store 04,West,2,1559.37,0.0,False,False,Clear,79,SUP-09,4,0,926.85,False,3118.74,1265.0399999999997
2025-12-27,P009,Fresh pick 09,Electronics,S04,Store 04,West,2,1559.37,0.0,False,False,Clear,77,SUP-09,4,1,926.85,False,3118.74,1265.0399999999997
2025-12-28,P009,Fresh pick 09,Electronics,S04,Store 04,West,5,1559.37,0.0,False,False,Clear,95,SUP-09,4,0,926.85,False,7796.849999999999,3162.5999999999995
2025-12-29,P009,Fresh pick 09,Electronics,S04,Store 04,West,8,1559.37,0.0,False,False,Clear,87,SUP-09,4,0,926.85,False,12474.96,5060.159999999999
2025-12-30,P009,Fresh pick 09,Electronics,S04,Store 04,West,3,1559.37,0.0,False,False,Rain,84,SUP-09,4,0,926.85,False,4678.11,1897.5599999999995
2025-12-31,P009,Fresh pick 09,Electronics,S04,Store 04,West,5,1559.37,0.0,False,False,Clear,79,SUP-09,4,0,926.85,False,7796.849999999999,3162.5999999999995
2025-09-03,P010,Studio edition 10,Home,S01,Store 01,North,16,2041.28,0.0,False,False,Clear,76,SUP-01,12,0,1465.3,False,32660.48,9215.68
2025-09-04,P010,Studio edition 10,Home,S01,Store 01,North,13,2041.28,0.0,False,False,Clear,63,SUP-01,12,0,1465.3,False,26536.64,7487.74
2025-09-05,P010,Studio edition 10,Home,S01,Store 01,North,17,2041.28,0.0,False,False,Clear,46,SUP-01,12,0,1465.3,False,34701.76,9791.66
2025-09-06,P010,Studio edition 10,Home,S01,Store 01,North,12,2041.28,0.0,False,False,Clear,34,SUP-01,12,0,1465.3,False,24495.36,6911.76
2025-09-07,P010,Studio edition 10,Home,S01,Store 01,North,22,2041.28,0.0,False,False,Clear,12,SUP-01,12,2,1465.3,False,44908.159999999996,12671.560000000001
2025-09-08,P010,Studio edition 10,Home,S01,Store 01,North,12,2041.28,0.0,False,False,Clear,0,SUP-01,12,0,1465.3,True,24495.36,6911.76
2025-09-09,P010,Studio edition 10,Home,S01,Store 01,North,0,2041.28,0.0,False,False,Clear,0,SUP-01,12,0,1465.3,True,0.0,0.0
2025-09-10,P010,Studio edition 10,Home,S01,Store 01,North,0,2041.28,0.0,False,False,Rain,0,SUP-01,12,0,1465.3,True,0.0,0.0
2025-09-11,P010,Studio edition 10,Home,S01,Store 01,North,0,2041.28,0.0,False,False,Clear,0,SUP-01,12,0,1465.3,True,0.0,0.0
2025-09-12,P010,Studio edition 10,Home,S01,Store 01,North,0,2041.28,0.0,False,False,Clear,0,SUP-01,12,0,1465.3,True,0.0,0.0
2025-09-13,P010,Studio edition 10,Home,S01,Store 01,North,0,2041.28,0.0,False,False,Clear,0,SUP-01,12,0,1465.3,True,0.0,0.0
2025-09-14,P010,Studio edition 10,Home,S01,Store 01,North,0,2041.28,0.0,False,False,Clear,0,SUP-01,12,0,1465.3,True,0.0,0.0
2025-09-15,P010,Studio edition 10,Home,S01,Store 01,North,15,2041.28,0.0,False,False,Clear,154,SUP-01,12,0,1465.3,False,30619.2,8639.7
2025-09-16,P010,Studio edition 10,Home,S01,Store 01,North,10,2041.28,0.0,False,False,Clear,144,SUP-01,12,1,1465.3,False,20412.8,5759.8
2025-09-17,P010,Studio edition 10,Home,S01,Store 01,North,9,2041.28,0.0,False,False,Clear,135,SUP-01,12,0,1465.3,False,18371.52,5183.82
2025-09-18,P010,Studio edition 10,Home,S01,Store 01,North,7,2041.28,0.0,False,False,Clear,128,SUP-01,12,0,1465.3,False,14288.96,4031.86
2025-09-19,P010,Studio edition 10,Home,S01,Store 01,North,16,2041.28,0.0,False,False,Clear,112,SUP-01,12,0,1465.3,False,32660.48,9215.68
2025-09-20,P010,Studio edition 10,Home,S01,Store 01,North,15,2041.28,0.0,False,False,Clear,97,SUP-01,12,0,1465.3,False,30619.2,8639.7
2025-09-21,P010,Studio edition 10,Home,S01,Store 01,North,12,2041.28,0.0,False,False,Clear,85,SUP-01,12,0,1465.3,False,24495.36,6911.76
2025-09-22,P010,Studio edition 10,Home,S01,Store 01,North,10,2041.28,0.0,False,False,Clear,75,SUP-01,12,1,1465.3,False,20412.8,5759.8
2025-09-23,P010,Studio edition 10,Home,S01,Store 01,North,13,2041.28,0.0,False,False,Clear,62,SUP-01,12,0,1465.3,False,26536.64,7487.74
2025-09-24,P010,Studio edition 10,Home,S01,Store 01,North,10,2041.28,0.0,False,False,Rain,52,SUP-01,12,0,1465.3,False,20412.8,5759.8
2025-09-25,P010,Studio edition 10,Home,S01,Store 01,North,8,2041.28,0.0,False,False,Clear,44,SUP-01,12,0,1465.3,False,16330.24,4607.84
2025-09-26,P010,Studio edition 10,Home,S01,Store 01,North,9,2041.28,0.0,False,False,Clear,35,SUP-01,12,0,1465.3,False,18371.52,5183.82
2025-09-27,P010,Studio edition 10,Home,S01,Store 01,North,12,2041.28,0.0,False,False,Clear,210,SUP-01,12,0,1465.3,False,24495.36,6911.76
2025-09-28,P010,Studio edition 10,Home,S01,Store 01,North,22,2041.28,0.0,False,False,Clear,188,SUP-01,12,0,1465.3,False,44908.159999999996,12671.560000000001
2025-09-29,P010,Studio edition 10,Home,S01,Store 01,North,15,2041.28,0.0,False,False,Clear,173,SUP-01,12,0,1465.3,False,30619.2,8639.7
2025-09-30,P010,Studio edition 10,Home,S01,Store 01,North,18,2041.28,0.0,False,False,Clear,155,SUP-01,12,0,1465.3,False,36743.04,10367.64
2025-10-01,P010,Studio edition 10,Home,S01,Store 01,North,13,2041.28,0.0,False,False,Rain,142,SUP-01,12,0,1465.3,False,26536.64,7487.74
2025-10-02,P010,Studio edition 10,Home,S01,Store 01,North,23,2041.28,0.0,False,True,Clear,119,SUP-01,12,1,1465.3,False,46949.44,13247.54
2025-10-03,P010,Studio edition 10,Home,S01,Store 01,North,16,2041.28,0.0,False,False,Clear,103,SUP-01,12,0,1465.3,False,32660.48,9215.68
2025-10-04,P010,Studio edition 10,Home,S01,Store 01,North,19,2041.28,0.0,False,False,Clear,84,SUP-01,12,0,1465.3,False,38784.32,10943.62
2025-10-05,P010,Studio edition 10,Home,S01,Store 01,North,12,2041.28,0.0,False,False,Clear,72,SUP-01,12,0,1465.3,False,24495.36,6911.76
2025-10-06,P010,Studio edition 10,Home,S01,Store 01,North,19,2041.28,0.0,False,False,Clear,53,SUP-01,12,0,1465.3,False,38784.32,10943.62
2025-10-07,P010,Studio edition 10,Home,S01,Store 01,North,14,2041.28,0.0,False,False,Clear,39,SUP-01,12,0,1465.3,False,28577.92,8063.72
2025-10-08,P010,Studio edition 10,Home,S01,Store 01,North,25,1633.02,0.2,True,False,Clear,14,SUP-01,12,1,1465.3,False,40825.5,4193.000000000001
2025-10-09,P010,Studio edition 10,Home,S01,Store 01,North,10,2041.28,0.0,False,False,Clear,186,SUP-01,12,0,1465.3,False,20412.8,5759.8
2025-10-10,P010,Studio edition 10,Home,S01,Store 01,North,14,2041.28,0.0,False,False,Clear,172,SUP-01,12,0,1465.3,False,28577.92,8063.72
2025-10-11,P010,Studio edition 10,Home,S01,Store 01,North,16,2041.28,0.0,False,False,Clear,156,SUP-01,12,2,1465.3,False,32660.48,9215.68
2025-10-12,P010,Studio edition 10,Home,S01,Store 01,North,17,2041.28,0.0,False,False,Clear,139,SUP-01,12,1,1465.3,False,34701.76,9791.66
2025-10-13,P010,Studio edition 10,Home,S01,Store 01,North,13,2041.28,0.0,False,False,Clear,126,SUP-01,12,1,1465.3,False,26536.64,7487.74
2025-10-14,P010,Studio edition 10,Home,S01,Store 01,North,16,2041.28,0.0,False,False,Clear,110,SUP-01,12,0,1465.3,False,32660.48,9215.68
2025-10-15,P010,Studio edition 10,Home,S01,Store 01,North,8,2041.28,0.0,False,False,Clear,102,SUP-01,12,0,1465.3,False,16330.24,4607.84
2025-10-16,P010,Studio edition 10,Home,S01,Store 01,North,7,2041.28,0.0,False,False,Clear,95,SUP-01,12,0,1465.3,False,14288.96,4031.86
2025-10-17,P010,Studio edition 10,Home,S01,Store 01,North,15,2041.28,0.0,False,False,Clear,80,SUP-01,12,0,1465.3,False,30619.2,8639.7
2025-10-18,P010,Studio edition 10,Home,S01,Store 01,North,8,2041.28,0.0,False,False,Clear,72,SUP-01,12,0,1465.3,False,16330.24,4607.84
2025-10-19,P010,Studio edition 10,Home,S01,Store 01,North,7,2041.28,0.0,False,False,Clear,65,SUP-01,12,0,1465.3,False,14288.96,4031.86
2025-10-20,P010,Studio edition 10,Home,S01,Store 01,North,6,2041.28,0.0,False,False,Clear,59,SUP-01,12,0,1465.3,False,12247.68,3455.88
2025-10-21,P010,Studio edition 10,Home,S01,Store 01,North,7,2041.28,0.0,False,False,Rain,206,SUP-01,12,0,1465.3,False,14288.96,4031.86
2025-10-22,P010,Studio edition 10,Home,S01,Store 01,North,9,2041.28,0.0,False,False,Clear,197,SUP-01,12,0,1465.3,False,18371.52,5183.82
2025-10-23,P010,Studio edition 10,Home,S01,Store 01,North,11,2041.28,0.0,False,False,Rain,186,SUP-01,12,0,1465.3,False,22454.079999999998,6335.780000000001
2025-10-24,P010,Studio edition 10,Home,S01,Store 01,North,10,2041.28,0.0,False,False,Rain,176,SUP-01,12,0,1465.3,False,20412.8,5759.8
2025-10-25,P010,Studio edition 10,Home,S01,Store 01,North,11,2041.28,0.0,False,False,Clear,165,SUP-01,12,0,1465.3,False,22454.079999999998,6335.780000000001
2025-10-26,P010,Studio edition 10,Home,S01,Store 01,North,12,1735.09,0.15,True,False,Clear,153,SUP-01,12,0,1465.3,False,20821.079999999998,3237.4799999999996
2025-10-27,P010,Studio edition 10,Home,S01,Store 01,North,10,2041.28,0.0,False,False,Clear,143,SUP-01,12,0,1465.3,False,20412.8,5759.8
2025-10-28,P010,Studio edition 10,Home,S01,Store 01,North,14,2041.28,0.0,False,False,Clear,129,SUP-01,12,0,1465.3,False,28577.92,8063.72
2025-10-29,P010,Studio edition 10,Home,S01,Store 01,North,15,1633.02,0.2,True,False,Clear,114,SUP-01,12,1,1465.3,False,24495.3,2515.8
2025-10-30,P010,Studio edition 10,Home,S01,Store 01,North,12,2041.28,0.0,False,False,Rain,102,SUP-01,12,0,1465.3,False,24495.36,6911.76
2025-10-31,P010,Studio edition 10,Home,S01,Store 01,North,19,2041.28,0.0,False,False,Clear,83,SUP-01,12,0,1465.3,False,38784.32,10943.62
2025-11-01,P010,Studio edition 10,Home,S01,Store 01,North,16,2041.28,0.0,False,False,Clear,67,SUP-01,12,0,1465.3,False,32660.48,9215.68
2025-11-02,P010,Studio edition 10,Home,S01,Store 01,North,14,2041.28,0.0,False,False,Clear,214,SUP-01,12,0,1465.3,False,28577.92,8063.72
2025-11-03,P010,Studio edition 10,Home,S01,Store 01,North,18,1735.09,0.15,True,False,Clear,196,SUP-01,12,1,1465.3,False,31231.62,4856.219999999999
2025-11-04,P010,Studio edition 10,Home,S01,Store 01,North,12,2041.28,0.0,False,False,Rain,184,SUP-01,12,1,1465.3,False,24495.36,6911.76
2025-11-05,P010,Studio edition 10,Home,S01,Store 01,North,9,2041.28,0.0,False,False,Rain,175,SUP-01,12,0,1465.3,False,18371.52,5183.82
2025-11-06,P010,Studio edition 10,Home,S01,Store 01,North,14,2041.28,0.0,False,False,Clear,161,SUP-01,12,0,1465.3,False,28577.92,8063.72
2025-11-07,P010,Studio edition 10,Home,S01,Store 01,North,12,2041.28,0.0,False,False,Rain,149,SUP-01,12,1,1465.3,False,24495.36,6911.76
2025-11-08,P010,Studio edition 10,Home,S01,Store 01,North,24,2041.28,0.0,False,False,Rain,125,SUP-01,12,1,1465.3,False,48990.72,13823.52
2025-11-09,P010,Studio edition 10,Home,S01,Store 01,North,20,2041.28,0.0,False,False,Clear,105,SUP-01,12,0,1465.3,False,40825.6,11519.6
2025-11-10,P010,Studio edition 10,Home,S01,Store 01,North,14,2041.28,0.0,False,False,Clear,91,SUP-01,12,0,1465.3,False,28577.92,8063.72
2025-11-11,P010,Studio edition 10,Home,S01,Store 01,North,9,2041.28,0.0,False,False,Rain,82,SUP-01,12,0,1465.3,False,18371.52,5183.82
2025-11-12,P010,Studio edition 10,Home,S01,Store 01,North,12,2041.28,0.0,False,False,Clear,70,SUP-01,12,1,1465.3,False,24495.36,6911.76
2025-11-13,P010,Studio edition 10,Home,S01,Store 01,North,10,2041.28,0.0,False,False,Clear,60,SUP-01,12,0,1465.3,False,20412.8,5759.8
2025-11-14,P010,Studio edition 10,Home,S01,Store 01,North,9,2041.28,0.0,False,False,Clear,211,SUP-01,12,0,1465.3,False,18371.52,5183.82
2025-11-15,P010,Studio edition 10,Home,S01,Store 01,North,6,2041.28,0.0,False,False,Clear,205,SUP-01,12,0,1465.3,False,12247.68,3455.88
2025-11-16,P010,Studio edition 10,Home,S01,Store 01,North,8,2041.28,0.0,False,False,Clear,197,SUP-01,12,0,1465.3,False,16330.24,4607.84
2025-11-17,P010,Studio edition 10,Home,S01,Store 01,North,12,2041.28,0.0,False,False,Rain,185,SUP-01,12,0,1465.3,False,24495.36,6911.76
2025-11-18,P010,Studio edition 10,Home,S01,Store 01,North,8,2041.28,0.0,False,False,Clear,177,SUP-01,12,0,1465.3,False,16330.24,4607.84
2025-11-19,P010,Studio edition 10,Home,S01,Store 01,North,8,2041.28,0.0,False,False,Rain,169,SUP-01,12,0,1465.3,False,16330.24,4607.84
2025-11-20,P010,Studio edition 10,Home,S01,Store 01,North,5,2041.28,0.0,False,False,Clear,164,SUP-01,12,0,1465.3,False,10206.4,2879.9
2025-11-21,P010,Studio edition 10,Home,S01,Store 01,North,10,2041.28,0.0,False,False,Clear,154,SUP-01,12,0,1465.3,False,20412.8,5759.8
2025-11-22,P010,Studio edition 10,Home,S01,Store 01,North,14,2041.28,0.0,False,False,Clear,140,SUP-01,12,0,1465.3,False,28577.92,8063.72
2025-11-23,P010,Studio edition 10,Home,S01,Store 01,North,7,1735.09,0.15,True,False,Clear,133,SUP-01,12,0,1465.3,False,12145.63,1888.5299999999997
2025-11-24,P010,Studio edition 10,Home,S01,Store 01,North,13,2041.28,0.0,False,False,Clear,120,SUP-01,12,0,1465.3,False,26536.64,7487.74
2025-11-25,P010,Studio edition 10,Home,S01,Store 01,North,7,2041.28,0.0,False,False,Clear,113,SUP-01,12,0,1465.3,False,14288.96,4031.86
2025-11-26,P010,Studio edition 10,Home,S01,Store 01,North,5,2041.28,0.0,False,False,Clear,294,SUP-01,12,1,1465.3,False,10206.4,2879.9
2025-11-27,P010,Studio edition 10,Home,S01,Store 01,North,13,2041.28,0.0,False,False,Clear,281,SUP-01,12,0,1465.3,False,26536.64,7487.74
2025-11-28,P010,Studio edition 10,Home,S01,Store 01,North,15,2041.28,0.0,False,False,Clear,266,SUP-01,12,0,1465.3,False,30619.2,8639.7
2025-11-29,P010,Studio edition 10,Home,S01,Store 01,North,18,2041.28,0.0,False,False,Rain,248,SUP-01,12,1,1465.3,False,36743.04,10367.64
2025-11-30,P010,Studio edition 10,Home,S01,Store 01,North,16,2041.28,0.0,False,False,Clear,232,SUP-01,12,0,1465.3,False,32660.48,9215.68
2025-12-01,P010,Studio edition 10,Home,S01,Store 01,North,20,2041.28,0.0,False,False,Clear,212,SUP-01,12,0,1465.3,False,40825.6,11519.6
2025-12-02,P010,Studio edition 10,Home,S01,Store 01,North,10,2041.28,0.0,False,False,Clear,202,SUP-01,12,0,1465.3,False,20412.8,5759.8
2025-12-03,P010,Studio edition 10,Home,S01,Store 01,North,22,1735.09,0.15,True,False,Clear,180,SUP-01,12,3,1465.3,False,38171.979999999996,5935.379999999999
2025-12-04,P010,Studio edition 10,Home,S01,Store 01,North,16,2041.28,0.0,False,False,Clear,164,SUP-01,12,1,1465.3,False,32660.48,9215.68
2025-12-05,P010,Studio edition 10,Home,S01,Store 01,North,13,2041.28,0.0,False,False,Clear,151,SUP-01,12,1,1465.3,False,26536.64,7487.74
2025-12-06,P010,Studio edition 10,Home,S01,Store 01,North,19,2041.28,0.0,False,False,Clear,132,SUP-01,12,0,1465.3,False,38784.32,10943.62
2025-12-07,P010,Studio edition 10,Home,S01,Store 01,North,14,2041.28,0.0,False,False,Clear,118,SUP-01,12,0,1465.3,False,28577.92,8063.72
2025-12-08,P010,Studio edition 10,Home,S01,Store 01,North,13,1939.22,0.05,True,False,Clear,267,SUP-01,12,1,1465.3,False,25209.86,6160.960000000001
2025-12-09,P010,Studio edition 10,Home,S01,Store 01,North,13,2041.28,0.0,False,False,Clear,254,SUP-01,12,0,1465.3,False,26536.64,7487.74
2025-12-10,P010,Studio edition 10,Home,S01,Store 01,North,11,2041.28,0.0,False,False,Clear,243,SUP-01,12,0,1465.3,False,22454.079999999998,6335.780000000001
2025-12-11,P010,Studio edition 10,Home,S01,Store 01,North,16,2041.28,0.0,False,False,Clear,227,SUP-01,12,0,1465.3,False,32660.48,9215.68
2025-12-12,P010,Studio edition 10,Home,S01,Store 01,North,14,1633.02,0.2,True,False,Clear,213,SUP-01,12,0,1465.3,False,22862.28,2348.0800000000004
2025-12-13,P010,Studio edition 10,Home,S01,Store 01,North,12,2041.28,0.0,False,False,Clear,201,SUP-01,12,0,1465.3,False,24495.36,6911.76
2025-12-14,P010,Studio edition 10,Home,S01,Store 01,North,18,2041.28,0.0,False,False,Clear,183,SUP-01,12,2,1465.3,False,36743.04,10367.64
2025-12-15,P010,Studio edition 10,Home,S01,Store 01,North,16,1837.15,0.1,True,False,Clear,167,SUP-01,12,0,1465.3,False,29394.4,5949.600000000002
2025-12-16,P010,Studio edition 10,Home,S01,Store 01,North,10,2041.28,0.0,False,False,Clear,157,SUP-01,12,0,1465.3,False,20412.8,5759.8
2025-12-17,P010,Studio edition 10,Home,S01,Store 01,North,10,1939.22,0.05,True,False,Clear,147,SUP-01,12,0,1465.3,False,19392.2,4739.200000000001
2025-12-18,P010,Studio edition 10,Home,S01,Store 01,North,9,2041.28,0.0,False,False,Rain,138,SUP-01,12,0,1465.3,False,18371.52,5183.82
2025-12-19,P010,Studio edition 10,Home,S01,Store 01,North,11,2041.28,0.0,False,False,Clear,127,SUP-01,12,0,1465.3,False,22454.079999999998,6335.780000000001
2025-12-20,P010,Studio edition 10,Home,S01,Store 01,North,15,2041.28,0.0,False,False,Clear,267,SUP-01,12,0,1465.3,False,30619.2,8639.7
2025-12-21,P010,Studio edition 10,Home,S01,Store 01,North,14,2041.28,0.0,False,False,Clear,253,SUP-01,12,0,1465.3,False,28577.92,8063.72
2025-12-22,P010,Studio edition 10,Home,S01,Store 01,North,13,1939.22,0.05,True,False,Clear,240,SUP-01,12,0,1465.3,False,25209.86,6160.960000000001
2025-12-23,P010,Studio edition 10,Home,S01,Store 01,North,11,2041.28,0.0,False,False,Clear,229,SUP-01,12,0,1465.3,False,22454.079999999998,6335.780000000001
2025-12-24,P010,Studio edition 10,Home,S01,Store 01,North,15,2041.28,0.0,False,False,Clear,214,SUP-01,12,0,1465.3,False,30619.2,8639.7
2025-12-25,P010,Studio edition 10,Home,S01,Store 01,North,18,2041.28,0.0,False,True,Clear,196,SUP-01,12,1,1465.3,False,36743.04,10367.64
2025-12-26,P010,Studio edition 10,Home,S01,Store 01,North,5,2041.28,0.0,False,False,Clear,191,SUP-01,12,0,1465.3,False,10206.4,2879.9
2025-12-27,P010,Studio edition 10,Home,S01,Store 01,North,20,2041.28,0.0,False,False,Clear,171,SUP-01,12,1,1465.3,False,40825.6,11519.6
2025-12-28,P010,Studio edition 10,Home,S01,Store 01,North,18,2041.28,0.0,False,False,Clear,153,SUP-01,12,0,1465.3,False,36743.04,10367.64
2025-12-29,P010,Studio edition 10,Home,S01,Store 01,North,12,2041.28,0.0,False,False,Clear,141,SUP-01,12,0,1465.3,False,24495.36,6911.76
2025-12-30,P010,Studio edition 10,Home,S01,Store 01,North,9,2041.28,0.0,False,False,Clear,132,SUP-01,12,0,1465.3,False,18371.52,5183.82
2025-12-31,P010,Studio edition 10,Home,S01,Store 01,North,22,1735.09,0.15,True,False,Clear,110,SUP-01,12,0,1465.3,False,38171.979999999996,5935.379999999999
2025-09-03,P010,Studio edition 10,Home,S02,Store 02,South,13,2041.28,0.0,False,False,Clear,205,SUP-01,14,0,1465.3,False,26536.64,7487.74
2025-09-04,P010,Studio edition 10,Home,S02,Store 02,South,12,2041.28,0.0,False,False,Clear,193,SUP-01,14,0,1465.3,False,24495.36,6911.76
2025-09-05,P010,Studio edition 10,Home,S02,Store 02,South,11,2041.28,0.0,False,False,Clear,182,SUP-01,14,0,1465.3,False,22454.079999999998,6335.780000000001
2025-09-06,P010,Studio edition 10,Home,S02,Store 02,South,18,2041.28,0.0,False,False,Clear,164,SUP-01,14,0,1465.3,False,36743.04,10367.64
2025-09-07,P010,Studio edition 10,Home,S02,Store 02,South,16,2041.28,0.0,False,False,Clear,148,SUP-01,14,0,1465.3,False,32660.48,9215.68
2025-09-08,P010,Studio edition 10,Home,S02,Store 02,South,14,2041.28,0.0,False,False,Clear,134,SUP-01,14,0,1465.3,False,28577.92,8063.72
2025-09-09,P010,Studio edition 10,Home,S02,Store 02,South,17,2041.28,0.0,False,False,Clear,117,SUP-01,14,0,1465.3,False,34701.76,9791.66
2025-09-10,P010,Studio edition 10,Home,S02,Store 02,South,15,2041.28,0.0,False,False,Clear,102,SUP-01,14,0,1465.3,False,30619.2,8639.7
2025-09-11,P010,Studio edition 10,Home,S02,Store 02,South,12,2041.28,0.0,False,False,Clear,90,SUP-01,14,0,1465.3,False,24495.36,6911.76
2025-09-12,P010,Studio edition 10,Home,S02,Store 02,South,14,2041.28,0.0,False,False,Clear,76,SUP-01,14,0,1465.3,False,28577.92,8063.72
2025-09-13,P010,Studio edition 10,Home,S02,Store 02,South,8,2041.28,0.0,False,False,Clear,68,SUP-01,14,0,1465.3,False,16330.24,4607.84
2025-09-14,P010,Studio edition 10,Home,S02,Store 02,South,18,2041.28,0.0,False,False,Rain,50,SUP-01,14,0,1465.3,False,36743.04,10367.64
2025-09-15,P010,Studio edition 10,Home,S02,Store 02,South,10,2041.28,0.0,False,False,Clear,40,SUP-01,14,0,1465.3,False,20412.8,5759.8
2025-09-16,P010,Studio edition 10,Home,S02,Store 02,South,8,2041.28,0.0,False,False,Clear,32,SUP-01,14,0,1465.3,False,16330.24,4607.84
2025-09-17,P010,Studio edition 10,Home,S02,Store 02,South,11,2041.28,0.0,False,False,Clear,216,SUP-01,14,1,1465.3,False,22454.079999999998,6335.780000000001
2025-09-18,P010,Studio edition 10,Home,S02,Store 02,South,13,2041.28,0.0,False,False,Clear,203,SUP-01,14,1,1465.3,False,26536.64,7487.74
2025-09-19,P010,Studio edition 10,Home,S02,Store 02,South,12,2041.28,0.0,False,False,Clear,191,SUP-01,14,0,1465.3,False,24495.36,6911.76
2025-09-20,P010,Studio edition 10,Home,S02,Store 02,South,15,1633.02,0.2,True,False,Clear,176,SUP-01,14,1,1465.3,False,24495.3,2515.8
2025-09-21,P010,Studio edition 10,Home,S02,Store 02,South,11,1735.09,0.15,True,False,Clear,165,SUP-01,14,1,1465.3,False,19085.989999999998,2967.6899999999996
2025-09-22,P010,Studio edition 10,Home,S02,Store 02,South,11,2041.28,0.0,False,False,Rain,154,SUP-01,14,1,1465.3,False,22454.079999999998,6335.780000000001
2025-09-23,P010,Studio edition 10,Home,S02,Store 02,South,8,2041.28,0.0,False,False,Clear,146,SUP-01,14,0,1465.3,False,16330.24,4607.84
2025-09-24,P010,Studio edition 10,Home,S02,Store 02,South,7,2041.28,0.0,False,False,Clear,139,SUP-01,14,0,1465.3,False,14288.96,4031.86
2025-09-25,P010,Studio edition 10,Home,S02,Store 02,South,15,2041.28,0.0,False,False,Clear,124,SUP-01,14,0,1465.3,False,30619.2,8639.7
2025-09-26,P010,Studio edition 10,Home,S02,Store 02,South,16,1837.15,0.1,True,False,Clear,108,SUP-01,14,1,1465.3,False,29394.4,5949.600000000002
2025-09-27,P010,Studio edition 10,Home,S02,Store 02,South,14,2041.28,0.0,False,False,Clear,94,SUP-01,14,1,1465.3,False,28577.92,8063.72
2025-09-28,P010,Studio edition 10,Home,S02,Store 02,South,18,2041.28,0.0,False,False,Clear,76,SUP-01,14,1,1465.3,False,36743.04,10367.64
2025-09-29,P010,Studio edition 10,Home,S02,Store 02,South,11,2041.28,0.0,False,False,Clear,65,SUP-01,14,1,1465.3,False,22454.079999999998,6335.780000000001
2025-09-30,P010,Studio edition 10,Home,S02,Store 02,South,9,2041.28,0.0,False,False,Clear,56,SUP-01,14,0,1465.3,False,18371.52,5183.82
2025-10-01,P010,Studio edition 10,Home,S02,Store 02,South,17,2041.28,0.0,False,False,Clear,229,SUP-01,14,0,1465.3,False,34701.76,9791.66
2025-10-02,P010,Studio edition 10,Home,S02,Store 02,South,24,2041.28,0.0,False,True,Clear,205,SUP-01,14,0,1465.3,False,48990.72,13823.52
2025-10-03,P010,Studio edition 10,Home,S02,Store 02,South,16,2041.28,0.0,False,False,Clear,189,SUP-01,14,1,1465.3,False,32660.48,9215.68
2025-10-04,P010,Studio edition 10,Home,S02,Store 02,South,20,1837.15,0.1,True,False,Clear,169,SUP-01,14,0,1465.3,False,36743.0,7437.000000000003
2025-10-05,P010,Studio edition 10,Home,S02,Store 02,South,21,2041.28,0.0,False,False,Clear,148,SUP-01,14,0,1465.3,False,42866.88,12095.58
2025-10-06,P010,Studio edition 10,Home,S02,Store 02,South,14,2041.28,0.0,False,False,Clear,134,SUP-01,14,0,1465.3,False,28577.92,8063.72
2025-10-07,P010,Studio edition 10,Home,S02,Store 02,South,4,2041.28,0.0,False,False,Clear,130,SUP-01,14,0,1465.3,False,8165.12,2303.92
2025-10-08,P010,Studio edition 10,Home,S02,Store 02,South,9,2041.28,0.0,False,False,Clear,121,SUP-01,14,0,1465.3,False,18371.52,5183.82
2025-10-09,P010,Studio edition 10,Home,S02,Store 02,South,15,2041.28,0.0,False,False,Clear,106,SUP-01,14,0,1465.3,False,30619.2,8639.7
2025-10-10,P010,Studio edition 10,Home,S02,Store 02,South,15,2041.28,0.0,False,False,Clear,91,SUP-01,14,0,1465.3,False,30619.2,8639.7
2025-10-11,P010,Studio edition 10,Home,S02,Store 02,South,7,2041.28,0.0,False,False,Clear,84,SUP-01,14,1,1465.3,False,14288.96,4031.86
2025-10-12,P010,Studio edition 10,Home,S02,Store 02,South,15,2041.28,0.0,False,False,Clear,69,SUP-01,14,0,1465.3,False,30619.2,8639.7
2025-10-13,P010,Studio edition 10,Home,S02,Store 02,South,14,2041.28,0.0,False,False,Clear,55,SUP-01,14,0,1465.3,False,28577.92,8063.72
2025-10-14,P010,Studio edition 10,Home,S02,Store 02,South,10,2041.28,0.0,False,False,Clear,45,SUP-01,14,0,1465.3,False,20412.8,5759.8
2025-10-15,P010,Studio edition 10,Home,S02,Store 02,South,8,2041.28,0.0,False,False,Clear,254,SUP-01,14,1,1465.3,False,16330.24,4607.84
2025-10-16,P010,Studio edition 10,Home,S02,Store 02,South,12,2041.28,0.0,False,False,Clear,242,SUP-01,14,0,1465.3,False,24495.36,6911.76
2025-10-17,P010,Studio edition 10,Home,S02,Store 02,South,10,2041.28,0.0,False,False,Clear,232,SUP-01,14,0,1465.3,False,20412.8,5759.8
2025-10-18,P010,Studio edition 10,Home,S02,Store 02,South,16,2041.28,0.0,False,False,Clear,216,SUP-01,14,0,1465.3,False,32660.48,9215.68
2025-10-19,P010,Studio edition 10,Home,S02,Store 02,South,6,2041.28,0.0,False,False,Clear,210,SUP-01,14,0,1465.3,False,12247.68,3455.88
2025-10-20,P010,Studio edition 10,Home,S02,Store 02,South,12,2041.28,0.0,False,False,Clear,198,SUP-01,14,0,1465.3,False,24495.36,6911.76
2025-10-21,P010,Studio edition 10,Home,S02,Store 02,South,9,2041.28,0.0,False,False,Clear,189,SUP-01,14,1,1465.3,False,18371.52,5183.82
2025-10-22,P010,Studio edition 10,Home,S02,Store 02,South,14,2041.28,0.0,False,False,Clear,175,SUP-01,14,0,1465.3,False,28577.92,8063.72
2025-10-23,P010,Studio edition 10,Home,S02,Store 02,South,13,2041.28,0.0,False,False,Clear,162,SUP-01,14,0,1465.3,False,26536.64,7487.74
2025-10-24,P010,Studio edition 10,Home,S02,Store 02,South,16,2041.28,0.0,False,False,Clear,146,SUP-01,14,1,1465.3,False,32660.48,9215.68
2025-10-25,P010,Studio edition 10,Home,S02,Store 02,South,9,2041.28,0.0,False,False,Rain,137,SUP-01,14,0,1465.3,False,18371.52,5183.82
2025-10-26,P010,Studio edition 10,Home,S02,Store 02,South,14,2041.28,0.0,False,False,Clear,123,SUP-01,14,0,1465.3,False,28577.92,8063.72
2025-10-27,P010,Studio edition 10,Home,S02,Store 02,South,15,2041.28,0.0,False,False,Clear,108,SUP-01,14,0,1465.3,False,30619.2,8639.7
2025-10-28,P010,Studio edition 10,Home,S02,Store 02,South,14,1735.09,0.15,True,False,Rain,94,SUP-01,14,0,1465.3,False,24291.26,3777.0599999999995
2025-10-29,P010,Studio edition 10,Home,S02,Store 02,South,15,2041.28,0.0,False,False,Rain,289,SUP-01,14,1,1465.3,False,30619.2,8639.7
2025-10-30,P010,Studio edition 10,Home,S02,Store 02,South,15,2041.28,0.0,False,False,Rain,274,SUP-01,14,1,1465.3,False,30619.2,8639.7
2025-10-31,P010,Studio edition 10,Home,S02,Store 02,South,13,2041.28,0.0,False,False,Clear,261,SUP-01,14,0,1465.3,False,26536.64,7487.74
2025-11-01,P010,Studio edition 10,Home,S02,Store 02,South,12,2041.28,0.0,False,False,Rain,249,SUP-01,14,0,1465.3,False,24495.36,6911.76
2025-11-02,P010,Studio edition 10,Home,S02,Store 02,South,18,1633.02,0.2,True,False,Rain,231,SUP-01,14,2,1465.3,False,29394.36,3018.9600000000005
2025-11-03,P010,Studio edition 10,Home,S02,Store 02,South,14,2041.28,0.0,False,False,Clear,217,SUP-01,14,0,1465.3,False,28577.92,8063.72
2025-11-04,P010,Studio edition 10,Home,S02,Store 02,South,20,2041.28,0.0,False,False,Clear,197,SUP-01,14,0,1465.3,False,40825.6,11519.6
2025-11-05,P010,Studio edition 10,Home,S02,Store 02,South,16,2041.28,0.0,False,False,Clear,181,SUP-01,14,0,1465.3,False,32660.48,9215.68
2025-11-06,P010,Studio edition 10,Home,S02,Store 02,South,11,2041.28,0.0,False,False,Clear,170,SUP-01,14,0,1465.3,False,22454.079999999998,6335.780000000001
2025-11-07,P010,Studio edition 10,Home,S02,Store 02,South,19,1837.15,0.1,True,False,Clear,151,SUP-01,14,0,1465.3,False,34905.85,7065.150000000002
2025-11-08,P010,Studio edition 10,Home,S02,Store 02,South,14,2041.28,0.0,False,False,Clear,137,SUP-01,14,0,1465.3,False,28577.92,8063.72
2025-11-09,P010,Studio edition 10,Home,S02,Store 02,South,13,2041.28,0.0,False,False,Clear,124,SUP-01,14,0,1465.3,False,26536.64,7487.74
2025-11-10,P010,Studio edition 10,Home,S02,Store 02,South,12,2041.28,0.0,False,False,Clear,112,SUP-01,14,1,1465.3,False,24495.36,6911.76
2025-11-11,P010,Studio edition 10,Home,S02,Store 02,South,11,1939.22,0.05,True,False,Clear,101,SUP-01,14,0,1465.3,False,21331.420000000002,5213.120000000001
2025-11-12,P010,Studio edition 10,Home,S02,Store 02,South,12,2041.28,0.0,False,False,Clear,279,SUP-01,14,0,1465.3,False,24495.36,6911.76
2025-11-13,P010,Studio edition 10,Home,S02,Store 02,South,3,2041.28,0.0,False,False,Clear,276,SUP-01,14,0,1465.3,False,6123.84,1727.94
2025-11-14,P010,Studio edition 10,Home,S02,Store 02,South,11,2041.28,0.0,False,False,Clear,265,SUP-01,14,0,1465.3,False,22454.079999999998,6335.780000000001
2025-11-15,P010,Studio edition 10,Home,S02,Store 02,South,11,2041.28,0.0,False,False,Rain,254,SUP-01,14,0,1465.3,False,22454.079999999998,6335.780000000001
2025-11-16,P010,Studio edition 10,Home,S02,Store 02,South,14,2041.28,0.0,False,False,Clear,240,SUP-01,14,0,1465.3,False,28577.92,8063.72
2025-11-17,P010,Studio edition 10,Home,S02,Store 02,South,8,1633.02,0.2,True,False,Rain,232,SUP-01,14,0,1465.3,False,13064.16,1341.7600000000002
2025-11-18,P010,Studio edition 10,Home,S02,Store 02,South,14,1633.02,0.2,True,False,Clear,218,SUP-01,14,0,1465.3,False,22862.28,2348.0800000000004
2025-11-19,P010,Studio edition 10,Home,S02,Store 02,South,12,2041.28,0.0,False,False,Clear,206,SUP-01,14,0,1465.3,False,24495.36,6911.76
2025-11-20,P010,Studio edition 10,Home,S02,Store 02,South,9,2041.28,0.0,False,False,Clear,197,SUP-01,14,0,1465.3,False,18371.52,5183.82
2025-11-21,P010,Studio edition 10,Home,S02,Store 02,South,11,2041.28,0.0,False,False,Clear,186,SUP-01,14,0,1465.3,False,22454.079999999998,6335.780000000001
2025-11-22,P010,Studio edition 10,Home,S02,Store 02,South,7,2041.28,0.0,False,False,Clear,179,SUP-01,14,0,1465.3,False,14288.96,4031.86
2025-11-23,P010,Studio edition 10,Home,S02,Store 02,South,13,2041.28,0.0,False,False,Clear,166,SUP-01,14,0,1465.3,False,26536.64,7487.74
2025-11-24,P010,Studio edition 10,Home,S02,Store 02,South,11,2041.28,0.0,False,False,Clear,155,SUP-01,14,0,1465.3,False,22454.079999999998,6335.780000000001
2025-11-25,P010,Studio edition 10,Home,S02,Store 02,South,13,2041.28,0.0,False,False,Rain,142,SUP-01,14,0,1465.3,False,26536.64,7487.74
2025-11-26,P010,Studio edition 10,Home,S02,Store 02,South,14,2041.28,0.0,False,False,Rain,346,SUP-01,14,0,1465.3,False,28577.92,8063.72
2025-11-27,P010,Studio edition 10,Home,S02,Store 02,South,14,2041.28,0.0,False,False,Clear,332,SUP-01,14,0,1465.3,False,28577.92,8063.72
2025-11-28,P010,Studio edition 10,Home,S02,Store 02,South,13,2041.28,0.0,False,False,Clear,319,SUP-01,14,0,1465.3,False,26536.64,7487.74
2025-11-29,P010,Studio edition 10,Home,S02,Store 02,South,11,2041.28,0.0,False,False,Clear,308,SUP-01,14,0,1465.3,False,22454.079999999998,6335.780000000001
2025-11-30,P010,Studio edition 10,Home,S02,Store 02,South,10,2041.28,0.0,False,False,Clear,298,SUP-01,14,0,1465.3,False,20412.8,5759.8
2025-12-01,P010,Studio edition 10,Home,S02,Store 02,South,13,2041.28,0.0,False,False,Clear,285,SUP-01,14,0,1465.3,False,26536.64,7487.74
2025-12-02,P010,Studio edition 10,Home,S02,Store 02,South,13,2041.28,0.0,False,False,Clear,272,SUP-01,14,0,1465.3,False,26536.64,7487.74
2025-12-03,P010,Studio edition 10,Home,S02,Store 02,South,12,1735.09,0.15,True,False,Clear,260,SUP-01,14,0,1465.3,False,20821.079999999998,3237.4799999999996
2025-12-04,P010,Studio edition 10,Home,S02,Store 02,South,16,2041.28,0.0,False,False,Clear,244,SUP-01,14,0,1465.3,False,32660.48,9215.68
2025-12-05,P010,Studio edition 10,Home,S02,Store 02,South,13,2041.28,0.0,False,False,Clear,231,SUP-01,14,0,1465.3,False,26536.64,7487.74
2025-12-06,P010,Studio edition 10,Home,S02,Store 02,South,18,1837.15,0.1,True,False,Clear,213,SUP-01,14,0,1465.3,False,33068.700000000004,6693.300000000003
2025-12-07,P010,Studio edition 10,Home,S02,Store 02,South,12,2041.28,0.0,False,False,Rain,201,SUP-01,14,0,1465.3,False,24495.36,6911.76
2025-12-08,P010,Studio edition 10,Home,S02,Store 02,South,14,2041.28,0.0,False,False,Clear,187,SUP-01,14,0,1465.3,False,28577.92,8063.72
2025-12-09,P010,Studio edition 10,Home,S02,Store 02,South,11,1735.09,0.15,True,False,Clear,176,SUP-01,14,1,1465.3,False,19085.989999999998,2967.6899999999996
2025-12-10,P010,Studio edition 10,Home,S02,Store 02,South,17,2041.28,0.0,False,False,Clear,378,SUP-01,14,0,1465.3,False,34701.76,9791.66
2025-12-11,P010,Studio edition 10,Home,S02,Store 02,South,6,2041.28,0.0,False,False,Clear,372,SUP-01,14,0,1465.3,False,12247.68,3455.88
2025-12-12,P010,Studio edition 10,Home,S02,Store 02,South,12,2041.28,0.0,False,False,Clear,360,SUP-01,14,0,1465.3,False,24495.36,6911.76
2025-12-13,P010,Studio edition 10,Home,S02,Store 02,South,11,2041.28,0.0,False,False,Clear,349,SUP-01,14,0,1465.3,False,22454.079999999998,6335.780000000001
2025-12-14,P010,Studio edition 10,Home,S02,Store 02,South,7,2041.28,0.0,False,False,Clear,342,SUP-01,14,0,1465.3,False,14288.96,4031.86
2025-12-15,P010,Studio edition 10,Home,S02,Store 02,South,12,1735.09,0.15,True,False,Clear,330,SUP-01,14,1,1465.3,False,20821.079999999998,3237.4799999999996
2025-12-16,P010,Studio edition 10,Home,S02,Store 02,South,8,2041.28,0.0,False,False,Clear,322,SUP-01,14,0,1465.3,False,16330.24,4607.84
2025-12-17,P010,Studio edition 10,Home,S02,Store 02,South,5,2041.28,0.0,False,False,Clear,317,SUP-01,14,0,1465.3,False,10206.4,2879.9
2025-12-18,P010,Studio edition 10,Home,S02,Store 02,South,6,2041.28,0.0,False,False,Clear,311,SUP-01,14,0,1465.3,False,12247.68,3455.88
2025-12-19,P010,Studio edition 10,Home,S02,Store 02,South,9,2041.28,0.0,False,False,Clear,302,SUP-01,14,0,1465.3,False,18371.52,5183.82
2025-12-20,P010,Studio edition 10,Home,S02,Store 02,South,11,2041.28,0.0,False,False,Rain,291,SUP-01,14,0,1465.3,False,22454.079999999998,6335.780000000001
2025-12-21,P010,Studio edition 10,Home,S02,Store 02,South,6,2041.28,0.0,False,False,Clear,285,SUP-01,14,0,1465.3,False,12247.68,3455.88
2025-12-22,P010,Studio edition 10,Home,S02,Store 02,South,14,2041.28,0.0,False,False,Clear,271,SUP-01,14,0,1465.3,False,28577.92,8063.72
2025-12-23,P010,Studio edition 10,Home,S02,Store 02,South,13,2041.28,0.0,False,False,Clear,258,SUP-01,14,0,1465.3,False,26536.64,7487.74
2025-12-24,P010,Studio edition 10,Home,S02,Store 02,South,15,2041.28,0.0,False,False,Clear,453,SUP-01,14,0,1465.3,False,30619.2,8639.7
2025-12-25,P010,Studio edition 10,Home,S02,Store 02,South,13,2041.28,0.0,False,True,Clear,440,SUP-01,14,2,1465.3,False,26536.64,7487.74
2025-12-26,P010,Studio edition 10,Home,S02,Store 02,South,9,2041.28,0.0,False,False,Clear,431,SUP-01,14,0,1465.3,False,18371.52,5183.82
2025-12-27,P010,Studio edition 10,Home,S02,Store 02,South,19,2041.28,0.0,False,False,Clear,412,SUP-01,14,0,1465.3,False,38784.32,10943.62
2025-12-28,P010,Studio edition 10,Home,S02,Store 02,South,21,2041.28,0.0,False,False,Clear,391,SUP-01,14,0,1465.3,False,42866.88,12095.58
2025-12-29,P010,Studio edition 10,Home,S02,Store 02,South,13,2041.28,0.0,False,False,Clear,378,SUP-01,14,0,1465.3,False,26536.64,7487.74
2025-12-30,P010,Studio edition 10,Home,S02,Store 02,South,15,2041.28,0.0,False,False,Clear,363,SUP-01,14,1,1465.3,False,30619.2,8639.7
2025-12-31,P010,Studio edition 10,Home,S02,Store 02,South,10,2041.28,0.0,False,False,Rain,353,SUP-01,14,0,1465.3,False,20412.8,5759.8
2025-09-03,P010,Studio edition 10,Home,S03,Store 03,East,15,2041.28,0.0,False,False,Clear,132,SUP-01,9,0,1465.3,False,30619.2,8639.7
2025-09-04,P010,Studio edition 10,Home,S03,Store 03,East,15,2041.28,0.0,False,False,Clear,117,SUP-01,9,0,1465.3,False,30619.2,8639.7
2025-09-05,P010,Studio edition 10,Home,S03,Store 03,East,16,2041.28,0.0,False,False,Clear,101,SUP-01,9,0,1465.3,False,32660.48,9215.68
2025-09-06,P010,Studio edition 10,Home,S03,Store 03,East,23,2041.28,0.0,False,False,Clear,78,SUP-01,9,0,1465.3,False,46949.44,13247.54
2025-09-07,P010,Studio edition 10,Home,S03,Store 03,East,21,2041.28,0.0,False,False,Clear,57,SUP-01,9,0,1465.3,False,42866.88,12095.58
2025-09-08,P010,Studio edition 10,Home,S03,Store 03,East,19,2041.28,0.0,False,False,Clear,38,SUP-01,9,0,1465.3,False,38784.32,10943.62
2025-09-09,P010,Studio edition 10,Home,S03,Store 03,East,17,2041.28,0.0,False,False,Clear,21,SUP-01,9,1,1465.3,False,34701.76,9791.66
2025-09-10,P010,Studio edition 10,Home,S03,Store 03,East,13,2041.28,0.0,False,False,Clear,8,SUP-01,9,0,1465.3,False,26536.64,7487.74
2025-09-11,P010,Studio edition 10,Home,S03,Store 03,East,8,2041.28,0.0,False,False,Rain,0,SUP-01,9,0,1465.3,True,16330.24,4607.84
2025-09-12,P010,Studio edition 10,Home,S03,Store 03,East,10,2041.28,0.0,False,False,Clear,170,SUP-01,9,0,1465.3,False,20412.8,5759.8
2025-09-13,P010,Studio edition 10,Home,S03,Store 03,East,17,2041.28,0.0,False,False,Clear,153,SUP-01,9,0,1465.3,False,34701.76,9791.66
2025-09-14,P010,Studio edition 10,Home,S03,Store 03,East,17,2041.28,0.0,False,False,Clear,136,SUP-01,9,1,1465.3,False,34701.76,9791.66
2025-09-15,P010,Studio edition 10,Home,S03,Store 03,East,11,2041.28,0.0,False,False,Clear,125,SUP-01,9,0,1465.3,False,22454.079999999998,6335.780000000001
2025-09-16,P010,Studio edition 10,Home,S03,Store 03,East,10,2041.28,0.0,False,False,Clear,115,SUP-01,9,0,1465.3,False,20412.8,5759.8
2025-09-17,P010,Studio edition 10,Home,S03,Store 03,East,15,2041.28,0.0,False,False,Clear,100,SUP-01,9,0,1465.3,False,30619.2,8639.7
2025-09-18,P010,Studio edition 10,Home,S03,Store 03,East,8,2041.28,0.0,False,False,Rain,92,SUP-01,9,1,1465.3,False,16330.24,4607.84
2025-09-19,P010,Studio edition 10,Home,S03,Store 03,East,18,1735.09,0.15,True,False,Clear,74,SUP-01,9,0,1465.3,False,31231.62,4856.219999999999
2025-09-20,P010,Studio edition 10,Home,S03,Store 03,East,9,2041.28,0.0,False,False,Clear,65,SUP-01,9,0,1465.3,False,18371.52,5183.82
2025-09-21,P010,Studio edition 10,Home,S03,Store 03,East,10,2041.28,0.0,False,False,Clear,240,SUP-01,9,0,1465.3,False,20412.8,5759.8
2025-09-22,P010,Studio edition 10,Home,S03,Store 03,East,10,2041.28,0.0,False,False,Clear,230,SUP-01,9,0,1465.3,False,20412.8,5759.8
2025-09-23,P010,Studio edition 10,Home,S03,Store 03,East,9,2041.28,0.0,False,False,Clear,221,SUP-01,9,0,1465.3,False,18371.52,5183.82
2025-09-24,P010,Studio edition 10,Home,S03,Store 03,East,15,2041.28,0.0,False,False,Clear,206,SUP-01,9,0,1465.3,False,30619.2,8639.7
2025-09-25,P010,Studio edition 10,Home,S03,Store 03,East,7,2041.28,0.0,False,False,Clear,199,SUP-01,9,0,1465.3,False,14288.96,4031.86
2025-09-26,P010,Studio edition 10,Home,S03,Store 03,East,11,2041.28,0.0,False,False,Clear,188,SUP-01,9,0,1465.3,False,22454.079999999998,6335.780000000001
2025-09-27,P010,Studio edition 10,Home,S03,Store 03,East,20,2041.28,0.0,False,False,Clear,168,SUP-01,9,0,1465.3,False,40825.6,11519.6
2025-09-28,P010,Studio edition 10,Home,S03,Store 03,East,16,2041.28,0.0,False,False,Clear,152,SUP-01,9,1,1465.3,False,32660.48,9215.68
2025-09-29,P010,Studio edition 10,Home,S03,Store 03,East,12,2041.28,0.0,False,False,Clear,140,SUP-01,9,0,1465.3,False,24495.36,6911.76
2025-09-30,P010,Studio edition 10,Home,S03,Store 03,East,15,2041.28,0.0,False,False,Clear,304,SUP-01,9,0,1465.3,False,30619.2,8639.7
2025-10-01,P010,Studio edition 10,Home,S03,Store 03,East,16,2041.28,0.0,False,False,Clear,288,SUP-01,9,0,1465.3,False,32660.48,9215.68
2025-10-02,P010,Studio edition 10,Home,S03,Store 03,East,21,2041.28,0.0,False,True,Rain,267,SUP-01,9,0,1465.3,False,42866.88,12095.58
2025-10-03,P010,Studio edition 10,Home,S03,Store 03,East,11,2041.28,0.0,False,False,Clear,256,SUP-01,9,0,1465.3,False,22454.079999999998,6335.780000000001
2025-10-04,P010,Studio edition 10,Home,S03,Store 03,East,28,1837.15,0.1,True,False,Rain,228,SUP-01,9,0,1465.3,False,51440.200000000004,10411.800000000003
2025-10-05,P010,Studio edition 10,Home,S03,Store 03,East,20,2041.28,0.0,False,False,Clear,208,SUP-01,9,1,1465.3,False,40825.6,11519.6
2025-10-06,P010,Studio edition 10,Home,S03,Store 03,East,24,1939.22,0.05,True,False,Clear,184,SUP-01,9,0,1465.3,False,46541.28,11374.080000000002
2025-10-07,P010,Studio edition 10,Home,S03,Store 03,East,23,2041.28,0.0,False,False,Clear,161,SUP-01,9,0,1465.3,False,46949.44,13247.54
2025-10-08,P010,Studio edition 10,Home,S03,Store 03,East,21,2041.28,0.0,False,False,Clear,140,SUP-01,9,0,1465.3,False,42866.88,12095.58
2025-10-09,P010,Studio edition 10,Home,S03,Store 03,East,19,2041.28,0.0,False,False,Clear,280,SUP-01,9,0,1465.3,False,38784.32,10943.62
2025-10-10,P010,Studio edition 10,Home,S03,Store 03,East,8,2041.28,0.0,False,False,Clear,272,SUP-01,9,0,1465.3,False,16330.24,4607.84
2025-10-11,P010,Studio edition 10,Home,S03,Store 03,East,14,2041.28,0.0,False,False,Clear,258,SUP-01,9,0,1465.3,False,28577.92,8063.72
2025-10-12,P010,Studio edition 10,Home,S03,Store 03,East,18,2041.28,0.0,False,False,Clear,240,SUP-01,9,1,1465.3,False,36743.04,10367.64
2025-10-13,P010,Studio edition 10,Home,S03,Store 03,East,7,2041.28,0.0,False,False,Clear,233,SUP-01,9,0,1465.3,False,14288.96,4031.86
2025-10-14,P010,Studio edition 10,Home,S03,Store 03,East,19,2041.28,0.0,False,False,Clear,214,SUP-01,9,0,1465.3,False,38784.32,10943.62
2025-10-15,P010,Studio edition 10,Home,S03,Store 03,East,17,2041.28,0.0,False,False,Clear,197,SUP-01,9,0,1465.3,False,34701.76,9791.66
2025-10-16,P010,Studio edition 10,Home,S03,Store 03,East,12,2041.28,0.0,False,False,Clear,185,SUP-01,9,0,1465.3,False,24495.36,6911.76
2025-10-17,P010,Studio edition 10,Home,S03,Store 03,East,11,2041.28,0.0,False,False,Clear,174,SUP-01,9,0,1465.3,False,22454.079999999998,6335.780000000001
2025-10-18,P010,Studio edition 10,Home,S03,Store 03,East,18,2041.28,0.0,False,False,Clear,316,SUP-01,9,0,1465.3,False,36743.04,10367.64
2025-10-19,P010,Studio edition 10,Home,S03,Store 03,East,13,2041.28,0.0,False,False,Clear,303,SUP-01,9,0,1465.3,False,26536.64,7487.74
2025-10-20,P010,Studio edition 10,Home,S03,Store 03,East,8,2041.28,0.0,False,False,Clear,295,SUP-01,9,0,1465.3,False,16330.24,4607.84
2025-10-21,P010,Studio edition 10,Home,S03,Store 03,East,9,2041.28,0.0,False,False,Clear,286,SUP-01,9,0,1465.3,False,18371.52,5183.82
2025-10-22,P010,Studio edition 10,Home,S03,Store 03,East,9,2041.28,0.0,False,False,Clear,277,SUP-01,9,0,1465.3,False,18371.52,5183.82
2025-10-23,P010,Studio edition 10,Home,S03,Store 03,East,10,2041.28,0.0,False,False,Clear,267,SUP-01,9,0,1465.3,False,20412.8,5759.8
2025-10-24,P010,Studio edition 10,Home,S03,Store 03,East,17,2041.28,0.0,False,False,Rain,250,SUP-01,9,0,1465.3,False,34701.76,9791.66
2025-10-25,P010,Studio edition 10,Home,S03,Store 03,East,13,1837.15,0.1,True,False,Clear,237,SUP-01,9,1,1465.3,False,23882.95,4834.050000000002
2025-10-26,P010,Studio edition 10,Home,S03,Store 03,East,15,2041.28,0.0,False,False,Clear,222,SUP-01,9,0,1465.3,False,30619.2,8639.7
2025-10-27,P010,Studio edition 10,Home,S03,Store 03,East,13,2041.28,0.0,False,False,Clear,393,SUP-01,9,0,1465.3,False,26536.64,7487.74
2025-10-28,P010,Studio edition 10,Home,S03,Store 03,East,22,1939.22,0.05,True,False,Clear,371,SUP-01,9,1,1465.3,False,42662.840000000004,10426.240000000002
2025-10-29,P010,Studio edition 10,Home,S03,Store 03,East,14,2041.28,0.0,False,False,Clear,357,SUP-01,9,0,1465.3,False,28577.92,8063.72
2025-10-30,P010,Studio edition 10,Home,S03,Store 03,East,31,2041.28,0.0,False,False,Clear,326,SUP-01,9,1,1465.3,False,63279.68,17855.38
2025-10-31,P010,Studio edition 10,Home,S03,Store 03,East,7,2041.28,0.0,False,False,Clear,319,SUP-01,9,0,1465.3,False,14288.96,4031.86
2025-11-01,P010,Studio edition 10,Home,S03,Store 03,East,17,2041.28,0.0,False,False,Clear,302,SUP-01,9,1,1465.3,False,34701.76,9791.66
2025-11-02,P010,Studio edition 10,Home,S03,Store 03,East,20,2041.28,0.0,False,False,Clear,282,SUP-01,9,0,1465.3,False,40825.6,11519.6
2025-11-03,P010,Studio edition 10,Home,S03,Store 03,East,25,1939.22,0.05,True,False,Clear,257,SUP-01,9,0,1465.3,False,48480.5,11848.000000000002
2025-11-04,P010,Studio edition 10,Home,S03,Store 03,East,22,2041.28,0.0,False,False,Clear,235,SUP-01,9,0,1465.3,False,44908.159999999996,12671.560000000001
2025-11-05,P010,Studio edition 10,Home,S03,Store 03,East,13,2041.28,0.0,False,False,Clear,387,SUP-01,9,0,1465.3,False,26536.64,7487.74
2025-11-06,P010,Studio edition 10,Home,S03,Store 03,East,14,2041.28,0.0,False,False,Clear,373,SUP-01,9,0,1465.3,False,28577.92,8063.72
2025-11-07,P010,Studio edition 10,Home,S03,Store 03,East,13,2041.28,0.0,False,False,Clear,360,SUP-01,9,0,1465.3,False,26536.64,7487.74
2025-11-08,P010,Studio edition 10,Home,S03,Store 03,East,13,2041.28,0.0,False,False,Clear,347,SUP-01,9,0,1465.3,False,26536.64,7487.74
2025-11-09,P010,Studio edition 10,Home,S03,Store 03,East,18,2041.28,0.0,False,False,Clear,329,SUP-01,9,0,1465.3,False,36743.04,10367.64
2025-11-10,P010,Studio edition 10,Home,S03,Store 03,East,9,2041.28,0.0,False,False,Clear,320,SUP-01,9,0,1465.3,False,18371.52,5183.82
2025-11-11,P010,Studio edition 10,Home,S03,Store 03,East,9,2041.28,0.0,False,False,Clear,311,SUP-01,9,0,1465.3,False,18371.52,5183.82
2025-11-12,P010,Studio edition 10,Home,S03,Store 03,East,10,2041.28,0.0,False,False,Clear,301,SUP-01,9,0,1465.3,False,20412.8,5759.8
2025-11-13,P010,Studio edition 10,Home,S03,Store 03,East,15,2041.28,0.0,False,False,Clear,286,SUP-01,9,0,1465.3,False,30619.2,8639.7
2025-11-14,P010,Studio edition 10,Home,S03,Store 03,East,15,1633.02,0.2,True,False,Clear,423,SUP-01,9,0,1465.3,False,24495.3,2515.8
2025-11-15,P010,Studio edition 10,Home,S03,Store 03,East,13,2041.28,0.0,False,False,Clear,410,SUP-01,9,0,1465.3,False,26536.64,7487.74
2025-11-16,P010,Studio edition 10,Home,S03,Store 03,East,11,2041.28,0.0,False,False,Clear,399,SUP-01,9,0,1465.3,False,22454.079999999998,6335.780000000001
2025-11-17,P010,Studio edition 10,Home,S03,Store 03,East,15,2041.28,0.0,False,False,Clear,384,SUP-01,9,1,1465.3,False,30619.2,8639.7
2025-11-18,P010,Studio edition 10,Home,S03,Store 03,East,18,1837.15,0.1,True,False,Rain,366,SUP-01,9,1,1465.3,False,33068.700000000004,6693.300000000003
2025-11-19,P010,Studio edition 10,Home,S03,Store 03,East,10,2041.28,0.0,False,False,Clear,356,SUP-01,9,1,1465.3,False,20412.8,5759.8
2025-11-20,P010,Studio edition 10,Home,S03,Store 03,East,9,2041.28,0.0,False,False,Clear,347,SUP-01,9,0,1465.3,False,18371.52,5183.82
2025-11-21,P010,Studio edition 10,Home,S03,Store 03,East,10,2041.28,0.0,False,False,Clear,337,SUP-01,9,0,1465.3,False,20412.8,5759.8
2025-11-22,P010,Studio edition 10,Home,S03,Store 03,East,15,2041.28,0.0,False,False,Clear,322,SUP-01,9,1,1465.3,False,30619.2,8639.7
2025-11-23,P010,Studio edition 10,Home,S03,Store 03,East,9,2041.28,0.0,False,False,Clear,468,SUP-01,9,0,1465.3,False,18371.52,5183.82
2025-11-24,P010,Studio edition 10,Home,S03,Store 03,East,12,2041.28,0.0,False,False,Clear,456,SUP-01,9,0,1465.3,False,24495.36,6911.76
2025-11-25,P010,Studio edition 10,Home,S03,Store 03,East,12,2041.28,0.0,False,False,Clear,444,SUP-01,9,0,1465.3,False,24495.36,6911.76
2025-11-26,P010,Studio edition 10,Home,S03,Store 03,East,19,2041.28,0.0,False,False,Clear,425,SUP-01,9,0,1465.3,False,38784.32,10943.62
2025-11-27,P010,Studio edition 10,Home,S03,Store 03,East,16,2041.28,0.0,False,False,Clear,409,SUP-01,9,1,1465.3,False,32660.48,9215.68
2025-11-28,P010,Studio edition 10,Home,S03,Store 03,East,18,1633.02,0.2,True,False,Clear,391,SUP-01,9,0,1465.3,False,29394.36,3018.9600000000005
2025-11-29,P010,Studio edition 10,Home,S03,Store 03,East,29,2041.28,0.0,False,False,Clear,362,SUP-01,9,0,1465.3,False,59197.12,16703.420000000002
2025-11-30,P010,Studio edition 10,Home,S03,Store 03,East,19,2041.28,0.0,False,False,Clear,343,SUP-01,9,1,1465.3,False,38784.32,10943.62
2025-12-01,P010,Studio edition 10,Home,S03,Store 03,East,20,2041.28,0.0,False,False,Clear,323,SUP-01,9,0,1465.3,False,40825.6,11519.6
2025-12-02,P010,Studio edition 10,Home,S03,Store 03,East,18,2041.28,0.0,False,False,Clear,463,SUP-01,9,0,1465.3,False,36743.04,10367.64
2025-12-03,P010,Studio edition 10,Home,S03,Store 03,East,21,2041.28,0.0,False,False,Clear,442,SUP-01,9,0,1465.3,False,42866.88,12095.58
2025-12-04,P010,Studio edition 10,Home,S03,Store 03,East,16,1735.09,0.15,True,False,Clear,426,SUP-01,9,0,1465.3,False,27761.44,4316.639999999999
2025-12-05,P010,Studio edition 10,Home,S03,Store 03,East,16,2041.28,0.0,False,False,Clear,410,SUP-01,9,0,1465.3,False,32660.48,9215.68
2025-12-06,P010,Studio edition 10,Home,S03,Store 03,East,25,2041.28,0.0,False,False,Clear,385,SUP-01,9,0,1465.3,False,51032.0,14399.5
2025-12-07,P010,Studio edition 10,Home,S03,Store 03,East,18,2041.28,0.0,False,False,Clear,367,SUP-01,9,0,1465.3,False,36743.04,10367.64
2025-12-08,P010,Studio edition 10,Home,S03,Store 03,East,22,2041.28,0.0,False,False,Clear,345,SUP-01,9,0,1465.3,False,44908.159999999996,12671.560000000001
2025-12-09,P010,Studio edition 10,Home,S03,Store 03,East,12,2041.28,0.0,False,False,Rain,333,SUP-01,9,0,1465.3,False,24495.36,6911.76
2025-12-10,P010,Studio edition 10,Home,S03,Store 03,East,17,2041.28,0.0,False,False,Clear,316,SUP-01,9,0,1465.3,False,34701.76,9791.66
2025-12-11,P010,Studio edition 10,Home,S03,Store 03,East,15,2041.28,0.0,False,False,Clear,486,SUP-01,9,1,1465.3,False,30619.2,8639.7
2025-12-12,P010,Studio edition 10,Home,S03,Store 03,East,14,2041.28,0.0,False,False,Clear,472,SUP-01,9,0,1465.3,False,28577.92,8063.72
2025-12-13,P010,Studio edition 10,Home,S03,Store 03,East,16,2041.28,0.0,False,False,Rain,456,SUP-01,9,0,1465.3,False,32660.48,9215.68
2025-12-14,P010,Studio edition 10,Home,S03,Store 03,East,19,2041.28,0.0,False,False,Clear,437,SUP-01,9,0,1465.3,False,38784.32,10943.62
2025-12-15,P010,Studio edition 10,Home,S03,Store 03,East,7,2041.28,0.0,False,False,Clear,430,SUP-01,9,0,1465.3,False,14288.96,4031.86
2025-12-16,P010,Studio edition 10,Home,S03,Store 03,East,14,2041.28,0.0,False,False,Clear,416,SUP-01,9,0,1465.3,False,28577.92,8063.72
2025-12-17,P010,Studio edition 10,Home,S03,Store 03,East,7,2041.28,0.0,False,False,Rain,409,SUP-01,9,0,1465.3,False,14288.96,4031.86
2025-12-18,P010,Studio edition 10,Home,S03,Store 03,East,17,2041.28,0.0,False,False,Clear,392,SUP-01,9,0,1465.3,False,34701.76,9791.66
2025-12-19,P010,Studio edition 10,Home,S03,Store 03,East,11,1939.22,0.05,True,False,Rain,381,SUP-01,9,0,1465.3,False,21331.420000000002,5213.120000000001
2025-12-20,P010,Studio edition 10,Home,S03,Store 03,East,15,2041.28,0.0,False,False,Clear,535,SUP-01,9,0,1465.3,False,30619.2,8639.7
2025-12-21,P010,Studio edition 10,Home,S03,Store 03,East,14,2041.28,0.0,False,False,Clear,521,SUP-01,9,0,1465.3,False,28577.92,8063.72
2025-12-22,P010,Studio edition 10,Home,S03,Store 03,East,6,2041.28,0.0,False,False,Clear,515,SUP-01,9,0,1465.3,False,12247.68,3455.88
2025-12-23,P010,Studio edition 10,Home,S03,Store 03,East,12,2041.28,0.0,False,False,Rain,503,SUP-01,9,0,1465.3,False,24495.36,6911.76
2025-12-24,P010,Studio edition 10,Home,S03,Store 03,East,14,2041.28,0.0,False,False,Clear,489,SUP-01,9,0,1465.3,False,28577.92,8063.72
2025-12-25,P010,Studio edition 10,Home,S03,Store 03,East,17,2041.28,0.0,False,True,Rain,472,SUP-01,9,0,1465.3,False,34701.76,9791.66
2025-12-26,P010,Studio edition 10,Home,S03,Store 03,East,14,2041.28,0.0,False,False,Clear,458,SUP-01,9,1,1465.3,False,28577.92,8063.72
2025-12-27,P010,Studio edition 10,Home,S03,Store 03,East,20,1633.02,0.2,True,False,Clear,438,SUP-01,9,0,1465.3,False,32660.4,3354.4000000000005
2025-12-28,P010,Studio edition 10,Home,S03,Store 03,East,17,1939.22,0.05,True,False,Clear,421,SUP-01,9,0,1465.3,False,32966.74,8056.640000000001
2025-12-29,P010,Studio edition 10,Home,S03,Store 03,East,13,2041.28,0.0,False,False,Clear,590,SUP-01,9,0,1465.3,False,26536.64,7487.74
2025-12-30,P010,Studio edition 10,Home,S03,Store 03,East,15,2041.28,0.0,False,False,Clear,575,SUP-01,9,0,1465.3,False,30619.2,8639.7
2025-12-31,P010,Studio edition 10,Home,S03,Store 03,East,18,2041.28,0.0,False,False,Clear,557,SUP-01,9,0,1465.3,False,36743.04,10367.64
2025-09-03,P010,Studio edition 10,Home,S04,Store 04,West,11,2041.28,0.0,False,False,Clear,266,SUP-01,4,0,1465.3,False,22454.079999999998,6335.780000000001
2025-09-04,P010,Studio edition 10,Home,S04,Store 04,West,25,1735.09,0.15,True,False,Clear,241,SUP-01,4,0,1465.3,False,43377.25,6744.749999999999
2025-09-05,P010,Studio edition 10,Home,S04,Store 04,West,17,2041.28,0.0,False,False,Clear,224,SUP-01,4,0,1465.3,False,34701.76,9791.66
2025-09-06,P010,Studio edition 10,Home,S04,Store 04,West,26,1837.15,0.1,True,False,Clear,198,SUP-01,4,0,1465.3,False,47765.9,9668.100000000004
2025-09-07,P010,Studio edition 10,Home,S04,Store 04,West,16,2041.28,0.0,False,False,Clear,240,SUP-01,4,0,1465.3,False,32660.48,9215.68
2025-09-08,P010,Studio edition 10,Home,S04,Store 04,West,15,2041.28,0.0,False,False,Rain,225,SUP-01,4,0,1465.3,False,30619.2,8639.7
2025-09-09,P010,Studio edition 10,Home,S04,Store 04,West,15,2041.28,0.0,False,False,Rain,210,SUP-01,4,0,1465.3,False,30619.2,8639.7
2025-09-10,P010,Studio edition 10,Home,S04,Store 04,West,19,2041.28,0.0,False,False,Clear,191,SUP-01,4,0,1465.3,False,38784.32,10943.62
2025-09-11,P010,Studio edition 10,Home,S04,Store 04,West,13,2041.28,0.0,False,False,Clear,238,SUP-01,4,0,1465.3,False,26536.64,7487.74
2025-09-12,P010,Studio edition 10,Home,S04,Store 04,West,15,2041.28,0.0,False,False,Clear,223,SUP-01,4,0,1465.3,False,30619.2,8639.7
2025-09-13,P010,Studio edition 10,Home,S04,Store 04,West,19,2041.28,0.0,False,False,Rain,204,SUP-01,4,0,1465.3,False,38784.32,10943.62
2025-09-14,P010,Studio edition 10,Home,S04,Store 04,West,17,2041.28,0.0,False,False,Clear,187,SUP-01,4,0,1465.3,False,34701.76,9791.66
2025-09-15,P010,Studio edition 10,Home,S04,Store 04,West,13,2041.28,0.0,False,False,Clear,225,SUP-01,4,0,1465.3,False,26536.64,7487.74
2025-09-16,P010,Studio edition 10,Home,S04,Store 04,West,9,2041.28,0.0,False,False,Clear,216,SUP-01,4,0,1465.3,False,18371.52,5183.82
2025-09-17,P010,Studio edition 10,Home,S04,Store 04,West,9,2041.28,0.0,False,False,Clear,207,SUP-01,4,1,1465.3,False,18371.52,5183.82
2025-09-18,P010,Studio edition 10,Home,S04,Store 04,West,13,2041.28,0.0,False,False,Clear,194,SUP-01,4,0,1465.3,False,26536.64,7487.74
2025-09-19,P010,Studio edition 10,Home,S04,Store 04,West,10,2041.28,0.0,False,False,Clear,237,SUP-01,4,0,1465.3,False,20412.8,5759.8
2025-09-20,P010,Studio edition 10,Home,S04,Store 04,West,19,2041.28,0.0,False,False,Clear,218,SUP-01,4,0,1465.3,False,38784.32,10943.62
2025-09-21,P010,Studio edition 10,Home,S04,Store 04,West,15,2041.28,0.0,False,False,Clear,203,SUP-01,4,0,1465.3,False,30619.2,8639.7
2025-09-22,P010,Studio edition 10,Home,S04,Store 04,West,17,2041.28,0.0,False,False,Clear,186,SUP-01,4,0,1465.3,False,34701.76,9791.66
2025-09-23,P010,Studio edition 10,Home,S04,Store 04,West,8,2041.28,0.0,False,False,Clear,236,SUP-01,4,0,1465.3,False,16330.24,4607.84
2025-09-24,P010,Studio edition 10,Home,S04,Store 04,West,7,2041.28,0.0,False,False,Rain,229,SUP-01,4,0,1465.3,False,14288.96,4031.86
2025-09-25,P010,Studio edition 10,Home,S04,Store 04,West,16,2041.28,0.0,False,False,Clear,213,SUP-01,4,0,1465.3,False,32660.48,9215.68
2025-09-26,P010,Studio edition 10,Home,S04,Store 04,West,12,2041.28,0.0,False,False,Rain,201,SUP-01,4,0,1465.3,False,24495.36,6911.76
2025-09-27,P010,Studio edition 10,Home,S04,Store 04,West,13,2041.28,0.0,False,False,Clear,239,SUP-01,4,0,1465.3,False,26536.64,7487.74
2025-09-28,P010,Studio edition 10,Home,S04,Store 04,West,24,2041.28,0.0,False,False,Clear,215,SUP-01,4,0,1465.3,False,48990.72,13823.52
2025-09-29,P010,Studio edition 10,Home,S04,Store 04,West,15,2041.28,0.0,False,False,Clear,200,SUP-01,4,0,1465.3,False,30619.2,8639.7
2025-09-30,P010,Studio edition 10,Home,S04,Store 04,West,14,2041.28,0.0,False,False,Clear,186,SUP-01,4,1,1465.3,False,28577.92,8063.72
2025-10-01,P010,Studio edition 10,Home,S04,Store 04,West,13,1633.02,0.2,True,False,Clear,226,SUP-01,4,0,1465.3,False,21229.26,2180.3600000000006
2025-10-02,P010,Studio edition 10,Home,S04,Store 04,West,18,2041.28,0.0,False,True,Clear,208,SUP-01,4,0,1465.3,False,36743.04,10367.64
2025-10-03,P010,Studio edition 10,Home,S04,Store 04,West,20,2041.28,0.0,False,False,Clear,188,SUP-01,4,0,1465.3,False,40825.6,11519.6
2025-10-04,P010,Studio edition 10,Home,S04,Store 04,West,20,2041.28,0.0,False,False,Clear,168,SUP-01,4,1,1465.3,False,40825.6,11519.6
2025-10-05,P010,Studio edition 10,Home,S04,Store 04,West,23,2041.28,0.0,False,False,Clear,197,SUP-01,4,0,1465.3,False,46949.44,13247.54
2025-10-06,P010,Studio edition 10,Home,S04,Store 04,West,20,2041.28,0.0,False,False,Clear,177,SUP-01,4,0,1465.3,False,40825.6,11519.6
2025-10-07,P010,Studio edition 10,Home,S04,Store 04,West,20,2041.28,0.0,False,False,Clear,157,SUP-01,4,1,1465.3,False,40825.6,11519.6
2025-10-08,P010,Studio edition 10,Home,S04,Store 04,West,11,2041.28,0.0,False,False,Clear,146,SUP-01,4,0,1465.3,False,22454.079999999998,6335.780000000001
2025-10-09,P010,Studio edition 10,Home,S04,Store 04,West,19,2041.28,0.0,False,False,Rain,184,SUP-01,4,1,1465.3,False,38784.32,10943.62
2025-10-10,P010,Studio edition 10,Home,S04,Store 04,West,21,2041.28,0.0,False,False,Clear,163,SUP-01,4,0,1465.3,False,42866.88,12095.58
2025-10-11,P010,Studio edition 10,Home,S04,Store 04,West,21,2041.28,0.0,False,False,Clear,142,SUP-01,4,0,1465.3,False,42866.88,12095.58
2025-10-12,P010,Studio edition 10,Home,S04,Store 04,West,13,1939.22,0.05,True,False,Rain,129,SUP-01,4,0,1465.3,False,25209.86,6160.960000000001
2025-10-13,P010,Studio edition 10,Home,S04,Store 04,West,20,2041.28,0.0,False,False,Clear,161,SUP-01,4,0,1465.3,False,40825.6,11519.6
2025-10-14,P010,Studio edition 10,Home,S04,Store 04,West,8,2041.28,0.0,False,False,Clear,153,SUP-01,4,0,1465.3,False,16330.24,4607.84
2025-10-15,P010,Studio edition 10,Home,S04,Store 04,West,9,2041.28,0.0,False,False,Clear,144,SUP-01,4,0,1465.3,False,18371.52,5183.82
2025-10-16,P010,Studio edition 10,Home,S04,Store 04,West,15,2041.28,0.0,False,False,Clear,129,SUP-01,4,0,1465.3,False,30619.2,8639.7
2025-10-17,P010,Studio edition 10,Home,S04,Store 04,West,10,2041.28,0.0,False,False,Clear,168,SUP-01,4,0,1465.3,False,20412.8,5759.8
2025-10-18,P010,Studio edition 10,Home,S04,Store 04,West,13,2041.28,0.0,False,False,Clear,155,SUP-01,4,1,1465.3,False,26536.64,7487.74
2025-10-19,P010,Studio edition 10,Home,S04,Store 04,West,16,2041.28,0.0,False,False,Clear,139,SUP-01,4,0,1465.3,False,32660.48,9215.68
2025-10-20,P010,Studio edition 10,Home,S04,Store 04,West,13,2041.28,0.0,False,False,Clear,126,SUP-01,4,0,1465.3,False,26536.64,7487.74
2025-10-21,P010,Studio edition 10,Home,S04,Store 04,West,13,2041.28,0.0,False,False,Clear,164,SUP-01,4,0,1465.3,False,26536.64,7487.74
2025-10-22,P010,Studio edition 10,Home,S04,Store 04,West,12,2041.28,0.0,False,False,Rain,152,SUP-01,4,0,1465.3,False,24495.36,6911.76
2025-10-23,P010,Studio edition 10,Home,S04,Store 04,West,15,2041.28,0.0,False,False,Clear,137,SUP-01,4,1,1465.3,False,30619.2,8639.7
2025-10-24,P010,Studio edition 10,Home,S04,Store 04,West,8,2041.28,0.0,False,False,Clear,129,SUP-01,4,0,1465.3,False,16330.24,4607.84
2025-10-25,P010,Studio edition 10,Home,S04,Store 04,West,12,2041.28,0.0,False,False,Clear,172,SUP-01,4,1,1465.3,False,24495.36,6911.76
2025-10-26,P010,Studio edition 10,Home,S04,Store 04,West,15,2041.28,0.0,False,False,Clear,157,SUP-01,4,1,1465.3,False,30619.2,8639.7
2025-10-27,P010,Studio edition 10,Home,S04,Store 04,West,12,1735.09,0.15,True,False,Clear,145,SUP-01,4,0,1465.3,False,20821.079999999998,3237.4799999999996
2025-10-28,P010,Studio edition 10,Home,S04,Store 04,West,17,2041.28,0.0,False,False,Rain,128,SUP-01,4,0,1465.3,False,34701.76,9791.66
2025-10-29,P010,Studio edition 10,Home,S04,Store 04,West,13,2041.28,0.0,False,False,Clear,165,SUP-01,4,0,1465.3,False,26536.64,7487.74
2025-10-30,P010,Studio edition 10,Home,S04,Store 04,West,13,2041.28,0.0,False,False,Clear,152,SUP-01,4,0,1465.3,False,26536.64,7487.74
2025-10-31,P010,Studio edition 10,Home,S04,Store 04,West,22,2041.28,0.0,False,False,Clear,130,SUP-01,4,0,1465.3,False,44908.159999999996,12671.560000000001
2025-11-01,P010,Studio edition 10,Home,S04,Store 04,West,18,2041.28,0.0,False,False,Clear,112,SUP-01,4,0,1465.3,False,36743.04,10367.64
2025-11-02,P010,Studio edition 10,Home,S04,Store 04,West,13,2041.28,0.0,False,False,Rain,150,SUP-01,4,0,1465.3,False,26536.64,7487.74
2025-11-03,P010,Studio edition 10,Home,S04,Store 04,West,19,2041.28,0.0,False,False,Clear,131,SUP-01,4,0,1465.3,False,38784.32,10943.62
2025-11-04,P010,Studio edition 10,Home,S04,Store 04,West,14,2041.28,0.0,False,False,Clear,117,SUP-01,4,0,1465.3,False,28577.92,8063.72
2025-11-05,P010,Studio edition 10,Home,S04,Store 04,West,12,2041.28,0.0,False,False,Clear,105,SUP-01,4,0,1465.3,False,24495.36,6911.76
2025-11-06,P010,Studio edition 10,Home,S04,Store 04,West,22,1735.09,0.15,True,False,Clear,133,SUP-01,4,1,1465.3,False,38171.979999999996,5935.379999999999
2025-11-07,P010,Studio edition 10,Home,S04,Store 04,West,21,1735.09,0.15,True,False,Clear,112,SUP-01,4,0,1465.3,False,36436.89,5665.589999999999
2025-11-08,P010,Studio edition 10,Home,S04,Store 04,West,19,2041.28,0.0,False,False,Clear,93,SUP-01,4,0,1465.3,False,38784.32,10943.62
2025-11-09,P010,Studio edition 10,Home,S04,Store 04,West,17,2041.28,0.0,False,False,Clear,76,SUP-01,4,0,1465.3,False,34701.76,9791.66
2025-11-10,P010,Studio edition 10,Home,S04,Store 04,West,12,2041.28,0.0,False,False,Clear,122,SUP-01,4,1,1465.3,False,24495.36,6911.76
2025-11-11,P010,Studio edition 10,Home,S04,Store 04,West,15,2041.28,0.0,False,False,Rain,107,SUP-01,4,0,1465.3,False,30619.2,8639.7
2025-11-12,P010,Studio edition 10,Home,S04,Store 04,West,8,2041.28,0.0,False,False,Clear,99,SUP-01,4,0,1465.3,False,16330.24,4607.84
2025-11-13,P010,Studio edition 10,Home,S04,Store 04,West,13,2041.28,0.0,False,False,Clear,86,SUP-01,4,0,1465.3,False,26536.64,7487.74
2025-11-14,P010,Studio edition 10,Home,S04,Store 04,West,15,2041.28,0.0,False,False,Clear,131,SUP-01,4,0,1465.3,False,30619.2,8639.7
2025-11-15,P010,Studio edition 10,Home,S04,Store 04,West,19,2041.28,0.0,False,False,Clear,112,SUP-01,4,0,1465.3,False,38784.32,10943.62
2025-11-16,P010,Studio edition 10,Home,S04,Store 04,West,11,2041.28,0.0,False,False,Clear,101,SUP-01,4,0,1465.3,False,22454.079999999998,6335.780000000001
2025-11-17,P010,Studio edition 10,Home,S04,Store 04,West,14,2041.28,0.0,False,False,Rain,87,SUP-01,4,0,1465.3,False,28577.92,8063.72
2025-11-18,P010,Studio edition 10,Home,S04,Store 04,West,8,2041.28,0.0,False,False,Clear,138,SUP-01,4,0,1465.3,False,16330.24,4607.84
2025-11-19,P010,Studio edition 10,Home,S04,Store 04,West,14,2041.28,0.0,False,False,Clear,124,SUP-01,4,0,1465.3,False,28577.92,8063.72
2025-11-20,P010,Studio edition 10,Home,S04,Store 04,West,11,2041.28,0.0,False,False,Clear,113,SUP-01,4,0,1465.3,False,22454.079999999998,6335.780000000001
2025-11-21,P010,Studio edition 10,Home,S04,Store 04,West,8,2041.28,0.0,False,False,Clear,105,SUP-01,4,0,1465.3,False,16330.24,4607.84
2025-11-22,P010,Studio edition 10,Home,S04,Store 04,West,15,2041.28,0.0,False,False,Clear,144,SUP-01,4,0,1465.3,False,30619.2,8639.7
2025-11-23,P010,Studio edition 10,Home,S04,Store 04,West,11,2041.28,0.0,False,False,Clear,133,SUP-01,4,0,1465.3,False,22454.079999999998,6335.780000000001
2025-11-24,P010,Studio edition 10,Home,S04,Store 04,West,28,1939.22,0.05,True,False,Rain,105,SUP-01,4,0,1465.3,False,54298.16,13269.760000000002
2025-11-25,P010,Studio edition 10,Home,S04,Store 04,West,12,2041.28,0.0,False,False,Clear,93,SUP-01,4,0,1465.3,False,24495.36,6911.76
2025-11-26,P010,Studio edition 10,Home,S04,Store 04,West,10,2041.28,0.0,False,False,Clear,142,SUP-01,4,0,1465.3,False,20412.8,5759.8
2025-11-27,P010,Studio edition 10,Home,S04,Store 04,West,19,2041.28,0.0,False,False,Clear,123,SUP-01,4,0,1465.3,False,38784.32,10943.62
2025-11-28,P010,Studio edition 10,Home,S04,Store 04,West,14,2041.28,0.0,False,False,Clear,109,SUP-01,4,0,1465.3,False,28577.92,8063.72
2025-11-29,P010,Studio edition 10,Home,S04,Store 04,West,23,1735.09,0.15,True,False,Rain,86,SUP-01,4,0,1465.3,False,39907.07,6205.169999999999
2025-11-30,P010,Studio edition 10,Home,S04,Store 04,West,20,2041.28,0.0,False,False,Clear,120,SUP-01,4,0,1465.3,False,40825.6,11519.6
2025-12-01,P010,Studio edition 10,Home,S04,Store 04,West,24,2041.28,0.0,False,False,Clear,96,SUP-01,4,0,1465.3,False,48990.72,13823.52
2025-12-02,P010,Studio edition 10,Home,S04,Store 04,West,25,1837.15,0.1,True,False,Rain,71,SUP-01,4,0,1465.3,False,45928.75,9296.250000000004
2025-12-03,P010,Studio edition 10,Home,S04,Store 04,West,13,2041.28,0.0,False,False,Clear,58,SUP-01,4,0,1465.3,False,26536.64,7487.74
2025-12-04,P010,Studio edition 10,Home,S04,Store 04,West,18,2041.28,0.0,False,False,Clear,90,SUP-01,4,1,1465.3,False,36743.04,10367.64
2025-12-05,P010,Studio edition 10,Home,S04,Store 04,West,19,2041.28,0.0,False,False,Clear,71,SUP-01,4,0,1465.3,False,38784.32,10943.62
2025-12-06,P010,Studio edition 10,Home,S04,Store 04,West,17,2041.28,0.0,False,False,Clear,54,SUP-01,4,0,1465.3,False,34701.76,9791.66
2025-12-07,P010,Studio edition 10,Home,S04,Store 04,West,25,2041.28,0.0,False,False,Clear,29,SUP-01,4,1,1465.3,False,51032.0,14399.5
2025-12-08,P010,Studio edition 10,Home,S04,Store 04,West,13,2041.28,0.0,False,False,Clear,72,SUP-01,4,0,1465.3,False,26536.64,7487.74
2025-12-09,P010,Studio edition 10,Home,S04,Store 04,West,11,2041.28,0.0,False,False,Clear,61,SUP-01,4,0,1465.3,False,22454.079999999998,6335.780000000001
2025-12-10,P010,Studio edition 10,Home,S04,Store 04,West,17,1837.15,0.1,True,False,Rain,44,SUP-01,4,0,1465.3,False,31231.550000000003,6321.450000000003
2025-12-11,P010,Studio edition 10,Home,S04,Store 04,West,12,2041.28,0.0,False,False,Clear,32,SUP-01,4,0,1465.3,False,24495.36,6911.76
2025-12-12,P010,Studio edition 10,Home,S04,Store 04,West,15,2041.28,0.0,False,False,Clear,68,SUP-01,4,0,1465.3,False,30619.2,8639.7
2025-12-13,P010,Studio edition 10,Home,S04,Store 04,West,15,2041.28,0.0,False,False,Clear,53,SUP-01,4,0,1465.3,False,30619.2,8639.7
2025-12-14,P010,Studio edition 10,Home,S04,Store 04,West,9,2041.28,0.0,False,False,Clear,44,SUP-01,4,0,1465.3,False,18371.52,5183.82
2025-12-15,P010,Studio edition 10,Home,S04,Store 04,West,12,2041.28,0.0,False,False,Clear,32,SUP-01,4,1,1465.3,False,24495.36,6911.76
2025-12-16,P010,Studio edition 10,Home,S04,Store 04,West,10,2041.28,0.0,False,False,Clear,74,SUP-01,4,0,1465.3,False,20412.8,5759.8
2025-12-17,P010,Studio edition 10,Home,S04,Store 04,West,12,2041.28,0.0,False,False,Clear,62,SUP-01,4,0,1465.3,False,24495.36,6911.76
2025-12-18,P010,Studio edition 10,Home,S04,Store 04,West,11,2041.28,0.0,False,False,Clear,51,SUP-01,4,0,1465.3,False,22454.079999999998,6335.780000000001
2025-12-19,P010,Studio edition 10,Home,S04,Store 04,West,9,1633.02,0.2,True,False,Clear,42,SUP-01,4,0,1465.3,False,14697.18,1509.4800000000002
2025-12-20,P010,Studio edition 10,Home,S04,Store 04,West,22,2041.28,0.0,False,False,Clear,79,SUP-01,4,0,1465.3,False,44908.159999999996,12671.560000000001
2025-12-21,P010,Studio edition 10,Home,S04,Store 04,West,17,2041.28,0.0,False,False,Clear,62,SUP-01,4,0,1465.3,False,34701.76,9791.66
2025-12-22,P010,Studio edition 10,Home,S04,Store 04,West,12,2041.28,0.0,False,False,Clear,50,SUP-01,4,0,1465.3,False,24495.36,6911.76
2025-12-23,P010,Studio edition 10,Home,S04,Store 04,West,12,2041.28,0.0,False,False,Clear,38,SUP-01,4,0,1465.3,False,24495.36,6911.76
2025-12-24,P010,Studio edition 10,Home,S04,Store 04,West,19,2041.28,0.0,False,False,Clear,79,SUP-01,4,0,1465.3,False,38784.32,10943.62
2025-12-25,P010,Studio edition 10,Home,S04,Store 04,West,10,2041.28,0.0,False,True,Clear,69,SUP-01,4,0,1465.3,False,20412.8,5759.8
2025-12-26,P010,Studio edition 10,Home,S04,Store 04,West,18,2041.28,0.0,False,False,Clear,51,SUP-01,4,1,1465.3,False,36743.04,10367.64
2025-12-27,P010,Studio edition 10,Home,S04,Store 04,West,9,2041.28,0.0,False,False,Rain,42,SUP-01,4,0,1465.3,False,18371.52,5183.82
2025-12-28,P010,Studio edition 10,Home,S04,Store 04,West,16,2041.28,0.0,False,False,Clear,81,SUP-01,4,0,1465.3,False,32660.48,9215.68
2025-12-29,P010,Studio edition 10,Home,S04,Store 04,West,23,2041.28,0.0,False,False,Clear,58,SUP-01,4,1,1465.3,False,46949.44,13247.54
2025-12-30,P010,Studio edition 10,Home,S04,Store 04,West,10,2041.28,0.0,False,False,Clear,48,SUP-01,4,0,1465.3,False,20412.8,5759.8
2025-12-31,P010,Studio edition 10,Home,S04,Store 04,West,18,2041.28,0.0,False,False,Clear,30,SUP-01,4,0,1465.3,False,36743.04,10367.64
2025-09-03,P011,Daily essentials 11,Beauty,S01,Store 01,North,14,1401.83,0.2,True,False,Clear,125,SUP-02,5,0,1133.82,False,19625.62,3752.14
2025-09-04,P011,Daily essentials 11,Beauty,S01,Store 01,North,11,1752.29,0.0,False,False,Clear,114,SUP-02,5,0,1133.82,False,19275.19,6803.17
2025-09-05,P011,Daily essentials 11,Beauty,S01,Store 01,North,9,1752.29,0.0,False,False,Rain,105,SUP-02,5,0,1133.82,False,15770.61,5566.2300000000005
2025-09-06,P011,Daily essentials 11,Beauty,S01,Store 01,North,23,1752.29,0.0,False,False,Clear,82,SUP-02,5,1,1133.82,False,40302.67,14224.810000000001
2025-09-07,P011,Daily essentials 11,Beauty,S01,Store 01,North,11,1752.29,0.0,False,False,Rain,71,SUP-02,5,0,1133.82,False,19275.19,6803.17
2025-09-08,P011,Daily essentials 11,Beauty,S01,Store 01,North,10,1752.29,0.0,False,False,Clear,125,SUP-02,5,0,1133.82,False,17522.9,6184.700000000001
2025-09-09,P011,Daily essentials 11,Beauty,S01,Store 01,North,13,1752.29,0.0,False,False,Clear,112,SUP-02,5,1,1133.82,False,22779.77,8040.110000000001
2025-09-10,P011,Daily essentials 11,Beauty,S01,Store 01,North,16,1752.29,0.0,False,False,Clear,96,SUP-02,5,0,1133.82,False,28036.64,9895.52
2025-09-11,P011,Daily essentials 11,Beauty,S01,Store 01,North,13,1752.29,0.0,False,False,Clear,83,SUP-02,5,0,1133.82,False,22779.77,8040.110000000001
2025-09-12,P011,Daily essentials 11,Beauty,S01,Store 01,North,11,1752.29,0.0,False,False,Clear,72,SUP-02,5,0,1133.82,False,19275.19,6803.17
2025-09-13,P011,Daily essentials 11,Beauty,S01,Store 01,North,10,1752.29,0.0,False,False,Clear,128,SUP-02,5,0,1133.82,False,17522.9,6184.700000000001
2025-09-14,P011,Daily essentials 11,Beauty,S01,Store 01,North,9,1752.29,0.0,False,False,Clear,119,SUP-02,5,0,1133.82,False,15770.61,5566.2300000000005
2025-09-15,P011,Daily essentials 11,Beauty,S01,Store 01,North,7,1752.29,0.0,False,False,Clear,112,SUP-02,5,0,1133.82,False,12266.029999999999,4329.29
2025-09-16,P011,Daily essentials 11,Beauty,S01,Store 01,North,11,1752.29,0.0,False,False,Clear,101,SUP-02,5,0,1133.82,False,19275.19,6803.17
2025-09-17,P011,Daily essentials 11,Beauty,S01,Store 01,North,5,1752.29,0.0,False,False,Clear,96,SUP-02,5,0,1133.82,False,8761.45,3092.3500000000004
2025-09-18,P011,Daily essentials 11,Beauty,S01,Store 01,North,16,1752.29,0.0,False,False,Rain,137,SUP-02,5,1,1133.82,False,28036.64,9895.52
2025-09-19,P011,Daily essentials 11,Beauty,S01,Store 01,North,7,1752.29,0.0,False,False,Clear,130,SUP-02,5,0,1133.82,False,12266.029999999999,4329.29
2025-09-20,P011,Daily essentials 11,Beauty,S01,Store 01,North,13,1489.45,0.15,True,False,Rain,117,SUP-02,5,0,1133.82,False,19362.850000000002,4623.190000000001
2025-09-21,P011,Daily essentials 11,Beauty,S01,Store 01,North,16,1752.29,0.0,False,False,Rain,101,SUP-02,5,0,1133.82,False,28036.64,9895.52
2025-09-22,P011,Daily essentials 11,Beauty,S01,Store 01,North,10,1752.29,0.0,False,False,Clear,91,SUP-02,5,0,1133.82,False,17522.9,6184.700000000001
2025-09-23,P011,Daily essentials 11,Beauty,S01,Store 01,North,11,1752.29,0.0,False,False,Clear,147,SUP-02,5,0,1133.82,False,19275.19,6803.17
2025-09-24,P011,Daily essentials 11,Beauty,S01,Store 01,North,16,1752.29,0.0,False,False,Clear,131,SUP-02,5,0,1133.82,False,28036.64,9895.52
2025-09-25,P011,Daily essentials 11,Beauty,S01,Store 01,North,14,1752.29,0.0,False,False,Clear,117,SUP-02,5,0,1133.82,False,24532.059999999998,8658.58
2025-09-26,P011,Daily essentials 11,Beauty,S01,Store 01,North,18,1489.45,0.15,True,False,Clear,99,SUP-02,5,0,1133.82,False,26810.100000000002,6401.340000000002
2025-09-27,P011,Daily essentials 11,Beauty,S01,Store 01,North,15,1752.29,0.0,False,False,Clear,84,SUP-02,5,1,1133.82,False,26284.35,9277.050000000001
2025-09-28,P011,Daily essentials 11,Beauty,S01,Store 01,North,23,1752.29,0.0,False,False,Clear,125,SUP-02,5,0,1133.82,False,40302.67,14224.810000000001
2025-09-29,P011,Daily essentials 11,Beauty,S01,Store 01,North,13,1752.29,0.0,False,False,Clear,112,SUP-02,5,0,1133.82,False,22779.77,8040.110000000001
2025-09-30,P011,Daily essentials 11,Beauty,S01,Store 01,North,9,1752.29,0.0,False,False,Clear,103,SUP-02,5,0,1133.82,False,15770.61,5566.2300000000005
2025-10-01,P011,Daily essentials 11,Beauty,S01,Store 01,North,10,1752.29,0.0,False,False,Clear,93,SUP-02,5,1,1133.82,False,17522.9,6184.700000000001
2025-10-02,P011,Daily essentials 11,Beauty,S01,Store 01,North,15,1752.29,0.0,False,True,Clear,78,SUP-02,5,0,1133.82,False,26284.35,9277.050000000001
2025-10-03,P011,Daily essentials 11,Beauty,S01,Store 01,North,14,1752.29,0.0,False,False,Clear,130,SUP-02,5,0,1133.82,False,24532.059999999998,8658.58
2025-10-04,P011,Daily essentials 11,Beauty,S01,Store 01,North,18,1752.29,0.0,False,False,Clear,112,SUP-02,5,0,1133.82,False,31541.22,11132.460000000001
2025-10-05,P011,Daily essentials 11,Beauty,S01,Store 01,North,21,1752.29,0.0,False,False,Clear,91,SUP-02,5,0,1133.82,False,36798.09,12987.87
2025-10-06,P011,Daily essentials 11,Beauty,S01,Store 01,North,12,1577.06,0.1,True,False,Rain,79,SUP-02,5,0,1133.82,False,18924.72,5318.88
2025-10-07,P011,Daily essentials 11,Beauty,S01,Store 01,North,17,1752.29,0.0,False,False,Clear,62,SUP-02,5,0,1133.82,False,29788.93,10513.99
2025-10-08,P011,Daily essentials 11,Beauty,S01,Store 01,North,16,1752.29,0.0,False,False,Clear,110,SUP-02,5,1,1133.82,False,28036.64,9895.52
2025-10-09,P011,Daily essentials 11,Beauty,S01,Store 01,North,11,1752.29,0.0,False,False,Clear,99,SUP-02,5,1,1133.82,False,19275.19,6803.17
2025-10-10,P011,Daily essentials 11,Beauty,S01,Store 01,North,10,1752.29,0.0,False,False,Clear,89,SUP-02,5,0,1133.82,False,17522.9,6184.700000000001
2025-10-11,P011,Daily essentials 11,Beauty,S01,Store 01,North,19,1752.29,0.0,False,False,Clear,70,SUP-02,5,1,1133.82,False,33293.51,11750.93
2025-10-12,P011,Daily essentials 11,Beauty,S01,Store 01,North,13,1752.29,0.0,False,False,Rain,57,SUP-02,5,0,1133.82,False,22779.77,8040.110000000001
2025-10-13,P011,Daily essentials 11,Beauty,S01,Store 01,North,9,1752.29,0.0,False,False,Clear,107,SUP-02,5,1,1133.82,False,15770.61,5566.2300000000005
2025-10-14,P011,Daily essentials 11,Beauty,S01,Store 01,North,10,1752.29,0.0,False,False,Clear,97,SUP-02,5,0,1133.82,False,17522.9,6184.700000000001
2025-10-15,P011,Daily essentials 11,Beauty,S01,Store 01,North,12,1577.06,0.1,True,False,Clear,85,SUP-02,5,0,1133.82,False,18924.72,5318.88
2025-10-16,P011,Daily essentials 11,Beauty,S01,Store 01,North,9,1752.29,0.0,False,False,Clear,76,SUP-02,5,1,1133.82,False,15770.61,5566.2300000000005
2025-10-17,P011,Daily essentials 11,Beauty,S01,Store 01,North,17,1752.29,0.0,False,False,Clear,59,SUP-02,5,0,1133.82,False,29788.93,10513.99
2025-10-18,P011,Daily essentials 11,Beauty,S01,Store 01,North,12,1752.29,0.0,False,False,Clear,110,SUP-02,5,1,1133.82,False,21027.48,7421.64
2025-10-19,P011,Daily essentials 11,Beauty,S01,Store 01,North,9,1752.29,0.0,False,False,Clear,101,SUP-02,5,2,1133.82,False,15770.61,5566.2300000000005
2025-10-20,P011,Daily essentials 11,Beauty,S01,Store 01,North,14,1752.29,0.0,False,False,Clear,87,SUP-02,5,0,1133.82,False,24532.059999999998,8658.58
2025-10-21,P011,Daily essentials 11,Beauty,S01,Store 01,North,14,1752.29,0.0,False,False,Clear,73,SUP-02,5,0,1133.82,False,24532.059999999998,8658.58
2025-10-22,P011,Daily essentials 11,Beauty,S01,Store 01,North,17,1752.29,0.0,False,False,Clear,56,SUP-02,5,0,1133.82,False,29788.93,10513.99
2025-10-23,P011,Daily essentials 11,Beauty,S01,Store 01,North,14,1752.29,0.0,False,False,Clear,107,SUP-02,5,0,1133.82,False,24532.059999999998,8658.58
2025-10-24,P011,Daily essentials 11,Beauty,S01,Store 01,North,16,1752.29,0.0,False,False,Clear,91,SUP-02,5,2,1133.82,False,28036.64,9895.52
2025-10-25,P011,Daily essentials 11,Beauty,S01,Store 01,North,12,1752.29,0.0,False,False,Clear,79,SUP-02,5,0,1133.82,False,21027.48,7421.64
2025-10-26,P011,Daily essentials 11,Beauty,S01,Store 01,North,20,1401.83,0.2,True,False,Clear,59,SUP-02,5,0,1133.82,False,28036.6,5360.2
2025-10-27,P011,Daily essentials 11,Beauty,S01,Store 01,North,8,1752.29,0.0,False,False,Clear,51,SUP-02,5,0,1133.82,False,14018.32,4947.76
2025-10-28,P011,Daily essentials 11,Beauty,S01,Store 01,North,23,1752.29,0.0,False,False,Clear,93,SUP-02,5,1,1133.82,False,40302.67,14224.810000000001
2025-10-29,P011,Daily essentials 11,Beauty,S01,Store 01,North,18,1752.29,0.0,False,False,Clear,75,SUP-02,5,0,1133.82,False,31541.22,11132.460000000001
2025-10-30,P011,Daily essentials 11,Beauty,S01,Store 01,North,17,1752.29,0.0,False,False,Clear,58,SUP-02,5,1,1133.82,False,29788.93,10513.99
2025-10-31,P011,Daily essentials 11,Beauty,S01,Store 01,North,10,1752.29,0.0,False,False,Clear,48,SUP-02,5,0,1133.82,False,17522.9,6184.700000000001
2025-11-01,P011,Daily essentials 11,Beauty,S01,Store 01,North,15,1752.29,0.0,False,False,Clear,33,SUP-02,5,1,1133.82,False,26284.35,9277.050000000001
2025-11-02,P011,Daily essentials 11,Beauty,S01,Store 01,North,22,1752.29,0.0,False,False,Clear,77,SUP-02,5,0,1133.82,False,38550.38,13606.34
2025-11-03,P011,Daily essentials 11,Beauty,S01,Store 01,North,21,1401.83,0.2,True,False,Clear,56,SUP-02,5,0,1133.82,False,29438.43,5628.21
2025-11-04,P011,Daily essentials 11,Beauty,S01,Store 01,North,19,1752.29,0.0,False,False,Rain,37,SUP-02,5,0,1133.82,False,33293.51,11750.93
2025-11-05,P011,Daily essentials 11,Beauty,S01,Store 01,North,21,1752.29,0.0,False,False,Clear,16,SUP-02,5,0,1133.82,False,36798.09,12987.87
2025-11-06,P011,Daily essentials 11,Beauty,S01,Store 01,North,12,1752.29,0.0,False,False,Clear,4,SUP-02,5,0,1133.82,False,21027.48,7421.64
2025-11-07,P011,Daily essentials 11,Beauty,S01,Store 01,North,12,1752.29,0.0,False,False,Rain,54,SUP-02,5,0,1133.82,False,21027.48,7421.64
2025-11-08,P011,Daily essentials 11,Beauty,S01,Store 01,North,14,1752.29,0.0,False,False,Clear,40,SUP-02,5,0,1133.82,False,24532.059999999998,8658.58
2025-11-09,P011,Daily essentials 11,Beauty,S01,Store 01,North,14,1752.29,0.0,False,False,Clear,26,SUP-02,5,0,1133.82,False,24532.059999999998,8658.58
2025-11-10,P011,Daily essentials 11,Beauty,S01,Store 01,North,14,1489.45,0.15,True,False,Clear,12,SUP-02,5,1,1133.82,False,20852.3,4978.8200000000015
2025-11-11,P011,Daily essentials 11,Beauty,S01,Store 01,North,12,1752.29,0.0,False,False,Clear,0,SUP-02,5,0,1133.82,True,21027.48,7421.64
2025-11-12,P011,Daily essentials 11,Beauty,S01,Store 01,North,9,1752.29,0.0,False,False,Clear,49,SUP-02,5,0,1133.82,False,15770.61,5566.2300000000005
2025-11-13,P011,Daily essentials 11,Beauty,S01,Store 01,North,9,1752.29,0.0,False,False,Rain,40,SUP-02,5,0,1133.82,False,15770.61,5566.2300000000005
2025-11-14,P011,Daily essentials 11,Beauty,S01,Store 01,North,5,1752.29,0.0,False,False,Clear,35,SUP-02,5,0,1133.82,False,8761.45,3092.3500000000004
2025-11-15,P011,Daily essentials 11,Beauty,S01,Store 01,North,10,1752.29,0.0,False,False,Clear,25,SUP-02,5,0,1133.82,False,17522.9,6184.700000000001
2025-11-16,P011,Daily essentials 11,Beauty,S01,Store 01,North,14,1752.29,0.0,False,False,Clear,11,SUP-02,5,1,1133.82,False,24532.059999999998,8658.58
2025-11-17,P011,Daily essentials 11,Beauty,S01,Store 01,North,13,1752.29,0.0,False,False,Clear,67,SUP-02,5,0,1133.82,False,22779.77,8040.110000000001
2025-11-18,P011,Daily essentials 11,Beauty,S01,Store 01,North,11,1752.29,0.0,False,False,Clear,56,SUP-02,5,0,1133.82,False,19275.19,6803.17
2025-11-19,P011,Daily essentials 11,Beauty,S01,Store 01,North,10,1752.29,0.0,False,False,Clear,46,SUP-02,5,0,1133.82,False,17522.9,6184.700000000001
2025-11-20,P011,Daily essentials 11,Beauty,S01,Store 01,North,11,1752.29,0.0,False,False,Rain,35,SUP-02,5,0,1133.82,False,19275.19,6803.17
2025-11-21,P011,Daily essentials 11,Beauty,S01,Store 01,North,13,1752.29,0.0,False,False,Clear,22,SUP-02,5,0,1133.82,False,22779.77,8040.110000000001
2025-11-22,P011,Daily essentials 11,Beauty,S01,Store 01,North,17,1401.83,0.2,True,False,Clear,69,SUP-02,5,1,1133.82,False,23831.11,4556.17
2025-11-23,P011,Daily essentials 11,Beauty,S01,Store 01,North,19,1752.29,0.0,False,False,Clear,50,SUP-02,5,0,1133.82,False,33293.51,11750.93
2025-11-24,P011,Daily essentials 11,Beauty,S01,Store 01,North,15,1752.29,0.0,False,False,Rain,35,SUP-02,5,0,1133.82,False,26284.35,9277.050000000001
2025-11-25,P011,Daily essentials 11,Beauty,S01,Store 01,North,15,1752.29,0.0,False,False,Clear,20,SUP-02,5,0,1133.82,False,26284.35,9277.050000000001
2025-11-26,P011,Daily essentials 11,Beauty,S01,Store 01,North,18,1401.83,0.2,True,False,Clear,2,SUP-02,5,0,1133.82,False,25232.94,4824.18
2025-11-27,P011,Daily essentials 11,Beauty,S01,Store 01,North,20,1752.29,0.0,False,False,Clear,44,SUP-02,5,0,1133.82,False,35045.8,12369.400000000001
2025-11-28,P011,Daily essentials 11,Beauty,S01,Store 01,North,15,1752.29,0.0,False,False,Clear,29,SUP-02,5,0,1133.82,False,26284.35,9277.050000000001
2025-11-29,P011,Daily essentials 11,Beauty,S01,Store 01,North,15,1752.29,0.0,False,False,Clear,14,SUP-02,5,0,1133.82,False,26284.35,9277.050000000001
2025-11-30,P011,Daily essentials 11,Beauty,S01,Store 01,North,14,1752.29,0.0,False,False,Clear,0,SUP-02,5,0,1133.82,True,24532.059999999998,8658.58
2025-12-01,P011,Daily essentials 11,Beauty,S01,Store 01,North,0,1752.29,0.0,False,False,Clear,0,SUP-02,5,0,1133.82,True,0.0,0.0
2025-12-02,P011,Daily essentials 11,Beauty,S01,Store 01,North,20,1752.29,0.0,False,False,Clear,38,SUP-02,5,0,1133.82,False,35045.8,12369.400000000001
2025-12-03,P011,Daily essentials 11,Beauty,S01,Store 01,North,11,1752.29,0.0,False,False,Clear,27,SUP-02,5,0,1133.82,False,19275.19,6803.17
2025-12-04,P011,Daily essentials 11,Beauty,S01,Store 01,North,13,1752.29,0.0,False,False,Clear,14,SUP-02,5,0,1133.82,False,22779.77,8040.110000000001
2025-12-05,P011,Daily essentials 11,Beauty,S01,Store 01,North,14,1752.29,0.0,False,False,Clear,0,SUP-02,5,0,1133.82,False,24532.059999999998,8658.58
2025-12-06,P011,Daily essentials 11,Beauty,S01,Store 01,North,0,1752.29,0.0,False,False,Clear,0,SUP-02,5,0,1133.82,True,0.0,0.0
2025-12-07,P011,Daily essentials 11,Beauty,S01,Store 01,North,12,1752.29,0.0,False,False,Clear,56,SUP-02,5,0,1133.82,False,21027.48,7421.64
2025-12-08,P011,Daily essentials 11,Beauty,S01,Store 01,North,8,1752.29,0.0,False,False,Clear,48,SUP-02,5,1,1133.82,False,14018.32,4947.76
2025-12-09,P011,Daily essentials 11,Beauty,S01,Store 01,North,17,1752.29,0.0,False,False,Clear,31,SUP-02,5,1,1133.82,False,29788.93,10513.99
2025-12-10,P011,Daily essentials 11,Beauty,S01,Store 01,North,10,1752.29,0.0,False,False,Clear,21,SUP-02,5,0,1133.82,False,17522.9,6184.700000000001
2025-12-11,P011,Daily essentials 11,Beauty,S01,Store 01,North,17,1752.29,0.0,False,False,Clear,4,SUP-02,5,1,1133.82,False,29788.93,10513.99
2025-12-12,P011,Daily essentials 11,Beauty,S01,Store 01,North,5,1401.83,0.2,True,False,Rain,63,SUP-02,5,0,1133.82,False,7009.15,1340.05
2025-12-13,P011,Daily essentials 11,Beauty,S01,Store 01,North,14,1752.29,0.0,False,False,Clear,49,SUP-02,5,1,1133.82,False,24532.059999999998,8658.58
2025-12-14,P011,Daily essentials 11,Beauty,S01,Store 01,North,14,1752.29,0.0,False,False,Clear,35,SUP-02,5,0,1133.82,False,24532.059999999998,8658.58
2025-12-15,P011,Daily essentials 11,Beauty,S01,Store 01,North,9,1752.29,0.0,False,False,Clear,26,SUP-02,5,1,1133.82,False,15770.61,5566.2300000000005
2025-12-16,P011,Daily essentials 11,Beauty,S01,Store 01,North,6,1752.29,0.0,False,False,Clear,20,SUP-02,5,0,1133.82,False,10513.74,3710.82
2025-12-17,P011,Daily essentials 11,Beauty,S01,Store 01,North,15,1752.29,0.0,False,False,Rain,68,SUP-02,5,1,1133.82,False,26284.35,9277.050000000001
2025-12-18,P011,Daily essentials 11,Beauty,S01,Store 01,North,9,1752.29,0.0,False,False,Clear,59,SUP-02,5,0,1133.82,False,15770.61,5566.2300000000005
2025-12-19,P011,Daily essentials 11,Beauty,S01,Store 01,North,12,1752.29,0.0,False,False,Clear,47,SUP-02,5,0,1133.82,False,21027.48,7421.64
2025-12-20,P011,Daily essentials 11,Beauty,S01,Store 01,North,11,1752.29,0.0,False,False,Clear,36,SUP-02,5,0,1133.82,False,19275.19,6803.17
2025-12-21,P011,Daily essentials 11,Beauty,S01,Store 01,North,23,1489.45,0.15,True,False,Clear,13,SUP-02,5,0,1133.82,False,34257.35,8179.4900000000025
2025-12-22,P011,Daily essentials 11,Beauty,S01,Store 01,North,19,1752.29,0.0,False,False,Clear,56,SUP-02,5,0,1133.82,False,33293.51,11750.93
2025-12-23,P011,Daily essentials 11,Beauty,S01,Store 01,North,11,1752.29,0.0,False,False,Clear,45,SUP-02,5,0,1133.82,False,19275.19,6803.17
2025-12-24,P011,Daily essentials 11,Beauty,S01,Store 01,North,20,1752.29,0.0,False,False,Clear,25,SUP-02,5,0,1133.82,False,35045.8,12369.400000000001
2025-12-25,P011,Daily essentials 11,Beauty,S01,Store 01,North,13,1752.29,0.0,False,True,Clear,12,SUP-02,5,0,1133.82,False,22779.77,8040.110000000001
2025-12-26,P011,Daily essentials 11,Beauty,S01,Store 01,North,12,1752.29,0.0,False,False,Clear,0,SUP-02,5,0,1133.82,False,21027.48,7421.64
2025-12-27,P011,Daily essentials 11,Beauty,S01,Store 01,North,18,1752.29,0.0,False,False,Clear,49,SUP-02,5,0,1133.82,False,31541.22,11132.460000000001
2025-12-28,P011,Daily essentials 11,Beauty,S01,Store 01,North,23,1752.29,0.0,False,False,Clear,26,SUP-02,5,1,1133.82,False,40302.67,14224.810000000001
2025-12-29,P011,Daily essentials 11,Beauty,S01,Store 01,North,24,1752.29,0.0,False,False,Clear,2,SUP-02,5,0,1133.82,False,42054.96,14843.28
2025-12-30,P011,Daily essentials 11,Beauty,S01,Store 01,North,2,1752.29,0.0,False,False,Rain,0,SUP-02,5,0,1133.82,True,3504.58,1236.94
2025-12-31,P011,Daily essentials 11,Beauty,S01,Store 01,North,0,1752.29,0.0,False,False,Clear,0,SUP-02,5,0,1133.82,True,0.0,0.0
2025-09-03,P011,Daily essentials 11,Beauty,S02,Store 02,South,11,1752.29,0.0,False,False,Clear,47,SUP-02,8,2,1133.82,False,19275.19,6803.17
2025-09-04,P011,Daily essentials 11,Beauty,S02,Store 02,South,8,1752.29,0.0,False,False,Clear,39,SUP-02,8,0,1133.82,False,14018.32,4947.76
2025-09-05,P011,Daily essentials 11,Beauty,S02,Store 02,South,13,1752.29,0.0,False,False,Clear,26,SUP-02,8,0,1133.82,False,22779.77,8040.110000000001
2025-09-06,P011,Daily essentials 11,Beauty,S02,Store 02,South,8,1752.29,0.0,False,False,Clear,18,SUP-02,8,0,1133.82,False,14018.32,4947.76
2025-09-07,P011,Daily essentials 11,Beauty,S02,Store 02,South,14,1752.29,0.0,False,False,Clear,4,SUP-02,8,0,1133.82,False,24532.059999999998,8658.58
2025-09-08,P011,Daily essentials 11,Beauty,S02,Store 02,South,4,1752.29,0.0,False,False,Clear,0,SUP-02,8,0,1133.82,True,7009.16,2473.88
2025-09-09,P011,Daily essentials 11,Beauty,S02,Store 02,South,0,1489.45,0.15,True,False,Clear,0,SUP-02,8,0,1133.82,True,0.0,0.0
2025-09-10,P011,Daily essentials 11,Beauty,S02,Store 02,South,0,1752.29,0.0,False,False,Clear,0,SUP-02,8,0,1133.82,True,0.0,0.0
2025-09-11,P011,Daily essentials 11,Beauty,S02,Store 02,South,10,1752.29,0.0,False,False,Clear,79,SUP-02,8,1,1133.82,False,17522.9,6184.700000000001
2025-09-12,P011,Daily essentials 11,Beauty,S02,Store 02,South,7,1752.29,0.0,False,False,Clear,72,SUP-02,8,0,1133.82,False,12266.029999999999,4329.29
2025-09-13,P011,Daily essentials 11,Beauty,S02,Store 02,South,19,1752.29,0.0,False,False,Clear,53,SUP-02,8,0,1133.82,False,33293.51,11750.93
2025-09-14,P011,Daily essentials 11,Beauty,S02,Store 02,South,9,1752.29,0.0,False,False,Clear,44,SUP-02,8,0,1133.82,False,15770.61,5566.2300000000005
2025-09-15,P011,Daily essentials 11,Beauty,S02,Store 02,South,6,1401.83,0.2,True,False,Rain,38,SUP-02,8,0,1133.82,False,8410.98,1608.06
2025-09-16,P011,Daily essentials 11,Beauty,S02,Store 02,South,3,1752.29,0.0,False,False,Clear,35,SUP-02,8,0,1133.82,False,5256.87,1855.41
2025-09-17,P011,Daily essentials 11,Beauty,S02,Store 02,South,11,1752.29,0.0,False,False,Clear,24,SUP-02,8,1,1133.82,False,19275.19,6803.17
2025-09-18,P011,Daily essentials 11,Beauty,S02,Store 02,South,9,1752.29,0.0,False,False,Clear,15,SUP-02,8,0,1133.82,False,15770.61,5566.2300000000005
2025-09-19,P011,Daily essentials 11,Beauty,S02,Store 02,South,10,1752.29,0.0,False,False,Clear,90,SUP-02,8,0,1133.82,False,17522.9,6184.700000000001
2025-09-20,P011,Daily essentials 11,Beauty,S02,Store 02,South,10,1752.29,0.0,False,False,Clear,80,SUP-02,8,0,1133.82,False,17522.9,6184.700000000001
2025-09-21,P011,Daily essentials 11,Beauty,S02,Store 02,South,11,1577.06,0.1,True,False,Rain,69,SUP-02,8,0,1133.82,False,17347.66,4875.64
2025-09-22,P011,Daily essentials 11,Beauty,S02,Store 02,South,9,1752.29,0.0,False,False,Rain,60,SUP-02,8,0,1133.82,False,15770.61,5566.2300000000005
2025-09-23,P011,Daily essentials 11,Beauty,S02,Store 02,South,17,1664.68,0.05,True,False,Rain,43,SUP-02,8,0,1133.82,False,28299.56,9024.620000000003
2025-09-24,P011,Daily essentials 11,Beauty,S02,Store 02,South,12,1752.29,0.0,False,False,Clear,31,SUP-02,8,1,1133.82,False,21027.48,7421.64
2025-09-25,P011,Daily essentials 11,Beauty,S02,Store 02,South,9,1752.29,0.0,False,False,Rain,22,SUP-02,8,0,1133.82,False,15770.61,5566.2300000000005
2025-09-26,P011,Daily essentials 11,Beauty,S02,Store 02,South,16,1752.29,0.0,False,False,Clear,6,SUP-02,8,0,1133.82,False,28036.64,9895.52
2025-09-27,P011,Daily essentials 11,Beauty,S02,Store 02,South,8,1752.29,0.0,False,False,Rain,81,SUP-02,8,2,1133.82,False,14018.32,4947.76
2025-09-28,P011,Daily essentials 11,Beauty,S02,Store 02,South,14,1752.29,0.0,False,False,Clear,67,SUP-02,8,0,1133.82,False,24532.059999999998,8658.58
2025-09-29,P011,Daily essentials 11,Beauty,S02,Store 02,South,10,1752.29,0.0,False,False,Clear,57,SUP-02,8,0,1133.82,False,17522.9,6184.700000000001
2025-09-30,P011,Daily essentials 11,Beauty,S02,Store 02,South,22,1752.29,0.0,False,False,Clear,35,SUP-02,8,1,1133.82,False,38550.38,13606.34
2025-10-01,P011,Daily essentials 11,Beauty,S02,Store 02,South,9,1752.29,0.0,False,False,Clear,26,SUP-02,8,0,1133.82,False,15770.61,5566.2300000000005
2025-10-02,P011,Daily essentials 11,Beauty,S02,Store 02,South,17,1752.29,0.0,False,True,Clear,9,SUP-02,8,0,1133.82,False,29788.93,10513.99
2025-10-03,P011,Daily essentials 11,Beauty,S02,Store 02,South,9,1752.29,0.0,False,False,Clear,0,SUP-02,8,0,1133.82,False,15770.61,5566.2300000000005
2025-10-04,P011,Daily essentials 11,Beauty,S02,Store 02,South,0,1752.29,0.0,False,False,Clear,0,SUP-02,8,0,1133.82,True,0.0,0.0
2025-10-05,P011,Daily essentials 11,Beauty,S02,Store 02,South,16,1752.29,0.0,False,False,Rain,67,SUP-02,8,1,1133.82,False,28036.64,9895.52
2025-10-06,P011,Daily essentials 11,Beauty,S02,Store 02,South,10,1752.29,0.0,False,False,Clear,57,SUP-02,8,0,1133.82,False,17522.9,6184.700000000001
2025-10-07,P011,Daily essentials 11,Beauty,S02,Store 02,South,15,1752.29,0.0,False,False,Clear,42,SUP-02,8,0,1133.82,False,26284.35,9277.050000000001
2025-10-08,P011,Daily essentials 11,Beauty,S02,Store 02,South,11,1752.29,0.0,False,False,Clear,31,SUP-02,8,0,1133.82,False,19275.19,6803.17
2025-10-09,P011,Daily essentials 11,Beauty,S02,Store 02,South,7,1752.29,0.0,False,False,Clear,24,SUP-02,8,0,1133.82,False,12266.029999999999,4329.29
2025-10-10,P011,Daily essentials 11,Beauty,S02,Store 02,South,9,1752.29,0.0,False,False,Clear,15,SUP-02,8,0,1133.82,False,15770.61,5566.2300000000005
2025-10-11,P011,Daily essentials 11,Beauty,S02,Store 02,South,13,1752.29,0.0,False,False,Clear,2,SUP-02,8,1,1133.82,False,22779.77,8040.110000000001
2025-10-12,P011,Daily essentials 11,Beauty,S02,Store 02,South,2,1752.29,0.0,False,False,Rain,0,SUP-02,8,0,1133.82,True,3504.58,1236.94
2025-10-13,P011,Daily essentials 11,Beauty,S02,Store 02,South,8,1752.29,0.0,False,False,Clear,84,SUP-02,8,0,1133.82,False,14018.32,4947.76
2025-10-14,P011,Daily essentials 11,Beauty,S02,Store 02,South,8,1752.29,0.0,False,False,Clear,76,SUP-02,8,0,1133.82,False,14018.32,4947.76
2025-10-15,P011,Daily essentials 11,Beauty,S02,Store 02,South,6,1752.29,0.0,False,False,Clear,70,SUP-02,8,1,1133.82,False,10513.74,3710.82
2025-10-16,P011,Daily essentials 11,Beauty,S02,Store 02,South,10,1752.29,0.0,False,False,Clear,60,SUP-02,8,1,1133.82,False,17522.9,6184.700000000001
2025-10-17,P011,Daily essentials 11,Beauty,S02,Store 02,South,7,1752.29,0.0,False,False,Clear,53,SUP-02,8,0,1133.82,False,12266.029999999999,4329.29
2025-10-18,P011,Daily essentials 11,Beauty,S02,Store 02,South,7,1752.29,0.0,False,False,Clear,46,SUP-02,8,0,1133.82,False,12266.029999999999,4329.29
2025-10-19,P011,Daily essentials 11,Beauty,S02,Store 02,South,12,1752.29,0.0,False,False,Clear,34,SUP-02,8,0,1133.82,False,21027.48,7421.64
2025-10-20,P011,Daily essentials 11,Beauty,S02,Store 02,South,14,1752.29,0.0,False,False,Clear,20,SUP-02,8,0,1133.82,False,24532.059999999998,8658.58
2025-10-21,P011,Daily essentials 11,Beauty,S02,Store 02,South,14,1752.29,0.0,False,False,Rain,97,SUP-02,8,1,1133.82,False,24532.059999999998,8658.58
2025-10-22,P011,Daily essentials 11,Beauty,S02,Store 02,South,8,1752.29,0.0,False,False,Clear,89,SUP-02,8,0,1133.82,False,14018.32,4947.76
2025-10-23,P011,Daily essentials 11,Beauty,S02,Store 02,South,18,1752.29,0.0,False,False,Clear,71,SUP-02,8,0,1133.82,False,31541.22,11132.460000000001
2025-10-24,P011,Daily essentials 11,Beauty,S02,Store 02,South,16,1752.29,0.0,False,False,Clear,55,SUP-02,8,0,1133.82,False,28036.64,9895.52
2025-10-25,P011,Daily essentials 11,Beauty,S02,Store 02,South,15,1752.29,0.0,False,False,Clear,40,SUP-02,8,1,1133.82,False,26284.35,9277.050000000001
2025-10-26,P011,Daily essentials 11,Beauty,S02,Store 02,South,15,1752.29,0.0,False,False,Clear,25,SUP-02,8,0,1133.82,False,26284.35,9277.050000000001
2025-10-27,P011,Daily essentials 11,Beauty,S02,Store 02,South,13,1752.29,0.0,False,False,Clear,12,SUP-02,8,0,1133.82,False,22779.77,8040.110000000001
2025-10-28,P011,Daily essentials 11,Beauty,S02,Store 02,South,12,1664.68,0.05,True,False,Clear,0,SUP-02,8,0,1133.82,True,19976.16,6370.3200000000015
2025-10-29,P011,Daily essentials 11,Beauty,S02,Store 02,South,13,1752.29,0.0,False,False,Clear,65,SUP-02,8,0,1133.82,False,22779.77,8040.110000000001
2025-10-30,P011,Daily essentials 11,Beauty,S02,Store 02,South,11,1752.29,0.0,False,False,Clear,54,SUP-02,8,0,1133.82,False,19275.19,6803.17
2025-10-31,P011,Daily essentials 11,Beauty,S02,Store 02,South,13,1752.29,0.0,False,False,Clear,41,SUP-02,8,0,1133.82,False,22779.77,8040.110000000001
2025-11-01,P011,Daily essentials 11,Beauty,S02,Store 02,South,16,1752.29,0.0,False,False,Clear,25,SUP-02,8,0,1133.82,False,28036.64,9895.52
2025-11-02,P011,Daily essentials 11,Beauty,S02,Store 02,South,7,1752.29,0.0,False,False,Clear,18,SUP-02,8,1,1133.82,False,12266.029999999999,4329.29
2025-11-03,P011,Daily essentials 11,Beauty,S02,Store 02,South,11,1752.29,0.0,False,False,Clear,7,SUP-02,8,0,1133.82,False,19275.19,6803.17
2025-11-04,P011,Daily essentials 11,Beauty,S02,Store 02,South,7,1752.29,0.0,False,False,Clear,0,SUP-02,8,0,1133.82,True,12266.029999999999,4329.29
2025-11-05,P011,Daily essentials 11,Beauty,S02,Store 02,South,0,1752.29,0.0,False,False,Clear,0,SUP-02,8,0,1133.82,True,0.0,0.0
2025-11-06,P011,Daily essentials 11,Beauty,S02,Store 02,South,17,1752.29,0.0,False,False,Rain,75,SUP-02,8,1,1133.82,False,29788.93,10513.99
2025-11-07,P011,Daily essentials 11,Beauty,S02,Store 02,South,11,1752.29,0.0,False,False,Clear,64,SUP-02,8,0,1133.82,False,19275.19,6803.17
2025-11-08,P011,Daily essentials 11,Beauty,S02,Store 02,South,12,1752.29,0.0,False,False,Clear,52,SUP-02,8,1,1133.82,False,21027.48,7421.64
2025-11-09,P011,Daily essentials 11,Beauty,S02,Store 02,South,16,1752.29,0.0,False,False,Clear,36,SUP-02,8,0,1133.82,False,28036.64,9895.52
2025-11-10,P011,Daily essentials 11,Beauty,S02,Store 02,South,11,1752.29,0.0,False,False,Clear,25,SUP-02,8,1,1133.82,False,19275.19,6803.17
2025-11-11,P011,Daily essentials 11,Beauty,S02,Store 02,South,5,1752.29,0.0,False,False,Clear,20,SUP-02,8,0,1133.82,False,8761.45,3092.3500000000004
2025-11-12,P011,Daily essentials 11,Beauty,S02,Store 02,South,8,1401.83,0.2,True,False,Clear,12,SUP-02,8,0,1133.82,False,11214.64,2144.08
2025-11-13,P011,Daily essentials 11,Beauty,S02,Store 02,South,7,1752.29,0.0,False,False,Clear,5,SUP-02,8,0,1133.82,False,12266.029999999999,4329.29
2025-11-14,P011,Daily essentials 11,Beauty,S02,Store 02,South,6,1752.29,0.0,False,False,Clear,86,SUP-02,8,0,1133.82,False,10513.74,3710.82
2025-11-15,P011,Daily essentials 11,Beauty,S02,Store 02,South,10,1752.29,0.0,False,False,Rain,76,SUP-02,8,0,1133.82,False,17522.9,6184.700000000001
2025-11-16,P011,Daily essentials 11,Beauty,S02,Store 02,South,25,1577.06,0.1,True,False,Clear,51,SUP-02,8,0,1133.82,False,39426.5,11081.0
2025-11-17,P011,Daily essentials 11,Beauty,S02,Store 02,South,9,1752.29,0.0,False,False,Clear,42,SUP-02,8,0,1133.82,False,15770.61,5566.2300000000005
2025-11-18,P011,Daily essentials 11,Beauty,S02,Store 02,South,8,1752.29,0.0,False,False,Rain,34,SUP-02,8,0,1133.82,False,14018.32,4947.76
2025-11-19,P011,Daily essentials 11,Beauty,S02,Store 02,South,13,1752.29,0.0,False,False,Clear,21,SUP-02,8,0,1133.82,False,22779.77,8040.110000000001
2025-11-20,P011,Daily essentials 11,Beauty,S02,Store 02,South,14,1752.29,0.0,False,False,Clear,7,SUP-02,8,0,1133.82,False,24532.059999999998,8658.58
2025-11-21,P011,Daily essentials 11,Beauty,S02,Store 02,South,7,1752.29,0.0,False,False,Clear,0,SUP-02,8,0,1133.82,True,12266.029999999999,4329.29
2025-11-22,P011,Daily essentials 11,Beauty,S02,Store 02,South,18,1752.29,0.0,False,False,Clear,64,SUP-02,8,0,1133.82,False,31541.22,11132.460000000001
2025-11-23,P011,Daily essentials 11,Beauty,S02,Store 02,South,11,1489.45,0.15,True,False,Clear,53,SUP-02,8,0,1133.82,False,16383.95,3911.930000000001
2025-11-24,P011,Daily essentials 11,Beauty,S02,Store 02,South,15,1752.29,0.0,False,False,Clear,38,SUP-02,8,0,1133.82,False,26284.35,9277.050000000001
2025-11-25,P011,Daily essentials 11,Beauty,S02,Store 02,South,13,1752.29,0.0,False,False,Clear,25,SUP-02,8,0,1133.82,False,22779.77,8040.110000000001
2025-11-26,P011,Daily essentials 11,Beauty,S02,Store 02,South,12,1752.29,0.0,False,False,Clear,13,SUP-02,8,0,1133.82,False,21027.48,7421.64
2025-11-27,P011,Daily essentials 11,Beauty,S02,Store 02,South,11,1752.29,0.0,False,False,Clear,2,SUP-02,8,0,1133.82,False,19275.19,6803.17
2025-11-28,P011,Daily essentials 11,Beauty,S02,Store 02,South,2,1752.29,0.0,False,False,Clear,0,SUP-02,8,0,1133.82,True,3504.58,1236.94
2025-11-29,P011,Daily essentials 11,Beauty,S02,Store 02,South,0,1752.29,0.0,False,False,Clear,0,SUP-02,8,0,1133.82,True,0.0,0.0
2025-11-30,P011,Daily essentials 11,Beauty,S02,Store 02,South,8,1752.29,0.0,False,False,Clear,75,SUP-02,8,0,1133.82,False,14018.32,4947.76
2025-12-01,P011,Daily essentials 11,Beauty,S02,Store 02,South,6,1752.29,0.0,False,False,Clear,69,SUP-02,8,0,1133.82,False,10513.74,3710.82
2025-12-02,P011,Daily essentials 11,Beauty,S02,Store 02,South,14,1752.29,0.0,False,False,Clear,55,SUP-02,8,0,1133.82,False,24532.059999999998,8658.58
2025-12-03,P011,Daily essentials 11,Beauty,S02,Store 02,South,9,1752.29,0.0,False,False,Clear,46,SUP-02,8,0,1133.82,False,15770.61,5566.2300000000005
2025-12-04,P011,Daily essentials 11,Beauty,S02,Store 02,South,9,1752.29,0.0,False,False,Clear,37,SUP-02,8,0,1133.82,False,15770.61,5566.2300000000005
2025-12-05,P011,Daily essentials 11,Beauty,S02,Store 02,South,11,1752.29,0.0,False,False,Rain,26,SUP-02,8,0,1133.82,False,19275.19,6803.17
2025-12-06,P011,Daily essentials 11,Beauty,S02,Store 02,South,12,1752.29,0.0,False,False,Clear,14,SUP-02,8,1,1133.82,False,21027.48,7421.64
2025-12-07,P011,Daily essentials 11,Beauty,S02,Store 02,South,14,1752.29,0.0,False,False,Clear,0,SUP-02,8,0,1133.82,False,24532.059999999998,8658.58
2025-12-08,P011,Daily essentials 11,Beauty,S02,Store 02,South,7,1752.29,0.0,False,False,Clear,69,SUP-02,8,0,1133.82,False,12266.029999999999,4329.29
2025-12-09,P011,Daily essentials 11,Beauty,S02,Store 02,South,15,1752.29,0.0,False,False,Rain,54,SUP-02,8,0,1133.82,False,26284.35,9277.050000000001
2025-12-10,P011,Daily essentials 11,Beauty,S02,Store 02,South,19,1752.29,0.0,False,False,Rain,35,SUP-02,8,1,1133.82,False,33293.51,11750.93
2025-12-11,P011,Daily essentials 11,Beauty,S02,Store 02,South,9,1752.29,0.0,False,False,Clear,26,SUP-02,8,0,1133.82,False,15770.61,5566.2300000000005
2025-12-12,P011,Daily essentials 11,Beauty,S02,Store 02,South,8,1489.45,0.15,True,False,Clear,18,SUP-02,8,0,1133.82,False,11915.6,2845.040000000001
2025-12-13,P011,Daily essentials 11,Beauty,S02,Store 02,South,10,1752.29,0.0,False,False,Clear,8,SUP-02,8,0,1133.82,False,17522.9,6184.700000000001
2025-12-14,P011,Daily essentials 11,Beauty,S02,Store 02,South,8,1752.29,0.0,False,False,Clear,0,SUP-02,8,0,1133.82,True,14018.32,4947.76
2025-12-15,P011,Daily essentials 11,Beauty,S02,Store 02,South,0,1752.29,0.0,False,False,Clear,0,SUP-02,8,0,1133.82,True,0.0,0.0
2025-12-16,P011,Daily essentials 11,Beauty,S02,Store 02,South,11,1752.29,0.0,False,False,Rain,75,SUP-02,8,0,1133.82,False,19275.19,6803.17
2025-12-17,P011,Daily essentials 11,Beauty,S02,Store 02,South,3,1752.29,0.0,False,False,Clear,72,SUP-02,8,0,1133.82,False,5256.87,1855.41
2025-12-18,P011,Daily essentials 11,Beauty,S02,Store 02,South,17,1752.29,0.0,False,False,Clear,55,SUP-02,8,0,1133.82,False,29788.93,10513.99
2025-12-19,P011,Daily essentials 11,Beauty,S02,Store 02,South,14,1577.06,0.1,True,False,Clear,41,SUP-02,8,0,1133.82,False,22078.84,6205.360000000001
2025-12-20,P011,Daily essentials 11,Beauty,S02,Store 02,South,9,1752.29,0.0,False,False,Clear,32,SUP-02,8,0,1133.82,False,15770.61,5566.2300000000005
2025-12-21,P011,Daily essentials 11,Beauty,S02,Store 02,South,8,1752.29,0.0,False,False,Clear,24,SUP-02,8,0,1133.82,False,14018.32,4947.76
2025-12-22,P011,Daily essentials 11,Beauty,S02,Store 02,South,11,1752.29,0.0,False,False,Clear,13,SUP-02,8,0,1133.82,False,19275.19,6803.17
2025-12-23,P011,Daily essentials 11,Beauty,S02,Store 02,South,9,1752.29,0.0,False,False,Clear,4,SUP-02,8,0,1133.82,False,15770.61,5566.2300000000005
2025-12-24,P011,Daily essentials 11,Beauty,S02,Store 02,South,20,1752.29,0.0,False,False,Clear,65,SUP-02,8,1,1133.82,False,35045.8,12369.400000000001
2025-12-25,P011,Daily essentials 11,Beauty,S02,Store 02,South,26,1577.06,0.1,True,True,Clear,39,SUP-02,8,0,1133.82,False,41003.56,11524.24
2025-12-26,P011,Daily essentials 11,Beauty,S02,Store 02,South,9,1752.29,0.0,False,False,Clear,30,SUP-02,8,0,1133.82,False,15770.61,5566.2300000000005
2025-12-27,P011,Daily essentials 11,Beauty,S02,Store 02,South,22,1752.29,0.0,False,False,Clear,8,SUP-02,8,0,1133.82,False,38550.38,13606.34
2025-12-28,P011,Daily essentials 11,Beauty,S02,Store 02,South,8,1752.29,0.0,False,False,Clear,0,SUP-02,8,0,1133.82,False,14018.32,4947.76
2025-12-29,P011,Daily essentials 11,Beauty,S02,Store 02,South,0,1752.29,0.0,False,False,Clear,0,SUP-02,8,0,1133.82,True,0.0,0.0
2025-12-30,P011,Daily essentials 11,Beauty,S02,Store 02,South,0,1752.29,0.0,False,False,Clear,0,SUP-02,8,0,1133.82,True,0.0,0.0
2025-12-31,P011,Daily essentials 11,Beauty,S02,Store 02,South,0,1752.29,0.0,False,False,Rain,0,SUP-02,8,0,1133.82,True,0.0,0.0
2025-09-03,P011,Daily essentials 11,Beauty,S03,Store 03,East,12,1752.29,0.0,False,False,Rain,65,SUP-02,11,0,1133.82,False,21027.48,7421.64
2025-09-04,P011,Daily essentials 11,Beauty,S03,Store 03,East,12,1489.45,0.15,True,False,Rain,53,SUP-02,11,0,1133.82,False,17873.4,4267.560000000001
2025-09-05,P011,Daily essentials 11,Beauty,S03,Store 03,East,14,1752.29,0.0,False,False,Clear,39,SUP-02,11,0,1133.82,False,24532.059999999998,8658.58
2025-09-06,P011,Daily essentials 11,Beauty,S03,Store 03,East,18,1752.29,0.0,False,False,Clear,21,SUP-02,11,0,1133.82,False,31541.22,11132.460000000001
2025-09-07,P011,Daily essentials 11,Beauty,S03,Store 03,East,9,1752.29,0.0,False,False,Rain,12,SUP-02,11,0,1133.82,False,15770.61,5566.2300000000005
2025-09-08,P011,Daily essentials 11,Beauty,S03,Store 03,East,12,1752.29,0.0,False,False,Clear,0,SUP-02,11,0,1133.82,True,21027.48,7421.64
2025-09-09,P011,Daily essentials 11,Beauty,S03,Store 03,East,0,1401.83,0.2,True,False,Clear,0,SUP-02,11,0,1133.82,True,0.0,0.0
2025-09-10,P011,Daily essentials 11,Beauty,S03,Store 03,East,0,1752.29,0.0,False,False,Clear,0,SUP-02,11,0,1133.82,True,0.0,0.0
2025-09-11,P011,Daily essentials 11,Beauty,S03,Store 03,East,0,1752.29,0.0,False,False,Clear,0,SUP-02,11,0,1133.82,True,0.0,0.0
2025-09-12,P011,Daily essentials 11,Beauty,S03,Store 03,East,0,1752.29,0.0,False,False,Clear,0,SUP-02,11,0,1133.82,True,0.0,0.0
2025-09-13,P011,Daily essentials 11,Beauty,S03,Store 03,East,0,1752.29,0.0,False,False,Rain,0,SUP-02,11,0,1133.82,True,0.0,0.0
2025-09-14,P011,Daily essentials 11,Beauty,S03,Store 03,East,6,1752.29,0.0,False,False,Clear,101,SUP-02,11,0,1133.82,False,10513.74,3710.82
2025-09-15,P011,Daily essentials 11,Beauty,S03,Store 03,East,15,1752.29,0.0,False,False,Rain,86,SUP-02,11,0,1133.82,False,26284.35,9277.050000000001
2025-09-16,P011,Daily essentials 11,Beauty,S03,Store 03,East,11,1752.29,0.0,False,False,Clear,75,SUP-02,11,0,1133.82,False,19275.19,6803.17
2025-09-17,P011,Daily essentials 11,Beauty,S03,Store 03,East,10,1752.29,0.0,False,False,Clear,65,SUP-02,11,1,1133.82,False,17522.9,6184.700000000001
2025-09-18,P011,Daily essentials 11,Beauty,S03,Store 03,East,13,1401.83,0.2,True,False,Clear,52,SUP-02,11,0,1133.82,False,18223.79,3484.13
2025-09-19,P011,Daily essentials 11,Beauty,S03,Store 03,East,6,1752.29,0.0,False,False,Clear,46,SUP-02,11,0,1133.82,False,10513.74,3710.82
2025-09-20,P011,Daily essentials 11,Beauty,S03,Store 03,East,12,1752.29,0.0,False,False,Clear,34,SUP-02,11,0,1133.82,False,21027.48,7421.64
2025-09-21,P011,Daily essentials 11,Beauty,S03,Store 03,East,15,1752.29,0.0,False,False,Clear,19,SUP-02,11,0,1133.82,False,26284.35,9277.050000000001
2025-09-22,P011,Daily essentials 11,Beauty,S03,Store 03,East,9,1752.29,0.0,False,False,Clear,10,SUP-02,11,0,1133.82,False,15770.61,5566.2300000000005
2025-09-23,P011,Daily essentials 11,Beauty,S03,Store 03,East,10,1752.29,0.0,False,False,Clear,0,SUP-02,11,1,1133.82,True,17522.9,6184.700000000001
2025-09-24,P011,Daily essentials 11,Beauty,S03,Store 03,East,0,1489.45,0.15,True,False,Clear,0,SUP-02,11,0,1133.82,True,0.0,0.0
2025-09-25,P011,Daily essentials 11,Beauty,S03,Store 03,East,9,1752.29,0.0,False,False,Clear,99,SUP-02,11,0,1133.82,False,15770.61,5566.2300000000005
2025-09-26,P011,Daily essentials 11,Beauty,S03,Store 03,East,7,1752.29,0.0,False,False,Clear,92,SUP-02,11,0,1133.82,False,12266.029999999999,4329.29
2025-09-27,P011,Daily essentials 11,Beauty,S03,Store 03,East,10,1752.29,0.0,False,False,Clear,82,SUP-02,11,0,1133.82,False,17522.9,6184.700000000001
2025-09-28,P011,Daily essentials 11,Beauty,S03,Store 03,East,18,1752.29,0.0,False,False,Clear,64,SUP-02,11,1,1133.82,False,31541.22,11132.460000000001
2025-09-29,P011,Daily essentials 11,Beauty,S03,Store 03,East,15,1752.29,0.0,False,False,Clear,49,SUP-02,11,1,1133.82,False,26284.35,9277.050000000001
2025-09-30,P011,Daily essentials 11,Beauty,S03,Store 03,East,10,1752.29,0.0,False,False,Clear,39,SUP-02,11,1,1133.82,False,17522.9,6184.700000000001
2025-10-01,P011,Daily essentials 11,Beauty,S03,Store 03,East,17,1664.68,0.05,True,False,Clear,22,SUP-02,11,0,1133.82,False,28299.56,9024.620000000003
2025-10-02,P011,Daily essentials 11,Beauty,S03,Store 03,East,13,1752.29,0.0,False,True,Clear,9,SUP-02,11,0,1133.82,False,22779.77,8040.110000000001
2025-10-03,P011,Daily essentials 11,Beauty,S03,Store 03,East,9,1752.29,0.0,False,False,Rain,0,SUP-02,11,0,1133.82,True,15770.61,5566.2300000000005
2025-10-04,P011,Daily essentials 11,Beauty,S03,Store 03,East,0,1752.29,0.0,False,False,Clear,0,SUP-02,11,0,1133.82,True,0.0,0.0
2025-10-05,P011,Daily essentials 11,Beauty,S03,Store 03,East,0,1752.29,0.0,False,False,Clear,0,SUP-02,11,0,1133.82,True,0.0,0.0
2025-10-06,P011,Daily essentials 11,Beauty,S03,Store 03,East,14,1752.29,0.0,False,False,Clear,112,SUP-02,11,0,1133.82,False,24532.059999999998,8658.58
2025-10-07,P011,Daily essentials 11,Beauty,S03,Store 03,East,15,1752.29,0.0,False,False,Clear,97,SUP-02,11,0,1133.82,False,26284.35,9277.050000000001
2025-10-08,P011,Daily essentials 11,Beauty,S03,Store 03,East,9,1752.29,0.0,False,False,Clear,88,SUP-02,11,0,1133.82,False,15770.61,5566.2300000000005
2025-10-09,P011,Daily essentials 11,Beauty,S03,Store 03,East,11,1752.29,0.0,False,False,Clear,77,SUP-02,11,0,1133.82,False,19275.19,6803.17
2025-10-10,P011,Daily essentials 11,Beauty,S03,Store 03,East,8,1752.29,0.0,False,False,Rain,69,SUP-02,11,0,1133.82,False,14018.32,4947.76
2025-10-11,P011,Daily essentials 11,Beauty,S03,Store 03,East,17,1752.29,0.0,False,False,Rain,52,SUP-02,11,0,1133.82,False,29788.93,10513.99
2025-10-12,P011,Daily essentials 11,Beauty,S03,Store 03,East,10,1752.29,0.0,False,False,Clear,42,SUP-02,11,0,1133.82,False,17522.9,6184.700000000001
2025-10-13,P011,Daily essentials 11,Beauty,S03,Store 03,East,14,1752.29,0.0,False,False,Clear,28,SUP-02,11,0,1133.82,False,24532.059999999998,8658.58
2025-10-14,P011,Daily essentials 11,Beauty,S03,Store 03,East,10,1752.29,0.0,False,False,Clear,18,SUP-02,11,0,1133.82,False,17522.9,6184.700000000001
2025-10-15,P011,Daily essentials 11,Beauty,S03,Store 03,East,10,1752.29,0.0,False,False,Clear,8,SUP-02,11,0,1133.82,False,17522.9,6184.700000000001
2025-10-16,P011,Daily essentials 11,Beauty,S03,Store 03,East,8,1752.29,0.0,False,False,Clear,0,SUP-02,11,0,1133.82,True,14018.32,4947.76
2025-10-17,P011,Daily essentials 11,Beauty,S03,Store 03,East,4,1752.29,0.0,False,False,Clear,108,SUP-02,11,0,1133.82,False,7009.16,2473.88
2025-10-18,P011,Daily essentials 11,Beauty,S03,Store 03,East,8,1752.29,0.0,False,False,Clear,100,SUP-02,11,0,1133.82,False,14018.32,4947.76
2025-10-19,P011,Daily essentials 11,Beauty,S03,Store 03,East,14,1752.29,0.0,False,False,Clear,86,SUP-02,11,0,1133.82,False,24532.059999999998,8658.58
2025-10-20,P011,Daily essentials 11,Beauty,S03,Store 03,East,13,1752.29,0.0,False,False,Rain,73,SUP-02,11,1,1133.82,False,22779.77,8040.110000000001
2025-10-21,P011,Daily essentials 11,Beauty,S03,Store 03,East,7,1752.29,0.0,False,False,Clear,66,SUP-02,11,0,1133.82,False,12266.029999999999,4329.29
2025-10-22,P011,Daily essentials 11,Beauty,S03,Store 03,East,11,1752.29,0.0,False,False,Clear,55,SUP-02,11,0,1133.82,False,19275.19,6803.17
2025-10-23,P011,Daily essentials 11,Beauty,S03,Store 03,East,15,1752.29,0.0,False,False,Clear,40,SUP-02,11,0,1133.82,False,26284.35,9277.050000000001
2025-10-24,P011,Daily essentials 11,Beauty,S03,Store 03,East,14,1752.29,0.0,False,False,Clear,26,SUP-02,11,0,1133.82,False,24532.059999999998,8658.58
2025-10-25,P011,Daily essentials 11,Beauty,S03,Store 03,East,17,1752.29,0.0,False,False,Rain,9,SUP-02,11,0,1133.82,False,29788.93,10513.99
2025-10-26,P011,Daily essentials 11,Beauty,S03,Store 03,East,9,1752.29,0.0,False,False,Clear,0,SUP-02,11,0,1133.82,True,15770.61,5566.2300000000005
2025-10-27,P011,Daily essentials 11,Beauty,S03,Store 03,East,0,1752.29,0.0,False,False,Clear,0,SUP-02,11,0,1133.82,True,0.0,0.0
2025-10-28,P011,Daily essentials 11,Beauty,S03,Store 03,East,14,1752.29,0.0,False,False,Clear,91,SUP-02,11,0,1133.82,False,24532.059999999998,8658.58
2025-10-29,P011,Daily essentials 11,Beauty,S03,Store 03,East,14,1752.29,0.0,False,False,Clear,77,SUP-02,11,0,1133.82,False,24532.059999999998,8658.58
2025-10-30,P011,Daily essentials 11,Beauty,S03,Store 03,East,7,1752.29,0.0,False,False,Clear,70,SUP-02,11,0,1133.82,False,12266.029999999999,4329.29
2025-10-31,P011,Daily essentials 11,Beauty,S03,Store 03,East,11,1752.29,0.0,False,False,Clear,59,SUP-02,11,1,1133.82,False,19275.19,6803.17
2025-11-01,P011,Daily essentials 11,Beauty,S03,Store 03,East,18,1577.06,0.1,True,False,Clear,41,SUP-02,11,1,1133.82,False,28387.079999999998,7978.32
2025-11-02,P011,Daily essentials 11,Beauty,S03,Store 03,East,18,1401.83,0.2,True,False,Clear,23,SUP-02,11,1,1133.82,False,25232.94,4824.18
2025-11-03,P011,Daily essentials 11,Beauty,S03,Store 03,East,4,1752.29,0.0,False,False,Clear,19,SUP-02,11,0,1133.82,False,7009.16,2473.88
2025-11-04,P011,Daily essentials 11,Beauty,S03,Store 03,East,10,1752.29,0.0,False,False,Clear,9,SUP-02,11,0,1133.82,False,17522.9,6184.700000000001
2025-11-05,P011,Daily essentials 11,Beauty,S03,Store 03,East,9,1401.83,0.2,True,False,Clear,0,SUP-02,11,0,1133.82,True,12616.47,2412.09
2025-11-06,P011,Daily essentials 11,Beauty,S03,Store 03,East,0,1752.29,0.0,False,False,Clear,0,SUP-02,11,0,1133.82,True,0.0,0.0
2025-11-07,P011,Daily essentials 11,Beauty,S03,Store 03,East,0,1752.29,0.0,False,False,Clear,0,SUP-02,11,0,1133.82,True,0.0,0.0
2025-11-08,P011,Daily essentials 11,Beauty,S03,Store 03,East,15,1752.29,0.0,False,False,Clear,96,SUP-02,11,0,1133.82,False,26284.35,9277.050000000001
2025-11-09,P011,Daily essentials 11,Beauty,S03,Store 03,East,14,1752.29,0.0,False,False,Clear,82,SUP-02,11,1,1133.82,False,24532.059999999998,8658.58
2025-11-10,P011,Daily essentials 11,Beauty,S03,Store 03,East,5,1752.29,0.0,False,False,Clear,77,SUP-02,11,0,1133.82,False,8761.45,3092.3500000000004
2025-11-11,P011,Daily essentials 11,Beauty,S03,Store 03,East,7,1752.29,0.0,False,False,Clear,70,SUP-02,11,0,1133.82,False,12266.029999999999,4329.29
2025-11-12,P011,Daily essentials 11,Beauty,S03,Store 03,East,9,1752.29,0.0,False,False,Rain,61,SUP-02,11,1,1133.82,False,15770.61,5566.2300000000005
2025-11-13,P011,Daily essentials 11,Beauty,S03,Store 03,East,9,1752.29,0.0,False,False,Clear,52,SUP-02,11,1,1133.82,False,15770.61,5566.2300000000005
2025-11-14,P011,Daily essentials 11,Beauty,S03,Store 03,East,9,1752.29,0.0,False,False,Rain,43,SUP-02,11,0,1133.82,False,15770.61,5566.2300000000005
2025-11-15,P011,Daily essentials 11,Beauty,S03,Store 03,East,12,1752.29,0.0,False,False,Clear,31,SUP-02,11,0,1133.82,False,21027.48,7421.64
2025-11-16,P011,Daily essentials 11,Beauty,S03,Store 03,East,7,1752.29,0.0,False,False,Clear,24,SUP-02,11,0,1133.82,False,12266.029999999999,4329.29
2025-11-17,P011,Daily essentials 11,Beauty,S03,Store 03,East,12,1752.29,0.0,False,False,Clear,12,SUP-02,11,0,1133.82,False,21027.48,7421.64
2025-11-18,P011,Daily essentials 11,Beauty,S03,Store 03,East,8,1752.29,0.0,False,False,Clear,4,SUP-02,11,1,1133.82,False,14018.32,4947.76
2025-11-19,P011,Daily essentials 11,Beauty,S03,Store 03,East,11,1752.29,0.0,False,False,Clear,111,SUP-02,11,0,1133.82,False,19275.19,6803.17
2025-11-20,P011,Daily essentials 11,Beauty,S03,Store 03,East,7,1752.29,0.0,False,False,Clear,104,SUP-02,11,0,1133.82,False,12266.029999999999,4329.29
2025-11-21,P011,Daily essentials 11,Beauty,S03,Store 03,East,14,1752.29,0.0,False,False,Clear,90,SUP-02,11,0,1133.82,False,24532.059999999998,8658.58
2025-11-22,P011,Daily essentials 11,Beauty,S03,Store 03,East,16,1752.29,0.0,False,False,Clear,74,SUP-02,11,0,1133.82,False,28036.64,9895.52
2025-11-23,P011,Daily essentials 11,Beauty,S03,Store 03,East,10,1752.29,0.0,False,False,Clear,64,SUP-02,11,0,1133.82,False,17522.9,6184.700000000001
2025-11-24,P011,Daily essentials 11,Beauty,S03,Store 03,East,13,1752.29,0.0,False,False,Clear,51,SUP-02,11,0,1133.82,False,22779.77,8040.110000000001
2025-11-25,P011,Daily essentials 11,Beauty,S03,Store 03,East,11,1752.29,0.0,False,False,Clear,40,SUP-02,11,1,1133.82,False,19275.19,6803.17
2025-11-26,P011,Daily essentials 11,Beauty,S03,Store 03,East,12,1752.29,0.0,False,False,Clear,28,SUP-02,11,0,1133.82,False,21027.48,7421.64
2025-11-27,P011,Daily essentials 11,Beauty,S03,Store 03,East,24,1401.83,0.2,True,False,Clear,4,SUP-02,11,0,1133.82,False,33643.92,6432.24
2025-11-28,P011,Daily essentials 11,Beauty,S03,Store 03,East,4,1752.29,0.0,False,False,Clear,0,SUP-02,11,0,1133.82,True,7009.16,2473.88
2025-11-29,P011,Daily essentials 11,Beauty,S03,Store 03,East,0,1752.29,0.0,False,False,Rain,0,SUP-02,11,0,1133.82,True,0.0,0.0
2025-11-30,P011,Daily essentials 11,Beauty,S03,Store 03,East,23,1401.83,0.2,True,False,Clear,100,SUP-02,11,0,1133.82,False,32242.089999999997,6164.23
2025-12-01,P011,Daily essentials 11,Beauty,S03,Store 03,East,9,1752.29,0.0,False,False,Clear,91,SUP-02,11,0,1133.82,False,15770.61,5566.2300000000005
2025-12-02,P011,Daily essentials 11,Beauty,S03,Store 03,East,9,1752.29,0.0,False,False,Clear,82,SUP-02,11,0,1133.82,False,15770.61,5566.2300000000005
2025-12-03,P011,Daily essentials 11,Beauty,S03,Store 03,East,27,1752.29,0.0,False,False,Clear,55,SUP-02,11,0,1133.82,False,47311.83,16698.690000000002
2025-12-04,P011,Daily essentials 11,Beauty,S03,Store 03,East,14,1752.29,0.0,False,False,Clear,41,SUP-02,11,1,1133.82,False,24532.059999999998,8658.58
2025-12-05,P011,Daily essentials 11,Beauty,S03,Store 03,East,13,1752.29,0.0,False,False,Clear,28,SUP-02,11,0,1133.82,False,22779.77,8040.110000000001
2025-12-06,P011,Daily essentials 11,Beauty,S03,Store 03,East,7,1752.29,0.0,False,False,Clear,21,SUP-02,11,0,1133.82,False,12266.029999999999,4329.29
2025-12-07,P011,Daily essentials 11,Beauty,S03,Store 03,East,12,1752.29,0.0,False,False,Clear,9,SUP-02,11,0,1133.82,False,21027.48,7421.64
2025-12-08,P011,Daily essentials 11,Beauty,S03,Store 03,East,9,1752.29,0.0,False,False,Clear,0,SUP-02,11,0,1133.82,True,15770.61,5566.2300000000005
2025-12-09,P011,Daily essentials 11,Beauty,S03,Store 03,East,0,1752.29,0.0,False,False,Rain,0,SUP-02,11,0,1133.82,True,0.0,0.0
2025-12-10,P011,Daily essentials 11,Beauty,S03,Store 03,East,0,1752.29,0.0,False,False,Rain,0,SUP-02,11,0,1133.82,True,0.0,0.0
2025-12-11,P011,Daily essentials 11,Beauty,S03,Store 03,East,9,1752.29,0.0,False,False,Clear,99,SUP-02,11,0,1133.82,False,15770.61,5566.2300000000005
2025-12-12,P011,Daily essentials 11,Beauty,S03,Store 03,East,13,1752.29,0.0,False,False,Clear,86,SUP-02,11,0,1133.82,False,22779.77,8040.110000000001
2025-12-13,P011,Daily essentials 11,Beauty,S03,Store 03,East,12,1752.29,0.0,False,False,Clear,74,SUP-02,11,0,1133.82,False,21027.48,7421.64
2025-12-14,P011,Daily essentials 11,Beauty,S03,Store 03,East,13,1401.83,0.2,True,False,Clear,61,SUP-02,11,0,1133.82,False,18223.79,3484.13
2025-12-15,P011,Daily essentials 11,Beauty,S03,Store 03,East,9,1752.29,0.0,False,False,Clear,52,SUP-02,11,0,1133.82,False,15770.61,5566.2300000000005
2025-12-16,P011,Daily essentials 11,Beauty,S03,Store 03,East,14,1752.29,0.0,False,False,Clear,38,SUP-02,11,0,1133.82,False,24532.059999999998,8658.58
2025-12-17,P011,Daily essentials 11,Beauty,S03,Store 03,East,12,1752.29,0.0,False,False,Clear,26,SUP-02,11,0,1133.82,False,21027.48,7421.64
2025-12-18,P011,Daily essentials 11,Beauty,S03,Store 03,East,12,1752.29,0.0,False,False,Clear,14,SUP-02,11,0,1133.82,False,21027.48,7421.64
2025-12-19,P011,Daily essentials 11,Beauty,S03,Store 03,East,9,1752.29,0.0,False,False,Clear,5,SUP-02,11,0,1133.82,False,15770.61,5566.2300000000005
2025-12-20,P011,Daily essentials 11,Beauty,S03,Store 03,East,5,1752.29,0.0,False,False,Clear,0,SUP-02,11,1,1133.82,True,8761.45,3092.3500000000004
2025-12-21,P011,Daily essentials 11,Beauty,S03,Store 03,East,0,1752.29,0.0,False,False,Clear,0,SUP-02,11,0,1133.82,True,0.0,0.0
2025-12-22,P011,Daily essentials 11,Beauty,S03,Store 03,East,12,1752.29,0.0,False,False,Clear,113,SUP-02,11,1,1133.82,False,21027.48,7421.64
2025-12-23,P011,Daily essentials 11,Beauty,S03,Store 03,East,10,1752.29,0.0,False,False,Clear,103,SUP-02,11,1,1133.82,False,17522.9,6184.700000000001
2025-12-24,P011,Daily essentials 11,Beauty,S03,Store 03,East,15,1489.45,0.15,True,False,Clear,88,SUP-02,11,2,1133.82,False,22341.75,5334.450000000002
2025-12-25,P011,Daily essentials 11,Beauty,S03,Store 03,East,21,1752.29,0.0,False,True,Clear,67,SUP-02,11,0,1133.82,False,36798.09,12987.87
2025-12-26,P011,Daily essentials 11,Beauty,S03,Store 03,East,12,1752.29,0.0,False,False,Clear,55,SUP-02,11,1,1133.82,False,21027.48,7421.64
2025-12-27,P011,Daily essentials 11,Beauty,S03,Store 03,East,17,1752.29,0.0,False,False,Clear,38,SUP-02,11,0,1133.82,False,29788.93,10513.99
2025-12-28,P011,Daily essentials 11,Beauty,S03,Store 03,East,15,1752.29,0.0,False,False,Rain,23,SUP-02,11,0,1133.82,False,26284.35,9277.050000000001
2025-12-29,P011,Daily essentials 11,Beauty,S03,Store 03,East,20,1752.29,0.0,False,False,Clear,3,SUP-02,11,1,1133.82,False,35045.8,12369.400000000001
2025-12-30,P011,Daily essentials 11,Beauty,S03,Store 03,East,3,1752.29,0.0,False,False,Clear,0,SUP-02,11,0,1133.82,True,5256.87,1855.41
2025-12-31,P011,Daily essentials 11,Beauty,S03,Store 03,East,0,1752.29,0.0,False,False,Clear,0,SUP-02,11,0,1133.82,True,0.0,0.0
2025-09-03,P011,Daily essentials 11,Beauty,S04,Store 04,West,7,1752.29,0.0,False,False,Clear,64,SUP-02,8,0,1133.82,False,12266.029999999999,4329.29
2025-09-04,P011,Daily essentials 11,Beauty,S04,Store 04,West,7,1752.29,0.0,False,False,Clear,57,SUP-02,8,0,1133.82,False,12266.029999999999,4329.29
2025-09-05,P011,Daily essentials 11,Beauty,S04,Store 04,West,9,1752.29,0.0,False,False,Clear,48,SUP-02,8,0,1133.82,False,15770.61,5566.2300000000005
2025-09-06,P011,Daily essentials 11,Beauty,S04,Store 04,West,9,1752.29,0.0,False,False,Clear,39,SUP-02,8,0,1133.82,False,15770.61,5566.2300000000005
2025-09-07,P011,Daily essentials 11,Beauty,S04,Store 04,West,14,1752.29,0.0,False,False,Clear,25,SUP-02,8,0,1133.82,False,24532.059999999998,8658.58
2025-09-08,P011,Daily essentials 11,Beauty,S04,Store 04,West,10,1752.29,0.0,False,False,Clear,15,SUP-02,8,0,1133.82,False,17522.9,6184.700000000001
2025-09-09,P011,Daily essentials 11,Beauty,S04,Store 04,West,5,1752.29,0.0,False,False,Clear,10,SUP-02,8,0,1133.82,False,8761.45,3092.3500000000004
2025-09-10,P011,Daily essentials 11,Beauty,S04,Store 04,West,10,1577.06,0.1,True,False,Clear,0,SUP-02,8,0,1133.82,True,15770.599999999999,4432.4
2025-09-11,P011,Daily essentials 11,Beauty,S04,Store 04,West,8,1752.29,0.0,False,False,Clear,82,SUP-02,8,0,1133.82,False,14018.32,4947.76
2025-09-12,P011,Daily essentials 11,Beauty,S04,Store 04,West,12,1664.68,0.05,True,False,Clear,70,SUP-02,8,0,1133.82,False,19976.16,6370.3200000000015
2025-09-13,P011,Daily essentials 11,Beauty,S04,Store 04,West,14,1752.29,0.0,False,False,Clear,56,SUP-02,8,0,1133.82,False,24532.059999999998,8658.58
2025-09-14,P011,Daily essentials 11,Beauty,S04,Store 04,West,10,1752.29,0.0,False,False,Clear,46,SUP-02,8,0,1133.82,False,17522.9,6184.700000000001
2025-09-15,P011,Daily essentials 11,Beauty,S04,Store 04,West,5,1752.29,0.0,False,False,Clear,41,SUP-02,8,0,1133.82,False,8761.45,3092.3500000000004
2025-09-16,P011,Daily essentials 11,Beauty,S04,Store 04,West,9,1577.06,0.1,True,False,Clear,32,SUP-02,8,0,1133.82,False,14193.539999999999,3989.16
2025-09-17,P011,Daily essentials 11,Beauty,S04,Store 04,West,5,1752.29,0.0,False,False,Clear,27,SUP-02,8,0,1133.82,False,8761.45,3092.3500000000004
2025-09-18,P011,Daily essentials 11,Beauty,S04,Store 04,West,9,1752.29,0.0,False,False,Rain,18,SUP-02,8,0,1133.82,False,15770.61,5566.2300000000005
2025-09-19,P011,Daily essentials 11,Beauty,S04,Store 04,West,9,1752.29,0.0,False,False,Clear,116,SUP-02,8,0,1133.82,False,15770.61,5566.2300000000005
2025-09-20,P011,Daily essentials 11,Beauty,S04,Store 04,West,7,1752.29,0.0,False,False,Clear,109,SUP-02,8,0,1133.82,False,12266.029999999999,4329.29
2025-09-21,P011,Daily essentials 11,Beauty,S04,Store 04,West,18,1489.45,0.15,True,False,Clear,91,SUP-02,8,0,1133.82,False,26810.100000000002,6401.340000000002
2025-09-22,P011,Daily essentials 11,Beauty,S04,Store 04,West,8,1752.29,0.0,False,False,Clear,83,SUP-02,8,0,1133.82,False,14018.32,4947.76
2025-09-23,P011,Daily essentials 11,Beauty,S04,Store 04,West,6,1752.29,0.0,False,False,Clear,77,SUP-02,8,0,1133.82,False,10513.74,3710.82
2025-09-24,P011,Daily essentials 11,Beauty,S04,Store 04,West,12,1752.29,0.0,False,False,Clear,65,SUP-02,8,0,1133.82,False,21027.48,7421.64
2025-09-25,P011,Daily essentials 11,Beauty,S04,Store 04,West,13,1752.29,0.0,False,False,Clear,52,SUP-02,8,0,1133.82,False,22779.77,8040.110000000001
2025-09-26,P011,Daily essentials 11,Beauty,S04,Store 04,West,9,1752.29,0.0,False,False,Clear,43,SUP-02,8,0,1133.82,False,15770.61,5566.2300000000005
2025-09-27,P011,Daily essentials 11,Beauty,S04,Store 04,West,11,1752.29,0.0,False,False,Clear,135,SUP-02,8,0,1133.82,False,19275.19,6803.17
2025-09-28,P011,Daily essentials 11,Beauty,S04,Store 04,West,19,1489.45,0.15,True,False,Rain,116,SUP-02,8,1,1133.82,False,28299.55,6756.970000000002
2025-09-29,P011,Daily essentials 11,Beauty,S04,Store 04,West,13,1752.29,0.0,False,False,Clear,103,SUP-02,8,0,1133.82,False,22779.77,8040.110000000001
2025-09-30,P011,Daily essentials 11,Beauty,S04,Store 04,West,20,1401.83,0.2,True,False,Rain,83,SUP-02,8,0,1133.82,False,28036.6,5360.2
2025-10-01,P011,Daily essentials 11,Beauty,S04,Store 04,West,13,1752.29,0.0,False,False,Clear,70,SUP-02,8,0,1133.82,False,22779.77,8040.110000000001
2025-10-02,P011,Daily essentials 11,Beauty,S04,Store 04,West,14,1752.29,0.0,False,True,Clear,56,SUP-02,8,0,1133.82,False,24532.059999999998,8658.58
2025-10-03,P011,Daily essentials 11,Beauty,S04,Store 04,West,14,1752.29,0.0,False,False,Rain,42,SUP-02,8,0,1133.82,False,24532.059999999998,8658.58
2025-10-04,P011,Daily essentials 11,Beauty,S04,Store 04,West,9,1752.29,0.0,False,False,Clear,33,SUP-02,8,0,1133.82,False,15770.61,5566.2300000000005
2025-10-05,P011,Daily essentials 11,Beauty,S04,Store 04,West,9,1752.29,0.0,False,False,Clear,117,SUP-02,8,0,1133.82,False,15770.61,5566.2300000000005
2025-10-06,P011,Daily essentials 11,Beauty,S04,Store 04,West,15,1752.29,0.0,False,False,Clear,102,SUP-02,8,0,1133.82,False,26284.35,9277.050000000001
2025-10-07,P011,Daily essentials 11,Beauty,S04,Store 04,West,9,1752.29,0.0,False,False,Clear,93,SUP-02,8,0,1133.82,False,15770.61,5566.2300000000005
2025-10-08,P011,Daily essentials 11,Beauty,S04,Store 04,West,12,1752.29,0.0,False,False,Clear,81,SUP-02,8,0,1133.82,False,21027.48,7421.64
2025-10-09,P011,Daily essentials 11,Beauty,S04,Store 04,West,6,1752.29,0.0,False,False,Clear,75,SUP-02,8,0,1133.82,False,10513.74,3710.82
2025-10-10,P011,Daily essentials 11,Beauty,S04,Store 04,West,8,1752.29,0.0,False,False,Clear,67,SUP-02,8,0,1133.82,False,14018.32,4947.76
2025-10-11,P011,Daily essentials 11,Beauty,S04,Store 04,West,14,1401.83,0.2,True,False,Clear,53,SUP-02,8,0,1133.82,False,19625.62,3752.14
2025-10-12,P011,Daily essentials 11,Beauty,S04,Store 04,West,5,1752.29,0.0,False,False,Clear,48,SUP-02,8,0,1133.82,False,8761.45,3092.3500000000004
2025-10-13,P011,Daily essentials 11,Beauty,S04,Store 04,West,6,1752.29,0.0,False,False,Clear,134,SUP-02,8,0,1133.82,False,10513.74,3710.82
2025-10-14,P011,Daily essentials 11,Beauty,S04,Store 04,West,7,1752.29,0.0,False,False,Clear,127,SUP-02,8,0,1133.82,False,12266.029999999999,4329.29
2025-10-15,P011,Daily essentials 11,Beauty,S04,Store 04,West,7,1752.29,0.0,False,False,Clear,120,SUP-02,8,1,1133.82,False,12266.029999999999,4329.29
2025-10-16,P011,Daily essentials 11,Beauty,S04,Store 04,West,4,1752.29,0.0,False,False,Rain,116,SUP-02,8,0,1133.82,False,7009.16,2473.88
2025-10-17,P011,Daily essentials 11,Beauty,S04,Store 04,West,9,1752.29,0.0,False,False,Clear,107,SUP-02,8,1,1133.82,False,15770.61,5566.2300000000005
2025-10-18,P011,Daily essentials 11,Beauty,S04,Store 04,West,11,1752.29,0.0,False,False,Clear,96,SUP-02,8,0,1133.82,False,19275.19,6803.17
2025-10-19,P011,Daily essentials 11,Beauty,S04,Store 04,West,12,1752.29,0.0,False,False,Clear,84,SUP-02,8,1,1133.82,False,21027.48,7421.64
2025-10-20,P011,Daily essentials 11,Beauty,S04,Store 04,West,6,1752.29,0.0,False,False,Clear,78,SUP-02,8,0,1133.82,False,10513.74,3710.82
2025-10-21,P011,Daily essentials 11,Beauty,S04,Store 04,West,18,1752.29,0.0,False,False,Clear,159,SUP-02,8,1,1133.82,False,31541.22,11132.460000000001
2025-10-22,P011,Daily essentials 11,Beauty,S04,Store 04,West,10,1752.29,0.0,False,False,Clear,149,SUP-02,8,0,1133.82,False,17522.9,6184.700000000001
2025-10-23,P011,Daily essentials 11,Beauty,S04,Store 04,West,12,1752.29,0.0,False,False,Clear,137,SUP-02,8,0,1133.82,False,21027.48,7421.64
2025-10-24,P011,Daily essentials 11,Beauty,S04,Store 04,West,3,1752.29,0.0,False,False,Clear,134,SUP-02,8,0,1133.82,False,5256.87,1855.41
2025-10-25,P011,Daily essentials 11,Beauty,S04,Store 04,West,12,1752.29,0.0,False,False,Clear,122,SUP-02,8,1,1133.82,False,21027.48,7421.64
2025-10-26,P011,Daily essentials 11,Beauty,S04,Store 04,West,21,1752.29,0.0,False,False,Clear,101,SUP-02,8,0,1133.82,False,36798.09,12987.87
2025-10-27,P011,Daily essentials 11,Beauty,S04,Store 04,West,13,1752.29,0.0,False,False,Clear,88,SUP-02,8,0,1133.82,False,22779.77,8040.110000000001
2025-10-28,P011,Daily essentials 11,Beauty,S04,Store 04,West,9,1752.29,0.0,False,False,Clear,79,SUP-02,8,0,1133.82,False,15770.61,5566.2300000000005
2025-10-29,P011,Daily essentials 11,Beauty,S04,Store 04,West,5,1752.29,0.0,False,False,Clear,170,SUP-02,8,0,1133.82,False,8761.45,3092.3500000000004
2025-10-30,P011,Daily essentials 11,Beauty,S04,Store 04,West,9,1752.29,0.0,False,False,Clear,161,SUP-02,8,0,1133.82,False,15770.61,5566.2300000000005
2025-10-31,P011,Daily essentials 11,Beauty,S04,Store 04,West,7,1752.29,0.0,False,False,Clear,154,SUP-02,8,0,1133.82,False,12266.029999999999,4329.29
2025-11-01,P011,Daily essentials 11,Beauty,S04,Store 04,West,20,1752.29,0.0,False,False,Rain,134,SUP-02,8,0,1133.82,False,35045.8,12369.400000000001
2025-11-02,P011,Daily essentials 11,Beauty,S04,Store 04,West,14,1752.29,0.0,False,False,Clear,120,SUP-02,8,0,1133.82,False,24532.059999999998,8658.58
2025-11-03,P011,Daily essentials 11,Beauty,S04,Store 04,West,5,1752.29,0.0,False,False,Clear,115,SUP-02,8,0,1133.82,False,8761.45,3092.3500000000004
2025-11-04,P011,Daily essentials 11,Beauty,S04,Store 04,West,15,1752.29,0.0,False,False,Clear,100,SUP-02,8,0,1133.82,False,26284.35,9277.050000000001
2025-11-05,P011,Daily essentials 11,Beauty,S04,Store 04,West,14,1752.29,0.0,False,False,Clear,86,SUP-02,8,1,1133.82,False,24532.059999999998,8658.58
2025-11-06,P011,Daily essentials 11,Beauty,S04,Store 04,West,7,1752.29,0.0,False,False,Clear,167,SUP-02,8,0,1133.82,False,12266.029999999999,4329.29
2025-11-07,P011,Daily essentials 11,Beauty,S04,Store 04,West,11,1752.29,0.0,False,False,Clear,156,SUP-02,8,0,1133.82,False,19275.19,6803.17
2025-11-08,P011,Daily essentials 11,Beauty,S04,Store 04,West,10,1752.29,0.0,False,False,Rain,146,SUP-02,8,0,1133.82,False,17522.9,6184.700000000001
2025-11-09,P011,Daily essentials 11,Beauty,S04,Store 04,West,10,1752.29,0.0,False,False,Clear,136,SUP-02,8,0,1133.82,False,17522.9,6184.700000000001
2025-11-10,P011,Daily essentials 11,Beauty,S04,Store 04,West,6,1752.29,0.0,False,False,Clear,130,SUP-02,8,0,1133.82,False,10513.74,3710.82
2025-11-11,P011,Daily essentials 11,Beauty,S04,Store 04,West,4,1752.29,0.0,False,False,Clear,126,SUP-02,8,0,1133.82,False,7009.16,2473.88
2025-11-12,P011,Daily essentials 11,Beauty,S04,Store 04,West,13,1752.29,0.0,False,False,Clear,113,SUP-02,8,0,1133.82,False,22779.77,8040.110000000001
2025-11-13,P011,Daily essentials 11,Beauty,S04,Store 04,West,7,1752.29,0.0,False,False,Rain,106,SUP-02,8,0,1133.82,False,12266.029999999999,4329.29
2025-11-14,P011,Daily essentials 11,Beauty,S04,Store 04,West,5,1752.29,0.0,False,False,Clear,202,SUP-02,8,0,1133.82,False,8761.45,3092.3500000000004
2025-11-15,P011,Daily essentials 11,Beauty,S04,Store 04,West,15,1401.83,0.2,True,False,Clear,187,SUP-02,8,0,1133.82,False,21027.449999999997,4020.1499999999996
2025-11-16,P011,Daily essentials 11,Beauty,S04,Store 04,West,11,1752.29,0.0,False,False,Clear,176,SUP-02,8,0,1133.82,False,19275.19,6803.17
2025-11-17,P011,Daily essentials 11,Beauty,S04,Store 04,West,9,1752.29,0.0,False,False,Clear,167,SUP-02,8,1,1133.82,False,15770.61,5566.2300000000005
2025-11-18,P011,Daily essentials 11,Beauty,S04,Store 04,West,14,1752.29,0.0,False,False,Clear,153,SUP-02,8,0,1133.82,False,24532.059999999998,8658.58
2025-11-19,P011,Daily essentials 11,Beauty,S04,Store 04,West,9,1752.29,0.0,False,False,Clear,144,SUP-02,8,0,1133.82,False,15770.61,5566.2300000000005
2025-11-20,P011,Daily essentials 11,Beauty,S04,Store 04,West,11,1752.29,0.0,False,False,Clear,133,SUP-02,8,0,1133.82,False,19275.19,6803.17
2025-11-21,P011,Daily essentials 11,Beauty,S04,Store 04,West,9,1752.29,0.0,False,False,Clear,124,SUP-02,8,0,1133.82,False,15770.61,5566.2300000000005
2025-11-22,P011,Daily essentials 11,Beauty,S04,Store 04,West,11,1752.29,0.0,False,False,Clear,210,SUP-02,8,1,1133.82,False,19275.19,6803.17
2025-11-23,P011,Daily essentials 11,Beauty,S04,Store 04,West,11,1752.29,0.0,False,False,Clear,199,SUP-02,8,1,1133.82,False,19275.19,6803.17
2025-11-24,P011,Daily essentials 11,Beauty,S04,Store 04,West,9,1752.29,0.0,False,False,Clear,190,SUP-02,8,1,1133.82,False,15770.61,5566.2300000000005
2025-11-25,P011,Daily essentials 11,Beauty,S04,Store 04,West,10,1752.29,0.0,False,False,Clear,180,SUP-02,8,0,1133.82,False,17522.9,6184.700000000001
2025-11-26,P011,Daily essentials 11,Beauty,S04,Store 04,West,11,1401.83,0.2,True,False,Clear,169,SUP-02,8,0,1133.82,False,15420.13,2948.1099999999997
2025-11-27,P011,Daily essentials 11,Beauty,S04,Store 04,West,15,1752.29,0.0,False,False,Clear,154,SUP-02,8,1,1133.82,False,26284.35,9277.050000000001
2025-11-28,P011,Daily essentials 11,Beauty,S04,Store 04,West,8,1752.29,0.0,False,False,Clear,146,SUP-02,8,0,1133.82,False,14018.32,4947.76
2025-11-29,P011,Daily essentials 11,Beauty,S04,Store 04,West,15,1752.29,0.0,False,False,Clear,131,SUP-02,8,1,1133.82,False,26284.35,9277.050000000001
2025-11-30,P011,Daily essentials 11,Beauty,S04,Store 04,West,15,1752.29,0.0,False,False,Clear,205,SUP-02,8,0,1133.82,False,26284.35,9277.050000000001
2025-12-01,P011,Daily essentials 11,Beauty,S04,Store 04,West,19,1752.29,0.0,False,False,Clear,186,SUP-02,8,0,1133.82,False,33293.51,11750.93
2025-12-02,P011,Daily essentials 11,Beauty,S04,Store 04,West,12,1752.29,0.0,False,False,Clear,174,SUP-02,8,0,1133.82,False,21027.48,7421.64
2025-12-03,P011,Daily essentials 11,Beauty,S04,Store 04,West,15,1752.29,0.0,False,False,Clear,159,SUP-02,8,1,1133.82,False,26284.35,9277.050000000001
2025-12-04,P011,Daily essentials 11,Beauty,S04,Store 04,West,6,1752.29,0.0,False,False,Clear,153,SUP-02,8,0,1133.82,False,10513.74,3710.82
2025-12-05,P011,Daily essentials 11,Beauty,S04,Store 04,West,13,1752.29,0.0,False,False,Clear,140,SUP-02,8,0,1133.82,False,22779.77,8040.110000000001
2025-12-06,P011,Daily essentials 11,Beauty,S04,Store 04,West,14,1752.29,0.0,False,False,Rain,126,SUP-02,8,0,1133.82,False,24532.059999999998,8658.58
2025-12-07,P011,Daily essentials 11,Beauty,S04,Store 04,West,16,1752.29,0.0,False,False,Clear,110,SUP-02,8,0,1133.82,False,28036.64,9895.52
2025-12-08,P011,Daily essentials 11,Beauty,S04,Store 04,West,10,1752.29,0.0,False,False,Clear,192,SUP-02,8,0,1133.82,False,17522.9,6184.700000000001
2025-12-09,P011,Daily essentials 11,Beauty,S04,Store 04,West,9,1752.29,0.0,False,False,Clear,183,SUP-02,8,0,1133.82,False,15770.61,5566.2300000000005
2025-12-10,P011,Daily essentials 11,Beauty,S04,Store 04,West,9,1752.29,0.0,False,False,Clear,174,SUP-02,8,0,1133.82,False,15770.61,5566.2300000000005
2025-12-11,P011,Daily essentials 11,Beauty,S04,Store 04,West,10,1752.29,0.0,False,False,Clear,164,SUP-02,8,0,1133.82,False,17522.9,6184.700000000001
2025-12-12,P011,Daily essentials 11,Beauty,S04,Store 04,West,14,1752.29,0.0,False,False,Clear,150,SUP-02,8,0,1133.82,False,24532.059999999998,8658.58
2025-12-13,P011,Daily essentials 11,Beauty,S04,Store 04,West,9,1752.29,0.0,False,False,Clear,141,SUP-02,8,0,1133.82,False,15770.61,5566.2300000000005
2025-12-14,P011,Daily essentials 11,Beauty,S04,Store 04,West,11,1752.29,0.0,False,False,Clear,130,SUP-02,8,0,1133.82,False,19275.19,6803.17
2025-12-15,P011,Daily essentials 11,Beauty,S04,Store 04,West,7,1752.29,0.0,False,False,Clear,123,SUP-02,8,0,1133.82,False,12266.029999999999,4329.29
2025-12-16,P011,Daily essentials 11,Beauty,S04,Store 04,West,5,1752.29,0.0,False,False,Rain,207,SUP-02,8,0,1133.82,False,8761.45,3092.3500000000004
2025-12-17,P011,Daily essentials 11,Beauty,S04,Store 04,West,12,1752.29,0.0,False,False,Clear,195,SUP-02,8,0,1133.82,False,21027.48,7421.64
2025-12-18,P011,Daily essentials 11,Beauty,S04,Store 04,West,7,1752.29,0.0,False,False,Clear,188,SUP-02,8,0,1133.82,False,12266.029999999999,4329.29
2025-12-19,P011,Daily essentials 11,Beauty,S04,Store 04,West,11,1752.29,0.0,False,False,Rain,177,SUP-02,8,0,1133.82,False,19275.19,6803.17
2025-12-20,P011,Daily essentials 11,Beauty,S04,Store 04,West,12,1752.29,0.0,False,False,Clear,165,SUP-02,8,0,1133.82,False,21027.48,7421.64
2025-12-21,P011,Daily essentials 11,Beauty,S04,Store 04,West,9,1752.29,0.0,False,False,Rain,156,SUP-02,8,0,1133.82,False,15770.61,5566.2300000000005
2025-12-22,P011,Daily essentials 11,Beauty,S04,Store 04,West,13,1664.68,0.05,True,False,Clear,143,SUP-02,8,0,1133.82,False,21640.84,6901.180000000002
2025-12-23,P011,Daily essentials 11,Beauty,S04,Store 04,West,12,1752.29,0.0,False,False,Clear,131,SUP-02,8,1,1133.82,False,21027.48,7421.64
2025-12-24,P011,Daily essentials 11,Beauty,S04,Store 04,West,10,1664.68,0.05,True,False,Clear,209,SUP-02,8,0,1133.82,False,16646.8,5308.600000000001
2025-12-25,P011,Daily essentials 11,Beauty,S04,Store 04,West,13,1752.29,0.0,False,True,Clear,196,SUP-02,8,0,1133.82,False,22779.77,8040.110000000001
2025-12-26,P011,Daily essentials 11,Beauty,S04,Store 04,West,21,1664.68,0.05,True,False,Clear,175,SUP-02,8,0,1133.82,False,34958.28,11148.060000000003
2025-12-27,P011,Daily essentials 11,Beauty,S04,Store 04,West,15,1752.29,0.0,False,False,Clear,160,SUP-02,8,1,1133.82,False,26284.35,9277.050000000001
2025-12-28,P011,Daily essentials 11,Beauty,S04,Store 04,West,13,1752.29,0.0,False,False,Clear,147,SUP-02,8,0,1133.82,False,22779.77,8040.110000000001
2025-12-29,P011,Daily essentials 11,Beauty,S04,Store 04,West,14,1752.29,0.0,False,False,Clear,133,SUP-02,8,0,1133.82,False,24532.059999999998,8658.58
2025-12-30,P011,Daily essentials 11,Beauty,S04,Store 04,West,11,1752.29,0.0,False,False,Clear,122,SUP-02,8,0,1133.82,False,19275.19,6803.17
2025-12-31,P011,Daily essentials 11,Beauty,S04,Store 04,West,9,1752.29,0.0,False,False,Clear,113,SUP-02,8,0,1133.82,False,15770.61,5566.2300000000005
2025-09-03,P012,Signature blend 12,Sports,S01,Store 01,North,12,1081.33,0.0,False,False,Clear,32,SUP-03,13,0,604.07,False,12975.96,5727.119999999999
2025-09-04,P012,Signature blend 12,Sports,S01,Store 01,North,16,1081.33,0.0,False,False,Rain,16,SUP-03,13,0,604.07,False,17301.28,7636.159999999998
2025-09-05,P012,Signature blend 12,Sports,S01,Store 01,North,6,1081.33,0.0,False,False,Clear,10,SUP-03,13,0,604.07,False,6487.98,2863.5599999999995
2025-09-06,P012,Signature blend 12,Sports,S01,Store 01,North,10,1081.33,0.0,False,False,Clear,0,SUP-03,13,1,604.07,False,10813.3,4772.5999999999985
2025-09-07,P012,Signature blend 12,Sports,S01,Store 01,North,0,865.06,0.2,True,False,Clear,0,SUP-03,13,0,604.07,True,0.0,0.0
2025-09-08,P012,Signature blend 12,Sports,S01,Store 01,North,0,1081.33,0.0,False,False,Clear,0,SUP-03,13,0,604.07,True,0.0,0.0
2025-09-09,P012,Signature blend 12,Sports,S01,Store 01,North,0,1081.33,0.0,False,False,Rain,0,SUP-03,13,0,604.07,True,0.0,0.0
2025-09-10,P012,Signature blend 12,Sports,S01,Store 01,North,0,1081.33,0.0,False,False,Clear,0,SUP-03,13,0,604.07,True,0.0,0.0
2025-09-11,P012,Signature blend 12,Sports,S01,Store 01,North,0,1081.33,0.0,False,False,Clear,0,SUP-03,13,0,604.07,True,0.0,0.0
2025-09-12,P012,Signature blend 12,Sports,S01,Store 01,North,0,1081.33,0.0,False,False,Clear,0,SUP-03,13,0,604.07,True,0.0,0.0
2025-09-13,P012,Signature blend 12,Sports,S01,Store 01,North,0,1081.33,0.0,False,False,Clear,0,SUP-03,13,0,604.07,True,0.0,0.0
2025-09-14,P012,Signature blend 12,Sports,S01,Store 01,North,0,1081.33,0.0,False,False,Rain,0,SUP-03,13,0,604.07,True,0.0,0.0
2025-09-15,P012,Signature blend 12,Sports,S01,Store 01,North,0,1081.33,0.0,False,False,Clear,0,SUP-03,13,0,604.07,True,0.0,0.0
2025-09-16,P012,Signature blend 12,Sports,S01,Store 01,North,8,1081.33,0.0,False,False,Clear,86,SUP-03,13,0,604.07,False,8650.64,3818.079999999999
2025-09-17,P012,Signature blend 12,Sports,S01,Store 01,North,8,1081.33,0.0,False,False,Rain,78,SUP-03,13,0,604.07,False,8650.64,3818.079999999999
2025-09-18,P012,Signature blend 12,Sports,S01,Store 01,North,7,1081.33,0.0,False,False,Clear,71,SUP-03,13,0,604.07,False,7569.3099999999995,3340.8199999999993
2025-09-19,P012,Signature blend 12,Sports,S01,Store 01,North,10,1081.33,0.0,False,False,Clear,61,SUP-03,13,0,604.07,False,10813.3,4772.5999999999985
2025-09-20,P012,Signature blend 12,Sports,S01,Store 01,North,8,1081.33,0.0,False,False,Rain,53,SUP-03,13,0,604.07,False,8650.64,3818.079999999999
2025-09-21,P012,Signature blend 12,Sports,S01,Store 01,North,11,1081.33,0.0,False,False,Clear,42,SUP-03,13,2,604.07,False,11894.63,5249.859999999999
2025-09-22,P012,Signature blend 12,Sports,S01,Store 01,North,9,1081.33,0.0,False,False,Clear,33,SUP-03,13,0,604.07,False,9731.97,4295.339999999999
2025-09-23,P012,Signature blend 12,Sports,S01,Store 01,North,13,919.13,0.15,True,False,Clear,20,SUP-03,13,0,604.07,False,11948.69,4095.7799999999993
2025-09-24,P012,Signature blend 12,Sports,S01,Store 01,North,8,1081.33,0.0,False,False,Clear,12,SUP-03,13,0,604.07,False,8650.64,3818.079999999999
2025-09-25,P012,Signature blend 12,Sports,S01,Store 01,North,10,1081.33,0.0,False,False,Rain,2,SUP-03,13,0,604.07,False,10813.3,4772.5999999999985
2025-09-26,P012,Signature blend 12,Sports,S01,Store 01,North,2,1081.33,0.0,False,False,Clear,0,SUP-03,13,0,604.07,True,2162.66,954.5199999999998
2025-09-27,P012,Signature blend 12,Sports,S01,Store 01,North,0,973.2,0.1,True,False,Clear,0,SUP-03,13,0,604.07,True,0.0,0.0
2025-09-28,P012,Signature blend 12,Sports,S01,Store 01,North,0,1081.33,0.0,False,False,Clear,0,SUP-03,13,0,604.07,True,0.0,0.0
2025-09-29,P012,Signature blend 12,Sports,S01,Store 01,North,4,1081.33,0.0,False,False,Clear,89,SUP-03,13,0,604.07,False,4325.32,1909.0399999999995
2025-09-30,P012,Signature blend 12,Sports,S01,Store 01,North,2,1081.33,0.0,False,False,Clear,87,SUP-03,13,0,604.07,False,2162.66,954.5199999999998
2025-10-01,P012,Signature blend 12,Sports,S01,Store 01,North,12,1081.33,0.0,False,False,Rain,75,SUP-03,13,0,604.07,False,12975.96,5727.119999999999
2025-10-02,P012,Signature blend 12,Sports,S01,Store 01,North,10,919.13,0.15,True,True,Clear,65,SUP-03,13,0,604.07,False,9191.3,3150.5999999999995
2025-10-03,P012,Signature blend 12,Sports,S01,Store 01,North,6,1081.33,0.0,False,False,Clear,59,SUP-03,13,0,604.07,False,6487.98,2863.5599999999995
2025-10-04,P012,Signature blend 12,Sports,S01,Store 01,North,17,1081.33,0.0,False,False,Clear,42,SUP-03,13,0,604.07,False,18382.61,8113.419999999998
2025-10-05,P012,Signature blend 12,Sports,S01,Store 01,North,9,973.2,0.1,True,False,Clear,33,SUP-03,13,0,604.07,False,8758.800000000001,3322.17
2025-10-06,P012,Signature blend 12,Sports,S01,Store 01,North,8,1081.33,0.0,False,False,Clear,25,SUP-03,13,1,604.07,False,8650.64,3818.079999999999
2025-10-07,P012,Signature blend 12,Sports,S01,Store 01,North,7,1081.33,0.0,False,False,Clear,18,SUP-03,13,0,604.07,False,7569.3099999999995,3340.8199999999993
2025-10-08,P012,Signature blend 12,Sports,S01,Store 01,North,13,1081.33,0.0,False,False,Clear,5,SUP-03,13,0,604.07,False,14057.289999999999,6204.379999999998
2025-10-09,P012,Signature blend 12,Sports,S01,Store 01,North,4,1081.33,0.0,False,False,Rain,1,SUP-03,13,0,604.07,False,4325.32,1909.0399999999995
2025-10-10,P012,Signature blend 12,Sports,S01,Store 01,North,1,1081.33,0.0,False,False,Clear,0,SUP-03,13,0,604.07,True,1081.33,477.2599999999999
2025-10-11,P012,Signature blend 12,Sports,S01,Store 01,North,0,919.13,0.15,True,False,Clear,0,SUP-03,13,0,604.07,True,0.0,0.0
2025-10-12,P012,Signature blend 12,Sports,S01,Store 01,North,6,1081.33,0.0,False,False,Clear,92,SUP-03,13,0,604.07,False,6487.98,2863.5599999999995
2025-10-13,P012,Signature blend 12,Sports,S01,Store 01,North,8,1081.33,0.0,False,False,Clear,84,SUP-03,13,1,604.07,False,8650.64,3818.079999999999
2025-10-14,P012,Signature blend 12,Sports,S01,Store 01,North,9,1081.33,0.0,False,False,Clear,75,SUP-03,13,0,604.07,False,9731.97,4295.339999999999
2025-10-15,P012,Signature blend 12,Sports,S01,Store 01,North,6,1081.33,0.0,False,False,Clear,69,SUP-03,13,0,604.07,False,6487.98,2863.5599999999995
2025-10-16,P012,Signature blend 12,Sports,S01,Store 01,North,13,1081.33,0.0,False,False,Rain,56,SUP-03,13,0,604.07,False,14057.289999999999,6204.379999999998
2025-10-17,P012,Signature blend 12,Sports,S01,Store 01,North,9,1081.33,0.0,False,False,Clear,47,SUP-03,13,1,604.07,False,9731.97,4295.339999999999
2025-10-18,P012,Signature blend 12,Sports,S01,Store 01,North,12,1081.33,0.0,False,False,Clear,35,SUP-03,13,0,604.07,False,12975.96,5727.119999999999
2025-10-19,P012,Signature blend 12,Sports,S01,Store 01,North,17,1081.33,0.0,False,False,Clear,18,SUP-03,13,1,604.07,False,18382.61,8113.419999999998
2025-10-20,P012,Signature blend 12,Sports,S01,Store 01,North,6,1081.33,0.0,False,False,Clear,12,SUP-03,13,0,604.07,False,6487.98,2863.5599999999995
2025-10-21,P012,Signature blend 12,Sports,S01,Store 01,North,8,1081.33,0.0,False,False,Clear,4,SUP-03,13,0,604.07,False,8650.64,3818.079999999999
2025-10-22,P012,Signature blend 12,Sports,S01,Store 01,North,4,1081.33,0.0,False,False,Clear,0,SUP-03,13,0,604.07,True,4325.32,1909.0399999999995
2025-10-23,P012,Signature blend 12,Sports,S01,Store 01,North,0,1081.33,0.0,False,False,Clear,0,SUP-03,13,0,604.07,True,0.0,0.0
2025-10-24,P012,Signature blend 12,Sports,S01,Store 01,North,0,1081.33,0.0,False,False,Clear,0,SUP-03,13,0,604.07,True,0.0,0.0
2025-10-25,P012,Signature blend 12,Sports,S01,Store 01,North,10,1081.33,0.0,False,False,Clear,92,SUP-03,13,0,604.07,False,10813.3,4772.5999999999985
2025-10-26,P012,Signature blend 12,Sports,S01,Store 01,North,11,1081.33,0.0,False,False,Clear,81,SUP-03,13,0,604.07,False,11894.63,5249.859999999999
2025-10-27,P012,Signature blend 12,Sports,S01,Store 01,North,8,1081.33,0.0,False,False,Clear,73,SUP-03,13,0,604.07,False,8650.64,3818.079999999999
2025-10-28,P012,Signature blend 12,Sports,S01,Store 01,North,13,1081.33,0.0,False,False,Clear,60,SUP-03,13,1,604.07,False,14057.289999999999,6204.379999999998
2025-10-29,P012,Signature blend 12,Sports,S01,Store 01,North,10,1081.33,0.0,False,False,Clear,50,SUP-03,13,1,604.07,False,10813.3,4772.5999999999985
2025-10-30,P012,Signature blend 12,Sports,S01,Store 01,North,3,1081.33,0.0,False,False,Rain,47,SUP-03,13,0,604.07,False,3243.99,1431.7799999999997
2025-10-31,P012,Signature blend 12,Sports,S01,Store 01,North,8,1081.33,0.0,False,False,Clear,39,SUP-03,13,0,604.07,False,8650.64,3818.079999999999
2025-11-01,P012,Signature blend 12,Sports,S01,Store 01,North,6,1081.33,0.0,False,False,Clear,33,SUP-03,13,0,604.07,False,6487.98,2863.5599999999995
2025-11-02,P012,Signature blend 12,Sports,S01,Store 01,North,8,1081.33,0.0,False,False,Clear,25,SUP-03,13,0,604.07,False,8650.64,3818.079999999999
2025-11-03,P012,Signature blend 12,Sports,S01,Store 01,North,8,1081.33,0.0,False,False,Clear,17,SUP-03,13,0,604.07,False,8650.64,3818.079999999999
2025-11-04,P012,Signature blend 12,Sports,S01,Store 01,North,9,1081.33,0.0,False,False,Clear,8,SUP-03,13,0,604.07,False,9731.97,4295.339999999999
2025-11-05,P012,Signature blend 12,Sports,S01,Store 01,North,8,1081.33,0.0,False,False,Clear,0,SUP-03,13,0,604.07,True,8650.64,3818.079999999999
2025-11-06,P012,Signature blend 12,Sports,S01,Store 01,North,0,919.13,0.15,True,False,Clear,0,SUP-03,13,0,604.07,True,0.0,0.0
2025-11-07,P012,Signature blend 12,Sports,S01,Store 01,North,5,1081.33,0.0,False,False,Clear,97,SUP-03,13,0,604.07,False,5406.65,2386.2999999999993
2025-11-08,P012,Signature blend 12,Sports,S01,Store 01,North,12,1081.33,0.0,False,False,Clear,85,SUP-03,13,0,604.07,False,12975.96,5727.119999999999
2025-11-09,P012,Signature blend 12,Sports,S01,Store 01,North,6,1081.33,0.0,False,False,Clear,79,SUP-03,13,0,604.07,False,6487.98,2863.5599999999995
2025-11-10,P012,Signature blend 12,Sports,S01,Store 01,North,10,1081.33,0.0,False,False,Clear,69,SUP-03,13,0,604.07,False,10813.3,4772.5999999999985
2025-11-11,P012,Signature blend 12,Sports,S01,Store 01,North,6,1081.33,0.0,False,False,Clear,63,SUP-03,13,0,604.07,False,6487.98,2863.5599999999995
2025-11-12,P012,Signature blend 12,Sports,S01,Store 01,North,7,1081.33,0.0,False,False,Clear,56,SUP-03,13,0,604.07,False,7569.3099999999995,3340.8199999999993
2025-11-13,P012,Signature blend 12,Sports,S01,Store 01,North,7,1081.33,0.0,False,False,Clear,49,SUP-03,13,0,604.07,False,7569.3099999999995,3340.8199999999993
2025-11-14,P012,Signature blend 12,Sports,S01,Store 01,North,9,1081.33,0.0,False,False,Rain,40,SUP-03,13,0,604.07,False,9731.97,4295.339999999999
2025-11-15,P012,Signature blend 12,Sports,S01,Store 01,North,10,1081.33,0.0,False,False,Clear,30,SUP-03,13,0,604.07,False,10813.3,4772.5999999999985
2025-11-16,P012,Signature blend 12,Sports,S01,Store 01,North,6,1081.33,0.0,False,False,Clear,24,SUP-03,13,1,604.07,False,6487.98,2863.5599999999995
2025-11-17,P012,Signature blend 12,Sports,S01,Store 01,North,8,1081.33,0.0,False,False,Clear,16,SUP-03,13,0,604.07,False,8650.64,3818.079999999999
2025-11-18,P012,Signature blend 12,Sports,S01,Store 01,North,10,973.2,0.1,True,False,Rain,6,SUP-03,13,0,604.07,False,9732.0,3691.3
2025-11-19,P012,Signature blend 12,Sports,S01,Store 01,North,6,1081.33,0.0,False,False,Clear,0,SUP-03,13,0,604.07,True,6487.98,2863.5599999999995
2025-11-20,P012,Signature blend 12,Sports,S01,Store 01,North,7,1081.33,0.0,False,False,Clear,90,SUP-03,13,0,604.07,False,7569.3099999999995,3340.8199999999993
2025-11-21,P012,Signature blend 12,Sports,S01,Store 01,North,5,1081.33,0.0,False,False,Clear,85,SUP-03,13,0,604.07,False,5406.65,2386.2999999999993
2025-11-22,P012,Signature blend 12,Sports,S01,Store 01,North,8,1081.33,0.0,False,False,Clear,77,SUP-03,13,0,604.07,False,8650.64,3818.079999999999
2025-11-23,P012,Signature blend 12,Sports,S01,Store 01,North,6,1081.33,0.0,False,False,Clear,71,SUP-03,13,0,604.07,False,6487.98,2863.5599999999995
2025-11-24,P012,Signature blend 12,Sports,S01,Store 01,North,10,1081.33,0.0,False,False,Clear,61,SUP-03,13,0,604.07,False,10813.3,4772.5999999999985
2025-11-25,P012,Signature blend 12,Sports,S01,Store 01,North,14,1081.33,0.0,False,False,Clear,47,SUP-03,13,0,604.07,False,15138.619999999999,6681.6399999999985
2025-11-26,P012,Signature blend 12,Sports,S01,Store 01,North,13,1081.33,0.0,False,False,Clear,34,SUP-03,13,0,604.07,False,14057.289999999999,6204.379999999998
2025-11-27,P012,Signature blend 12,Sports,S01,Store 01,North,7,1081.33,0.0,False,False,Clear,27,SUP-03,13,0,604.07,False,7569.3099999999995,3340.8199999999993
2025-11-28,P012,Signature blend 12,Sports,S01,Store 01,North,12,1081.33,0.0,False,False,Clear,15,SUP-03,13,0,604.07,False,12975.96,5727.119999999999
2025-11-29,P012,Signature blend 12,Sports,S01,Store 01,North,6,1081.33,0.0,False,False,Clear,9,SUP-03,13,0,604.07,False,6487.98,2863.5599999999995
2025-11-30,P012,Signature blend 12,Sports,S01,Store 01,North,9,1081.33,0.0,False,False,Clear,0,SUP-03,13,0,604.07,False,9731.97,4295.339999999999
2025-12-01,P012,Signature blend 12,Sports,S01,Store 01,North,0,1081.33,0.0,False,False,Clear,0,SUP-03,13,0,604.07,True,0.0,0.0
2025-12-02,P012,Signature blend 12,Sports,S01,Store 01,North,0,1081.33,0.0,False,False,Clear,0,SUP-03,13,0,604.07,True,0.0,0.0
2025-12-03,P012,Signature blend 12,Sports,S01,Store 01,North,8,1081.33,0.0,False,False,Clear,80,SUP-03,13,0,604.07,False,8650.64,3818.079999999999
2025-12-04,P012,Signature blend 12,Sports,S01,Store 01,North,9,1081.33,0.0,False,False,Clear,71,SUP-03,13,0,604.07,False,9731.97,4295.339999999999
2025-12-05,P012,Signature blend 12,Sports,S01,Store 01,North,14,1081.33,0.0,False,False,Clear,57,SUP-03,13,1,604.07,False,15138.619999999999,6681.6399999999985
2025-12-06,P012,Signature blend 12,Sports,S01,Store 01,North,7,973.2,0.1,True,False,Clear,50,SUP-03,13,0,604.07,False,6812.400000000001,2583.91
2025-12-07,P012,Signature blend 12,Sports,S01,Store 01,North,6,1081.33,0.0,False,False,Clear,44,SUP-03,13,0,604.07,False,6487.98,2863.5599999999995
2025-12-08,P012,Signature blend 12,Sports,S01,Store 01,North,12,1081.33,0.0,False,False,Clear,32,SUP-03,13,0,604.07,False,12975.96,5727.119999999999
2025-12-09,P012,Signature blend 12,Sports,S01,Store 01,North,7,1081.33,0.0,False,False,Clear,25,SUP-03,13,0,604.07,False,7569.3099999999995,3340.8199999999993
2025-12-10,P012,Signature blend 12,Sports,S01,Store 01,North,7,1081.33,0.0,False,False,Clear,18,SUP-03,13,0,604.07,False,7569.3099999999995,3340.8199999999993
2025-12-11,P012,Signature blend 12,Sports,S01,Store 01,North,4,1081.33,0.0,False,False,Clear,14,SUP-03,13,0,604.07,False,4325.32,1909.0399999999995
2025-12-12,P012,Signature blend 12,Sports,S01,Store 01,North,6,973.2,0.1,True,False,Clear,8,SUP-03,13,0,604.07,False,5839.200000000001,2214.7799999999997
2025-12-13,P012,Signature blend 12,Sports,S01,Store 01,North,6,1081.33,0.0,False,False,Clear,2,SUP-03,13,0,604.07,False,6487.98,2863.5599999999995
2025-12-14,P012,Signature blend 12,Sports,S01,Store 01,North,2,1081.33,0.0,False,False,Clear,0,SUP-03,13,0,604.07,True,2162.66,954.5199999999998
2025-12-15,P012,Signature blend 12,Sports,S01,Store 01,North,0,1081.33,0.0,False,False,Rain,0,SUP-03,13,0,604.07,True,0.0,0.0
2025-12-16,P012,Signature blend 12,Sports,S01,Store 01,North,7,1081.33,0.0,False,False,Clear,80,SUP-03,13,1,604.07,False,7569.3099999999995,3340.8199999999993
2025-12-17,P012,Signature blend 12,Sports,S01,Store 01,North,5,1081.33,0.0,False,False,Clear,75,SUP-03,13,0,604.07,False,5406.65,2386.2999999999993
2025-12-18,P012,Signature blend 12,Sports,S01,Store 01,North,9,1081.33,0.0,False,False,Clear,66,SUP-03,13,0,604.07,False,9731.97,4295.339999999999
2025-12-19,P012,Signature blend 12,Sports,S01,Store 01,North,8,1081.33,0.0,False,False,Clear,58,SUP-03,13,0,604.07,False,8650.64,3818.079999999999
2025-12-20,P012,Signature blend 12,Sports,S01,Store 01,North,6,1081.33,0.0,False,False,Clear,52,SUP-03,13,0,604.07,False,6487.98,2863.5599999999995
2025-12-21,P012,Signature blend 12,Sports,S01,Store 01,North,11,1081.33,0.0,False,False,Clear,41,SUP-03,13,0,604.07,False,11894.63,5249.859999999999
2025-12-22,P012,Signature blend 12,Sports,S01,Store 01,North,11,1081.33,0.0,False,False,Clear,30,SUP-03,13,0,604.07,False,11894.63,5249.859999999999
2025-12-23,P012,Signature blend 12,Sports,S01,Store 01,North,13,1081.33,0.0,False,False,Clear,17,SUP-03,13,1,604.07,False,14057.289999999999,6204.379999999998
2025-12-24,P012,Signature blend 12,Sports,S01,Store 01,North,6,1081.33,0.0,False,False,Clear,11,SUP-03,13,0,604.07,False,6487.98,2863.5599999999995
2025-12-25,P012,Signature blend 12,Sports,S01,Store 01,North,11,1081.33,0.0,False,True,Rain,0,SUP-03,13,0,604.07,True,11894.63,5249.859999999999
2025-12-26,P012,Signature blend 12,Sports,S01,Store 01,North,0,1081.33,0.0,False,False,Clear,0,SUP-03,13,0,604.07,True,0.0,0.0
2025-12-27,P012,Signature blend 12,Sports,S01,Store 01,North,0,1081.33,0.0,False,False,Clear,0,SUP-03,13,0,604.07,True,0.0,0.0
2025-12-28,P012,Signature blend 12,Sports,S01,Store 01,North,0,1081.33,0.0,False,False,Clear,0,SUP-03,13,0,604.07,True,0.0,0.0
2025-12-29,P012,Signature blend 12,Sports,S01,Store 01,North,6,1081.33,0.0,False,False,Clear,90,SUP-03,13,0,604.07,False,6487.98,2863.5599999999995
2025-12-30,P012,Signature blend 12,Sports,S01,Store 01,North,10,1081.33,0.0,False,False,Clear,80,SUP-03,13,0,604.07,False,10813.3,4772.5999999999985
2025-12-31,P012,Signature blend 12,Sports,S01,Store 01,North,6,1081.33,0.0,False,False,Clear,74,SUP-03,13,0,604.07,False,6487.98,2863.5599999999995
2025-09-03,P012,Signature blend 12,Sports,S02,Store 02,South,9,1081.33,0.0,False,False,Clear,122,SUP-03,13,0,604.07,False,9731.97,4295.339999999999
2025-09-04,P012,Signature blend 12,Sports,S02,Store 02,South,8,1081.33,0.0,False,False,Clear,114,SUP-03,13,0,604.07,False,8650.64,3818.079999999999
2025-09-05,P012,Signature blend 12,Sports,S02,Store 02,South,11,1081.33,0.0,False,False,Clear,103,SUP-03,13,0,604.07,False,11894.63,5249.859999999999
2025-09-06,P012,Signature blend 12,Sports,S02,Store 02,South,19,1081.33,0.0,False,False,Clear,84,SUP-03,13,0,604.07,False,20545.269999999997,9067.939999999997
2025-09-07,P012,Signature blend 12,Sports,S02,Store 02,South,6,1081.33,0.0,False,False,Clear,78,SUP-03,13,0,604.07,False,6487.98,2863.5599999999995
2025-09-08,P012,Signature blend 12,Sports,S02,Store 02,South,12,1081.33,0.0,False,False,Clear,66,SUP-03,13,0,604.07,False,12975.96,5727.119999999999
2025-09-09,P012,Signature blend 12,Sports,S02,Store 02,South,13,1081.33,0.0,False,False,Clear,53,SUP-03,13,0,604.07,False,14057.289999999999,6204.379999999998
2025-09-10,P012,Signature blend 12,Sports,S02,Store 02,South,12,919.13,0.15,True,False,Clear,41,SUP-03,13,0,604.07,False,11029.56,3780.7199999999993
2025-09-11,P012,Signature blend 12,Sports,S02,Store 02,South,10,1081.33,0.0,False,False,Rain,31,SUP-03,13,0,604.07,False,10813.3,4772.5999999999985
2025-09-12,P012,Signature blend 12,Sports,S02,Store 02,South,13,1081.33,0.0,False,False,Clear,18,SUP-03,13,0,604.07,False,14057.289999999999,6204.379999999998
2025-09-13,P012,Signature blend 12,Sports,S02,Store 02,South,13,1081.33,0.0,False,False,Clear,5,SUP-03,13,0,604.07,False,14057.289999999999,6204.379999999998
2025-09-14,P012,Signature blend 12,Sports,S02,Store 02,South,5,1081.33,0.0,False,False,Clear,0,SUP-03,13,0,604.07,True,5406.65,2386.2999999999993
2025-09-15,P012,Signature blend 12,Sports,S02,Store 02,South,0,1081.33,0.0,False,False,Clear,0,SUP-03,13,0,604.07,True,0.0,0.0
2025-09-16,P012,Signature blend 12,Sports,S02,Store 02,South,12,1081.33,0.0,False,False,Clear,206,SUP-03,13,0,604.07,False,12975.96,5727.119999999999
2025-09-17,P012,Signature blend 12,Sports,S02,Store 02,South,5,1081.33,0.0,False,False,Clear,201,SUP-03,13,0,604.07,False,5406.65,2386.2999999999993
2025-09-18,P012,Signature blend 12,Sports,S02,Store 02,South,15,1081.33,0.0,False,False,Clear,186,SUP-03,13,1,604.07,False,16219.949999999999,7158.899999999998
2025-09-19,P012,Signature blend 12,Sports,S02,Store 02,South,9,1081.33,0.0,False,False,Clear,177,SUP-03,13,0,604.07,False,9731.97,4295.339999999999
2025-09-20,P012,Signature blend 12,Sports,S02,Store 02,South,15,1081.33,0.0,False,False,Rain,162,SUP-03,13,0,604.07,False,16219.949999999999,7158.899999999998
2025-09-21,P012,Signature blend 12,Sports,S02,Store 02,South,15,1081.33,0.0,False,False,Clear,147,SUP-03,13,2,604.07,False,16219.949999999999,7158.899999999998
2025-09-22,P012,Signature blend 12,Sports,S02,Store 02,South,14,1081.33,0.0,False,False,Clear,133,SUP-03,13,0,604.07,False,15138.619999999999,6681.6399999999985
2025-09-23,P012,Signature blend 12,Sports,S02,Store 02,South,10,1081.33,0.0,False,False,Clear,123,SUP-03,13,1,604.07,False,10813.3,4772.5999999999985
2025-09-24,P012,Signature blend 12,Sports,S02,Store 02,South,14,1081.33,0.0,False,False,Clear,109,SUP-03,13,0,604.07,False,15138.619999999999,6681.6399999999985
2025-09-25,P012,Signature blend 12,Sports,S02,Store 02,South,10,1081.33,0.0,False,False,Clear,99,SUP-03,13,0,604.07,False,10813.3,4772.5999999999985
2025-09-26,P012,Signature blend 12,Sports,S02,Store 02,South,17,1081.33,0.0,False,False,Clear,82,SUP-03,13,0,604.07,False,18382.61,8113.419999999998
2025-09-27,P012,Signature blend 12,Sports,S02,Store 02,South,19,1081.33,0.0,False,False,Clear,63,SUP-03,13,1,604.07,False,20545.269999999997,9067.939999999997
2025-09-28,P012,Signature blend 12,Sports,S02,Store 02,South,20,1081.33,0.0,False,False,Clear,43,SUP-03,13,0,604.07,False,21626.6,9545.199999999997
2025-09-29,P012,Signature blend 12,Sports,S02,Store 02,South,21,1081.33,0.0,False,False,Clear,219,SUP-03,13,0,604.07,False,22707.93,10022.459999999997
2025-09-30,P012,Signature blend 12,Sports,S02,Store 02,South,11,1081.33,0.0,False,False,Clear,208,SUP-03,13,0,604.07,False,11894.63,5249.859999999999
2025-10-01,P012,Signature blend 12,Sports,S02,Store 02,South,14,1081.33,0.0,False,False,Clear,194,SUP-03,13,0,604.07,False,15138.619999999999,6681.6399999999985
2025-10-02,P012,Signature blend 12,Sports,S02,Store 02,South,21,1081.33,0.0,False,True,Clear,173,SUP-03,13,0,604.07,False,22707.93,10022.459999999997
2025-10-03,P012,Signature blend 12,Sports,S02,Store 02,South,11,1081.33,0.0,False,False,Rain,162,SUP-03,13,0,604.07,False,11894.63,5249.859999999999
2025-10-04,P012,Signature blend 12,Sports,S02,Store 02,South,22,1081.33,0.0,False,False,Clear,140,SUP-03,13,0,604.07,False,23789.26,10499.719999999998
2025-10-05,P012,Signature blend 12,Sports,S02,Store 02,South,13,1081.33,0.0,False,False,Clear,127,SUP-03,13,0,604.07,False,14057.289999999999,6204.379999999998
2025-10-06,P012,Signature blend 12,Sports,S02,Store 02,South,9,1081.33,0.0,False,False,Clear,118,SUP-03,13,0,604.07,False,9731.97,4295.339999999999
2025-10-07,P012,Signature blend 12,Sports,S02,Store 02,South,12,1081.33,0.0,False,False,Clear,106,SUP-03,13,0,604.07,False,12975.96,5727.119999999999
2025-10-08,P012,Signature blend 12,Sports,S02,Store 02,South,13,1081.33,0.0,False,False,Clear,93,SUP-03,13,0,604.07,False,14057.289999999999,6204.379999999998
2025-10-09,P012,Signature blend 12,Sports,S02,Store 02,South,9,1081.33,0.0,False,False,Clear,84,SUP-03,13,0,604.07,False,9731.97,4295.339999999999
2025-10-10,P012,Signature blend 12,Sports,S02,Store 02,South,14,1081.33,0.0,False,False,Clear,70,SUP-03,13,1,604.07,False,15138.619999999999,6681.6399999999985
2025-10-11,P012,Signature blend 12,Sports,S02,Store 02,South,5,1081.33,0.0,False,False,Clear,65,SUP-03,13,0,604.07,False,5406.65,2386.2999999999993
2025-10-12,P012,Signature blend 12,Sports,S02,Store 02,South,10,1081.33,0.0,False,False,Clear,259,SUP-03,13,0,604.07,False,10813.3,4772.5999999999985
2025-10-13,P012,Signature blend 12,Sports,S02,Store 02,South,13,1081.33,0.0,False,False,Clear,246,SUP-03,13,0,604.07,False,14057.289999999999,6204.379999999998
2025-10-14,P012,Signature blend 12,Sports,S02,Store 02,South,6,1081.33,0.0,False,False,Clear,240,SUP-03,13,0,604.07,False,6487.98,2863.5599999999995
2025-10-15,P012,Signature blend 12,Sports,S02,Store 02,South,13,1081.33,0.0,False,False,Clear,227,SUP-03,13,0,604.07,False,14057.289999999999,6204.379999999998
2025-10-16,P012,Signature blend 12,Sports,S02,Store 02,South,14,1081.33,0.0,False,False,Clear,213,SUP-03,13,1,604.07,False,15138.619999999999,6681.6399999999985
2025-10-17,P012,Signature blend 12,Sports,S02,Store 02,South,11,1081.33,0.0,False,False,Rain,202,SUP-03,13,0,604.07,False,11894.63,5249.859999999999
2025-10-18,P012,Signature blend 12,Sports,S02,Store 02,South,17,1081.33,0.0,False,False,Clear,185,SUP-03,13,1,604.07,False,18382.61,8113.419999999998
2025-10-19,P012,Signature blend 12,Sports,S02,Store 02,South,26,919.13,0.15,True,False,Clear,159,SUP-03,13,0,604.07,False,23897.38,8191.559999999999
2025-10-20,P012,Signature blend 12,Sports,S02,Store 02,South,11,1081.33,0.0,False,False,Clear,148,SUP-03,13,0,604.07,False,11894.63,5249.859999999999
2025-10-21,P012,Signature blend 12,Sports,S02,Store 02,South,10,1081.33,0.0,False,False,Clear,138,SUP-03,13,0,604.07,False,10813.3,4772.5999999999985
2025-10-22,P012,Signature blend 12,Sports,S02,Store 02,South,18,973.2,0.1,True,False,Clear,120,SUP-03,13,0,604.07,False,17517.600000000002,6644.34
2025-10-23,P012,Signature blend 12,Sports,S02,Store 02,South,18,1081.33,0.0,False,False,Clear,102,SUP-03,13,0,604.07,False,19463.94,8590.679999999998
2025-10-24,P012,Signature blend 12,Sports,S02,Store 02,South,15,1081.33,0.0,False,False,Clear,87,SUP-03,13,0,604.07,False,16219.949999999999,7158.899999999998
2025-10-25,P012,Signature blend 12,Sports,S02,Store 02,South,18,1081.33,0.0,False,False,Clear,273,SUP-03,13,0,604.07,False,19463.94,8590.679999999998
2025-10-26,P012,Signature blend 12,Sports,S02,Store 02,South,20,919.13,0.15,True,False,Clear,253,SUP-03,13,0,604.07,False,18382.6,6301.199999999999
2025-10-27,P012,Signature blend 12,Sports,S02,Store 02,South,12,1081.33,0.0,False,False,Rain,241,SUP-03,13,0,604.07,False,12975.96,5727.119999999999
2025-10-28,P012,Signature blend 12,Sports,S02,Store 02,South,18,1081.33,0.0,False,False,Clear,223,SUP-03,13,0,604.07,False,19463.94,8590.679999999998
2025-10-29,P012,Signature blend 12,Sports,S02,Store 02,South,14,919.13,0.15,True,False,Clear,209,SUP-03,13,0,604.07,False,12867.82,4410.839999999999
2025-10-30,P012,Signature blend 12,Sports,S02,Store 02,South,17,1081.33,0.0,False,False,Clear,192,SUP-03,13,1,604.07,False,18382.61,8113.419999999998
2025-10-31,P012,Signature blend 12,Sports,S02,Store 02,South,9,1081.33,0.0,False,False,Clear,183,SUP-03,13,0,604.07,False,9731.97,4295.339999999999
2025-11-01,P012,Signature blend 12,Sports,S02,Store 02,South,16,1081.33,0.0,False,False,Clear,167,SUP-03,13,0,604.07,False,17301.28,7636.159999999998
2025-11-02,P012,Signature blend 12,Sports,S02,Store 02,South,19,919.13,0.15,True,False,Clear,148,SUP-03,13,0,604.07,False,17463.47,5986.139999999999
2025-11-03,P012,Signature blend 12,Sports,S02,Store 02,South,16,1081.33,0.0,False,False,Clear,132,SUP-03,13,0,604.07,False,17301.28,7636.159999999998
2025-11-04,P012,Signature blend 12,Sports,S02,Store 02,South,14,1081.33,0.0,False,False,Clear,118,SUP-03,13,0,604.07,False,15138.619999999999,6681.6399999999985
2025-11-05,P012,Signature blend 12,Sports,S02,Store 02,South,16,973.2,0.1,True,False,Clear,102,SUP-03,13,2,604.07,False,15571.2,5906.08
2025-11-06,P012,Signature blend 12,Sports,S02,Store 02,South,12,1081.33,0.0,False,False,Clear,90,SUP-03,13,0,604.07,False,12975.96,5727.119999999999
2025-11-07,P012,Signature blend 12,Sports,S02,Store 02,South,10,1081.33,0.0,False,False,Rain,286,SUP-03,13,0,604.07,False,10813.3,4772.5999999999985
2025-11-08,P012,Signature blend 12,Sports,S02,Store 02,South,21,919.13,0.15,True,False,Clear,265,SUP-03,13,0,604.07,False,19301.73,6616.259999999998
2025-11-09,P012,Signature blend 12,Sports,S02,Store 02,South,11,1081.33,0.0,False,False,Clear,254,SUP-03,13,0,604.07,False,11894.63,5249.859999999999
2025-11-10,P012,Signature blend 12,Sports,S02,Store 02,South,16,1081.33,0.0,False,False,Clear,238,SUP-03,13,0,604.07,False,17301.28,7636.159999999998
2025-11-11,P012,Signature blend 12,Sports,S02,Store 02,South,9,973.2,0.1,True,False,Clear,229,SUP-03,13,0,604.07,False,8758.800000000001,3322.17
2025-11-12,P012,Signature blend 12,Sports,S02,Store 02,South,12,1081.33,0.0,False,False,Clear,217,SUP-03,13,0,604.07,False,12975.96,5727.119999999999
2025-11-13,P012,Signature blend 12,Sports,S02,Store 02,South,4,1081.33,0.0,False,False,Clear,213,SUP-03,13,1,604.07,False,4325.32,1909.0399999999995
2025-11-14,P012,Signature blend 12,Sports,S02,Store 02,South,10,1081.33,0.0,False,False,Clear,203,SUP-03,13,1,604.07,False,10813.3,4772.5999999999985
2025-11-15,P012,Signature blend 12,Sports,S02,Store 02,South,12,1081.33,0.0,False,False,Rain,191,SUP-03,13,0,604.07,False,12975.96,5727.119999999999
2025-11-16,P012,Signature blend 12,Sports,S02,Store 02,South,17,1081.33,0.0,False,False,Clear,174,SUP-03,13,0,604.07,False,18382.61,8113.419999999998
2025-11-17,P012,Signature blend 12,Sports,S02,Store 02,South,14,1081.33,0.0,False,False,Clear,160,SUP-03,13,0,604.07,False,15138.619999999999,6681.6399999999985
2025-11-18,P012,Signature blend 12,Sports,S02,Store 02,South,11,1081.33,0.0,False,False,Clear,149,SUP-03,13,0,604.07,False,11894.63,5249.859999999999
2025-11-19,P012,Signature blend 12,Sports,S02,Store 02,South,15,1081.33,0.0,False,False,Clear,134,SUP-03,13,0,604.07,False,16219.949999999999,7158.899999999998
2025-11-20,P012,Signature blend 12,Sports,S02,Store 02,South,17,1081.33,0.0,False,False,Clear,332,SUP-03,13,1,604.07,False,18382.61,8113.419999999998
2025-11-21,P012,Signature blend 12,Sports,S02,Store 02,South,16,1081.33,0.0,False,False,Clear,316,SUP-03,13,0,604.07,False,17301.28,7636.159999999998
2025-11-22,P012,Signature blend 12,Sports,S02,Store 02,South,15,1081.33,0.0,False,False,Clear,301,SUP-03,13,1,604.07,False,16219.949999999999,7158.899999999998
2025-11-23,P012,Signature blend 12,Sports,S02,Store 02,South,15,1081.33,0.0,False,False,Rain,286,SUP-03,13,0,604.07,False,16219.949999999999,7158.899999999998
2025-11-24,P012,Signature blend 12,Sports,S02,Store 02,South,15,1081.33,0.0,False,False,Clear,271,SUP-03,13,0,604.07,False,16219.949999999999,7158.899999999998
2025-11-25,P012,Signature blend 12,Sports,S02,Store 02,South,10,1081.33,0.0,False,False,Clear,261,SUP-03,13,0,604.07,False,10813.3,4772.5999999999985
2025-11-26,P012,Signature blend 12,Sports,S02,Store 02,South,18,1081.33,0.0,False,False,Clear,243,SUP-03,13,0,604.07,False,19463.94,8590.679999999998
2025-11-27,P012,Signature blend 12,Sports,S02,Store 02,South,20,865.06,0.2,True,False,Clear,223,SUP-03,13,1,604.07,False,17301.199999999997,5219.799999999997
2025-11-28,P012,Signature blend 12,Sports,S02,Store 02,South,20,1081.33,0.0,False,False,Clear,203,SUP-03,13,0,604.07,False,21626.6,9545.199999999997
2025-11-29,P012,Signature blend 12,Sports,S02,Store 02,South,15,1081.33,0.0,False,False,Clear,188,SUP-03,13,0,604.07,False,16219.949999999999,7158.899999999998
2025-11-30,P012,Signature blend 12,Sports,S02,Store 02,South,11,1081.33,0.0,False,False,Clear,177,SUP-03,13,1,604.07,False,11894.63,5249.859999999999
2025-12-01,P012,Signature blend 12,Sports,S02,Store 02,South,7,1081.33,0.0,False,False,Clear,170,SUP-03,13,0,604.07,False,7569.3099999999995,3340.8199999999993
2025-12-02,P012,Signature blend 12,Sports,S02,Store 02,South,16,1081.33,0.0,False,False,Clear,154,SUP-03,13,2,604.07,False,17301.28,7636.159999999998
2025-12-03,P012,Signature blend 12,Sports,S02,Store 02,South,13,1081.33,0.0,False,False,Clear,344,SUP-03,13,0,604.07,False,14057.289999999999,6204.379999999998
2025-12-04,P012,Signature blend 12,Sports,S02,Store 02,South,18,1081.33,0.0,False,False,Clear,326,SUP-03,13,0,604.07,False,19463.94,8590.679999999998
2025-12-05,P012,Signature blend 12,Sports,S02,Store 02,South,12,1081.33,0.0,False,False,Clear,314,SUP-03,13,0,604.07,False,12975.96,5727.119999999999
2025-12-06,P012,Signature blend 12,Sports,S02,Store 02,South,12,1081.33,0.0,False,False,Clear,302,SUP-03,13,0,604.07,False,12975.96,5727.119999999999
2025-12-07,P012,Signature blend 12,Sports,S02,Store 02,South,14,1081.33,0.0,False,False,Rain,288,SUP-03,13,0,604.07,False,15138.619999999999,6681.6399999999985
2025-12-08,P012,Signature blend 12,Sports,S02,Store 02,South,12,1081.33,0.0,False,False,Clear,276,SUP-03,13,1,604.07,False,12975.96,5727.119999999999
2025-12-09,P012,Signature blend 12,Sports,S02,Store 02,South,14,1081.33,0.0,False,False,Clear,262,SUP-03,13,0,604.07,False,15138.619999999999,6681.6399999999985
2025-12-10,P012,Signature blend 12,Sports,S02,Store 02,South,10,1081.33,0.0,False,False,Rain,252,SUP-03,13,0,604.07,False,10813.3,4772.5999999999985
2025-12-11,P012,Signature blend 12,Sports,S02,Store 02,South,5,1081.33,0.0,False,False,Clear,247,SUP-03,13,0,604.07,False,5406.65,2386.2999999999993
2025-12-12,P012,Signature blend 12,Sports,S02,Store 02,South,7,1081.33,0.0,False,False,Clear,240,SUP-03,13,0,604.07,False,7569.3099999999995,3340.8199999999993
2025-12-13,P012,Signature blend 12,Sports,S02,Store 02,South,14,1081.33,0.0,False,False,Clear,226,SUP-03,13,0,604.07,False,15138.619999999999,6681.6399999999985
2025-12-14,P012,Signature blend 12,Sports,S02,Store 02,South,10,1081.33,0.0,False,False,Clear,216,SUP-03,13,0,604.07,False,10813.3,4772.5999999999985
2025-12-15,P012,Signature blend 12,Sports,S02,Store 02,South,9,1081.33,0.0,False,False,Clear,207,SUP-03,13,0,604.07,False,9731.97,4295.339999999999
2025-12-16,P012,Signature blend 12,Sports,S02,Store 02,South,12,865.06,0.2,True,False,Clear,391,SUP-03,13,0,604.07,False,10380.72,3131.8799999999987
2025-12-17,P012,Signature blend 12,Sports,S02,Store 02,South,18,1081.33,0.0,False,False,Clear,373,SUP-03,13,2,604.07,False,19463.94,8590.679999999998
2025-12-18,P012,Signature blend 12,Sports,S02,Store 02,South,18,1027.26,0.05,True,False,Clear,355,SUP-03,13,1,604.07,False,18490.68,7617.419999999999
2025-12-19,P012,Signature blend 12,Sports,S02,Store 02,South,11,1081.33,0.0,False,False,Clear,344,SUP-03,13,0,604.07,False,11894.63,5249.859999999999
2025-12-20,P012,Signature blend 12,Sports,S02,Store 02,South,12,1081.33,0.0,False,False,Rain,332,SUP-03,13,1,604.07,False,12975.96,5727.119999999999
2025-12-21,P012,Signature blend 12,Sports,S02,Store 02,South,13,1081.33,0.0,False,False,Clear,319,SUP-03,13,0,604.07,False,14057.289999999999,6204.379999999998
2025-12-22,P012,Signature blend 12,Sports,S02,Store 02,South,16,1081.33,0.0,False,False,Rain,303,SUP-03,13,1,604.07,False,17301.28,7636.159999999998
2025-12-23,P012,Signature blend 12,Sports,S02,Store 02,South,18,1081.33,0.0,False,False,Clear,285,SUP-03,13,0,604.07,False,19463.94,8590.679999999998
2025-12-24,P012,Signature blend 12,Sports,S02,Store 02,South,16,1081.33,0.0,False,False,Clear,269,SUP-03,13,0,604.07,False,17301.28,7636.159999999998
2025-12-25,P012,Signature blend 12,Sports,S02,Store 02,South,18,1081.33,0.0,False,True,Rain,251,SUP-03,13,0,604.07,False,19463.94,8590.679999999998
2025-12-26,P012,Signature blend 12,Sports,S02,Store 02,South,19,1027.26,0.05,True,False,Clear,232,SUP-03,13,0,604.07,False,19517.94,8040.609999999999
2025-12-27,P012,Signature blend 12,Sports,S02,Store 02,South,14,1081.33,0.0,False,False,Clear,218,SUP-03,13,0,604.07,False,15138.619999999999,6681.6399999999985
2025-12-28,P012,Signature blend 12,Sports,S02,Store 02,South,25,1027.26,0.05,True,False,Clear,193,SUP-03,13,0,604.07,False,25681.5,10579.749999999998
2025-12-29,P012,Signature blend 12,Sports,S02,Store 02,South,11,1081.33,0.0,False,False,Clear,374,SUP-03,13,0,604.07,False,11894.63,5249.859999999999
2025-12-30,P012,Signature blend 12,Sports,S02,Store 02,South,19,1081.33,0.0,False,False,Clear,355,SUP-03,13,0,604.07,False,20545.269999999997,9067.939999999997
2025-12-31,P012,Signature blend 12,Sports,S02,Store 02,South,18,1081.33,0.0,False,False,Clear,337,SUP-03,13,0,604.07,False,19463.94,8590.679999999998
2025-09-03,P012,Signature blend 12,Sports,S03,Store 03,East,15,1081.33,0.0,False,False,Rain,79,SUP-03,10,0,604.07,False,16219.949999999999,7158.899999999998
2025-09-04,P012,Signature blend 12,Sports,S03,Store 03,East,18,1081.33,0.0,False,False,Clear,61,SUP-03,10,0,604.07,False,19463.94,8590.679999999998
2025-09-05,P012,Signature blend 12,Sports,S03,Store 03,East,15,1081.33,0.0,False,False,Rain,46,SUP-03,10,0,604.07,False,16219.949999999999,7158.899999999998
2025-09-06,P012,Signature blend 12,Sports,S03,Store 03,East,12,1081.33,0.0,False,False,Clear,34,SUP-03,10,0,604.07,False,12975.96,5727.119999999999
2025-09-07,P012,Signature blend 12,Sports,S03,Store 03,East,19,1081.33,0.0,False,False,Clear,15,SUP-03,10,1,604.07,False,20545.269999999997,9067.939999999997
2025-09-08,P012,Signature blend 12,Sports,S03,Store 03,East,15,1081.33,0.0,False,False,Clear,0,SUP-03,10,0,604.07,True,16219.949999999999,7158.899999999998
2025-09-09,P012,Signature blend 12,Sports,S03,Store 03,East,0,1081.33,0.0,False,False,Clear,0,SUP-03,10,0,604.07,True,0.0,0.0
2025-09-10,P012,Signature blend 12,Sports,S03,Store 03,East,0,1081.33,0.0,False,False,Clear,0,SUP-03,10,0,604.07,True,0.0,0.0
2025-09-11,P012,Signature blend 12,Sports,S03,Store 03,East,0,1081.33,0.0,False,False,Clear,0,SUP-03,10,0,604.07,True,0.0,0.0
2025-09-12,P012,Signature blend 12,Sports,S03,Store 03,East,0,1081.33,0.0,False,False,Clear,0,SUP-03,10,0,604.07,True,0.0,0.0
2025-09-13,P012,Signature blend 12,Sports,S03,Store 03,East,12,1081.33,0.0,False,False,Rain,137,SUP-03,10,0,604.07,False,12975.96,5727.119999999999
2025-09-14,P012,Signature blend 12,Sports,S03,Store 03,East,23,1081.33,0.0,False,False,Clear,114,SUP-03,10,1,604.07,False,24870.589999999997,10976.979999999998
2025-09-15,P012,Signature blend 12,Sports,S03,Store 03,East,19,973.2,0.1,True,False,Rain,95,SUP-03,10,1,604.07,False,18490.8,7013.47
2025-09-16,P012,Signature blend 12,Sports,S03,Store 03,East,17,1081.33,0.0,False,False,Rain,78,SUP-03,10,0,604.07,False,18382.61,8113.419999999998
2025-09-17,P012,Signature blend 12,Sports,S03,Store 03,East,24,1027.26,0.05,True,False,Rain,54,SUP-03,10,1,604.07,False,24654.239999999998,10156.559999999998
2025-09-18,P012,Signature blend 12,Sports,S03,Store 03,East,12,1081.33,0.0,False,False,Rain,42,SUP-03,10,0,604.07,False,12975.96,5727.119999999999
2025-09-19,P012,Signature blend 12,Sports,S03,Store 03,East,11,1081.33,0.0,False,False,Clear,31,SUP-03,10,0,604.07,False,11894.63,5249.859999999999
2025-09-20,P012,Signature blend 12,Sports,S03,Store 03,East,16,1081.33,0.0,False,False,Rain,15,SUP-03,10,1,604.07,False,17301.28,7636.159999999998
2025-09-21,P012,Signature blend 12,Sports,S03,Store 03,East,15,1081.33,0.0,False,False,Clear,0,SUP-03,10,1,604.07,True,16219.949999999999,7158.899999999998
2025-09-22,P012,Signature blend 12,Sports,S03,Store 03,East,0,1081.33,0.0,False,False,Clear,0,SUP-03,10,0,604.07,True,0.0,0.0
2025-09-23,P012,Signature blend 12,Sports,S03,Store 03,East,21,1081.33,0.0,False,False,Clear,109,SUP-03,10,0,604.07,False,22707.93,10022.459999999997
2025-09-24,P012,Signature blend 12,Sports,S03,Store 03,East,17,1081.33,0.0,False,False,Clear,92,SUP-03,10,0,604.07,False,18382.61,8113.419999999998
2025-09-25,P012,Signature blend 12,Sports,S03,Store 03,East,23,865.06,0.2,True,False,Rain,69,SUP-03,10,1,604.07,False,19896.379999999997,6002.769999999998
2025-09-26,P012,Signature blend 12,Sports,S03,Store 03,East,24,973.2,0.1,True,False,Clear,45,SUP-03,10,1,604.07,False,23356.800000000003,8859.119999999999
2025-09-27,P012,Signature blend 12,Sports,S03,Store 03,East,23,1081.33,0.0,False,False,Clear,22,SUP-03,10,1,604.07,False,24870.589999999997,10976.979999999998
2025-09-28,P012,Signature blend 12,Sports,S03,Store 03,East,20,1081.33,0.0,False,False,Clear,2,SUP-03,10,0,604.07,False,21626.6,9545.199999999997
2025-09-29,P012,Signature blend 12,Sports,S03,Store 03,East,2,1081.33,0.0,False,False,Clear,0,SUP-03,10,0,604.07,True,2162.66,954.5199999999998
2025-09-30,P012,Signature blend 12,Sports,S03,Store 03,East,0,1081.33,0.0,False,False,Clear,0,SUP-03,10,0,604.07,True,0.0,0.0
2025-10-01,P012,Signature blend 12,Sports,S03,Store 03,East,0,1081.33,0.0,False,False,Rain,0,SUP-03,10,0,604.07,True,0.0,0.0
2025-10-02,P012,Signature blend 12,Sports,S03,Store 03,East,0,1081.33,0.0,False,True,Clear,0,SUP-03,10,0,604.07,True,0.0,0.0
2025-10-03,P012,Signature blend 12,Sports,S03,Store 03,East,10,1081.33,0.0,False,False,Clear,121,SUP-03,10,0,604.07,False,10813.3,4772.5999999999985
2025-10-04,P012,Signature blend 12,Sports,S03,Store 03,East,24,1081.33,0.0,False,False,Clear,97,SUP-03,10,0,604.07,False,25951.92,11454.239999999998
2025-10-05,P012,Signature blend 12,Sports,S03,Store 03,East,18,1081.33,0.0,False,False,Clear,79,SUP-03,10,1,604.07,False,19463.94,8590.679999999998
2025-10-06,P012,Signature blend 12,Sports,S03,Store 03,East,11,1081.33,0.0,False,False,Clear,68,SUP-03,10,0,604.07,False,11894.63,5249.859999999999
2025-10-07,P012,Signature blend 12,Sports,S03,Store 03,East,16,973.2,0.1,True,False,Clear,52,SUP-03,10,0,604.07,False,15571.2,5906.08
2025-10-08,P012,Signature blend 12,Sports,S03,Store 03,East,13,1081.33,0.0,False,False,Clear,39,SUP-03,10,0,604.07,False,14057.289999999999,6204.379999999998
2025-10-09,P012,Signature blend 12,Sports,S03,Store 03,East,11,1081.33,0.0,False,False,Clear,28,SUP-03,10,0,604.07,False,11894.63,5249.859999999999
2025-10-10,P012,Signature blend 12,Sports,S03,Store 03,East,16,1081.33,0.0,False,False,Clear,12,SUP-03,10,0,604.07,False,17301.28,7636.159999999998
2025-10-11,P012,Signature blend 12,Sports,S03,Store 03,East,10,1081.33,0.0,False,False,Clear,2,SUP-03,10,0,604.07,False,10813.3,4772.5999999999985
2025-10-12,P012,Signature blend 12,Sports,S03,Store 03,East,2,1081.33,0.0,False,False,Clear,0,SUP-03,10,0,604.07,True,2162.66,954.5199999999998
2025-10-13,P012,Signature blend 12,Sports,S03,Store 03,East,9,1081.33,0.0,False,False,Clear,137,SUP-03,10,0,604.07,False,9731.97,4295.339999999999
2025-10-14,P012,Signature blend 12,Sports,S03,Store 03,East,11,1081.33,0.0,False,False,Clear,126,SUP-03,10,2,604.07,False,11894.63,5249.859999999999
2025-10-15,P012,Signature blend 12,Sports,S03,Store 03,East,10,1081.33,0.0,False,False,Rain,116,SUP-03,10,0,604.07,False,10813.3,4772.5999999999985
2025-10-16,P012,Signature blend 12,Sports,S03,Store 03,East,10,1081.33,0.0,False,False,Clear,106,SUP-03,10,0,604.07,False,10813.3,4772.5999999999985
2025-10-17,P012,Signature blend 12,Sports,S03,Store 03,East,13,1081.33,0.0,False,False,Clear,93,SUP-03,10,0,604.07,False,14057.289999999999,6204.379999999998
2025-10-18,P012,Signature blend 12,Sports,S03,Store 03,East,13,1081.33,0.0,False,False,Clear,80,SUP-03,10,0,604.07,False,14057.289999999999,6204.379999999998
2025-10-19,P012,Signature blend 12,Sports,S03,Store 03,East,20,1081.33,0.0,False,False,Clear,60,SUP-03,10,0,604.07,False,21626.6,9545.199999999997
2025-10-20,P012,Signature blend 12,Sports,S03,Store 03,East,10,1081.33,0.0,False,False,Rain,50,SUP-03,10,1,604.07,False,10813.3,4772.5999999999985
2025-10-21,P012,Signature blend 12,Sports,S03,Store 03,East,13,1081.33,0.0,False,False,Clear,37,SUP-03,10,0,604.07,False,14057.289999999999,6204.379999999998
2025-10-22,P012,Signature blend 12,Sports,S03,Store 03,East,17,1081.33,0.0,False,False,Clear,20,SUP-03,10,0,604.07,False,18382.61,8113.419999999998
2025-10-23,P012,Signature blend 12,Sports,S03,Store 03,East,17,1081.33,0.0,False,False,Clear,147,SUP-03,10,0,604.07,False,18382.61,8113.419999999998
2025-10-24,P012,Signature blend 12,Sports,S03,Store 03,East,16,1081.33,0.0,False,False,Clear,131,SUP-03,10,0,604.07,False,17301.28,7636.159999999998
2025-10-25,P012,Signature blend 12,Sports,S03,Store 03,East,20,1081.33,0.0,False,False,Rain,111,SUP-03,10,0,604.07,False,21626.6,9545.199999999997
2025-10-26,P012,Signature blend 12,Sports,S03,Store 03,East,19,1081.33,0.0,False,False,Clear,92,SUP-03,10,0,604.07,False,20545.269999999997,9067.939999999997
2025-10-27,P012,Signature blend 12,Sports,S03,Store 03,East,22,1081.33,0.0,False,False,Clear,70,SUP-03,10,0,604.07,False,23789.26,10499.719999999998
2025-10-28,P012,Signature blend 12,Sports,S03,Store 03,East,31,1081.33,0.0,False,False,Clear,39,SUP-03,10,1,604.07,False,33521.229999999996,14795.059999999996
2025-10-29,P012,Signature blend 12,Sports,S03,Store 03,East,22,1081.33,0.0,False,False,Clear,17,SUP-03,10,0,604.07,False,23789.26,10499.719999999998
2025-10-30,P012,Signature blend 12,Sports,S03,Store 03,East,17,1081.33,0.0,False,False,Clear,0,SUP-03,10,1,604.07,True,18382.61,8113.419999999998
2025-10-31,P012,Signature blend 12,Sports,S03,Store 03,East,0,919.13,0.15,True,False,Clear,0,SUP-03,10,0,604.07,True,0.0,0.0
2025-11-01,P012,Signature blend 12,Sports,S03,Store 03,East,0,1081.33,0.0,False,False,Clear,0,SUP-03,10,0,604.07,True,0.0,0.0
2025-11-02,P012,Signature blend 12,Sports,S03,Store 03,East,21,1081.33,0.0,False,False,Clear,114,SUP-03,10,0,604.07,False,22707.93,10022.459999999997
2025-11-03,P012,Signature blend 12,Sports,S03,Store 03,East,12,1081.33,0.0,False,False,Clear,102,SUP-03,10,0,604.07,False,12975.96,5727.119999999999
2025-11-04,P012,Signature blend 12,Sports,S03,Store 03,East,15,1081.33,0.0,False,False,Clear,87,SUP-03,10,1,604.07,False,16219.949999999999,7158.899999999998
2025-11-05,P012,Signature blend 12,Sports,S03,Store 03,East,12,1081.33,0.0,False,False,Clear,75,SUP-03,10,0,604.07,False,12975.96,5727.119999999999
2025-11-06,P012,Signature blend 12,Sports,S03,Store 03,East,12,1081.33,0.0,False,False,Clear,63,SUP-03,10,0,604.07,False,12975.96,5727.119999999999
2025-11-07,P012,Signature blend 12,Sports,S03,Store 03,East,10,1081.33,0.0,False,False,Clear,53,SUP-03,10,0,604.07,False,10813.3,4772.5999999999985
2025-11-08,P012,Signature blend 12,Sports,S03,Store 03,East,8,1081.33,0.0,False,False,Clear,45,SUP-03,10,0,604.07,False,8650.64,3818.079999999999
2025-11-09,P012,Signature blend 12,Sports,S03,Store 03,East,14,1081.33,0.0,False,False,Clear,31,SUP-03,10,0,604.07,False,15138.619999999999,6681.6399999999985
2025-11-10,P012,Signature blend 12,Sports,S03,Store 03,East,11,1081.33,0.0,False,False,Clear,20,SUP-03,10,0,604.07,False,11894.63,5249.859999999999
2025-11-11,P012,Signature blend 12,Sports,S03,Store 03,East,13,1081.33,0.0,False,False,Clear,7,SUP-03,10,0,604.07,False,14057.289999999999,6204.379999999998
2025-11-12,P012,Signature blend 12,Sports,S03,Store 03,East,20,1081.33,0.0,False,False,Clear,122,SUP-03,10,0,604.07,False,21626.6,9545.199999999997
2025-11-13,P012,Signature blend 12,Sports,S03,Store 03,East,7,1081.33,0.0,False,False,Rain,115,SUP-03,10,0,604.07,False,7569.3099999999995,3340.8199999999993
2025-11-14,P012,Signature blend 12,Sports,S03,Store 03,East,18,1081.33,0.0,False,False,Clear,97,SUP-03,10,0,604.07,False,19463.94,8590.679999999998
2025-11-15,P012,Signature blend 12,Sports,S03,Store 03,East,18,1081.33,0.0,False,False,Clear,79,SUP-03,10,0,604.07,False,19463.94,8590.679999999998
2025-11-16,P012,Signature blend 12,Sports,S03,Store 03,East,19,1081.33,0.0,False,False,Clear,60,SUP-03,10,0,604.07,False,20545.269999999997,9067.939999999997
2025-11-17,P012,Signature blend 12,Sports,S03,Store 03,East,15,1081.33,0.0,False,False,Rain,45,SUP-03,10,0,604.07,False,16219.949999999999,7158.899999999998
2025-11-18,P012,Signature blend 12,Sports,S03,Store 03,East,12,1081.33,0.0,False,False,Clear,33,SUP-03,10,0,604.07,False,12975.96,5727.119999999999
2025-11-19,P012,Signature blend 12,Sports,S03,Store 03,East,17,1081.33,0.0,False,False,Clear,16,SUP-03,10,2,604.07,False,18382.61,8113.419999999998
2025-11-20,P012,Signature blend 12,Sports,S03,Store 03,East,15,1081.33,0.0,False,False,Clear,1,SUP-03,10,0,604.07,False,16219.949999999999,7158.899999999998
2025-11-21,P012,Signature blend 12,Sports,S03,Store 03,East,1,1081.33,0.0,False,False,Rain,0,SUP-03,10,0,604.07,True,1081.33,477.2599999999999
2025-11-22,P012,Signature blend 12,Sports,S03,Store 03,East,29,1081.33,0.0,False,False,Rain,96,SUP-03,10,1,604.07,False,31358.57,13840.539999999997
2025-11-23,P012,Signature blend 12,Sports,S03,Store 03,East,17,1081.33,0.0,False,False,Clear,79,SUP-03,10,0,604.07,False,18382.61,8113.419999999998
2025-11-24,P012,Signature blend 12,Sports,S03,Store 03,East,15,1081.33,0.0,False,False,Clear,64,SUP-03,10,0,604.07,False,16219.949999999999,7158.899999999998
2025-11-25,P012,Signature blend 12,Sports,S03,Store 03,East,20,1081.33,0.0,False,False,Clear,44,SUP-03,10,1,604.07,False,21626.6,9545.199999999997
2025-11-26,P012,Signature blend 12,Sports,S03,Store 03,East,15,1081.33,0.0,False,False,Clear,29,SUP-03,10,0,604.07,False,16219.949999999999,7158.899999999998
2025-11-27,P012,Signature blend 12,Sports,S03,Store 03,East,13,1081.33,0.0,False,False,Clear,16,SUP-03,10,0,604.07,False,14057.289999999999,6204.379999999998
2025-11-28,P012,Signature blend 12,Sports,S03,Store 03,East,14,1081.33,0.0,False,False,Clear,2,SUP-03,10,0,604.07,False,15138.619999999999,6681.6399999999985
2025-11-29,P012,Signature blend 12,Sports,S03,Store 03,East,2,1081.33,0.0,False,False,Rain,0,SUP-03,10,0,604.07,True,2162.66,954.5199999999998
2025-11-30,P012,Signature blend 12,Sports,S03,Store 03,East,0,1081.33,0.0,False,False,Clear,0,SUP-03,10,0,604.07,True,0.0,0.0
2025-12-01,P012,Signature blend 12,Sports,S03,Store 03,East,0,1081.33,0.0,False,False,Rain,0,SUP-03,10,0,604.07,True,0.0,0.0
2025-12-02,P012,Signature blend 12,Sports,S03,Store 03,East,16,1081.33,0.0,False,False,Clear,108,SUP-03,10,1,604.07,False,17301.28,7636.159999999998
2025-12-03,P012,Signature blend 12,Sports,S03,Store 03,East,14,1081.33,0.0,False,False,Clear,94,SUP-03,10,1,604.07,False,15138.619999999999,6681.6399999999985
2025-12-04,P012,Signature blend 12,Sports,S03,Store 03,East,17,1081.33,0.0,False,False,Clear,77,SUP-03,10,1,604.07,False,18382.61,8113.419999999998
2025-12-05,P012,Signature blend 12,Sports,S03,Store 03,East,17,1081.33,0.0,False,False,Clear,60,SUP-03,10,0,604.07,False,18382.61,8113.419999999998
2025-12-06,P012,Signature blend 12,Sports,S03,Store 03,East,13,1081.33,0.0,False,False,Clear,47,SUP-03,10,0,604.07,False,14057.289999999999,6204.379999999998
2025-12-07,P012,Signature blend 12,Sports,S03,Store 03,East,19,1027.26,0.05,True,False,Rain,28,SUP-03,10,1,604.07,False,19517.94,8040.609999999999
2025-12-08,P012,Signature blend 12,Sports,S03,Store 03,East,16,1081.33,0.0,False,False,Clear,12,SUP-03,10,0,604.07,False,17301.28,7636.159999999998
2025-12-09,P012,Signature blend 12,Sports,S03,Store 03,East,5,1081.33,0.0,False,False,Clear,7,SUP-03,10,0,604.07,False,5406.65,2386.2999999999993
2025-12-10,P012,Signature blend 12,Sports,S03,Store 03,East,7,1081.33,0.0,False,False,Clear,0,SUP-03,10,0,604.07,True,7569.3099999999995,3340.8199999999993
2025-12-11,P012,Signature blend 12,Sports,S03,Store 03,East,0,919.13,0.15,True,False,Clear,0,SUP-03,10,0,604.07,True,0.0,0.0
2025-12-12,P012,Signature blend 12,Sports,S03,Store 03,East,11,1081.33,0.0,False,False,Clear,115,SUP-03,10,0,604.07,False,11894.63,5249.859999999999
2025-12-13,P012,Signature blend 12,Sports,S03,Store 03,East,24,865.06,0.2,True,False,Clear,91,SUP-03,10,0,604.07,False,20761.44,6263.7599999999975
2025-12-14,P012,Signature blend 12,Sports,S03,Store 03,East,11,1081.33,0.0,False,False,Clear,80,SUP-03,10,0,604.07,False,11894.63,5249.859999999999
2025-12-15,P012,Signature blend 12,Sports,S03,Store 03,East,20,1081.33,0.0,False,False,Clear,60,SUP-03,10,0,604.07,False,21626.6,9545.199999999997
2025-12-16,P012,Signature blend 12,Sports,S03,Store 03,East,12,1081.33,0.0,False,False,Clear,48,SUP-03,10,0,604.07,False,12975.96,5727.119999999999
2025-12-17,P012,Signature blend 12,Sports,S03,Store 03,East,12,1081.33,0.0,False,False,Clear,36,SUP-03,10,1,604.07,False,12975.96,5727.119999999999
2025-12-18,P012,Signature blend 12,Sports,S03,Store 03,East,17,1081.33,0.0,False,False,Clear,19,SUP-03,10,0,604.07,False,18382.61,8113.419999999998
2025-12-19,P012,Signature blend 12,Sports,S03,Store 03,East,15,1081.33,0.0,False,False,Rain,4,SUP-03,10,0,604.07,False,16219.949999999999,7158.899999999998
2025-12-20,P012,Signature blend 12,Sports,S03,Store 03,East,4,1081.33,0.0,False,False,Clear,0,SUP-03,10,1,604.07,True,4325.32,1909.0399999999995
2025-12-21,P012,Signature blend 12,Sports,S03,Store 03,East,0,1081.33,0.0,False,False,Clear,0,SUP-03,10,0,604.07,True,0.0,0.0
2025-12-22,P012,Signature blend 12,Sports,S03,Store 03,East,23,1081.33,0.0,False,False,Clear,121,SUP-03,10,0,604.07,False,24870.589999999997,10976.979999999998
2025-12-23,P012,Signature blend 12,Sports,S03,Store 03,East,24,1081.33,0.0,False,False,Clear,97,SUP-03,10,0,604.07,False,25951.92,11454.239999999998
2025-12-24,P012,Signature blend 12,Sports,S03,Store 03,East,19,1081.33,0.0,False,False,Clear,78,SUP-03,10,0,604.07,False,20545.269999999997,9067.939999999997
2025-12-25,P012,Signature blend 12,Sports,S03,Store 03,East,20,1081.33,0.0,False,True,Clear,58,SUP-03,10,0,604.07,False,21626.6,9545.199999999997
2025-12-26,P012,Signature blend 12,Sports,S03,Store 03,East,15,1081.33,0.0,False,False,Clear,43,SUP-03,10,0,604.07,False,16219.949999999999,7158.899999999998
2025-12-27,P012,Signature blend 12,Sports,S03,Store 03,East,24,1081.33,0.0,False,False,Clear,19,SUP-03,10,0,604.07,False,25951.92,11454.239999999998
2025-12-28,P012,Signature blend 12,Sports,S03,Store 03,East,19,1081.33,0.0,False,False,Clear,0,SUP-03,10,0,604.07,True,20545.269999999997,9067.939999999997
2025-12-29,P012,Signature blend 12,Sports,S03,Store 03,East,0,1081.33,0.0,False,False,Clear,0,SUP-03,10,0,604.07,True,0.0,0.0
2025-12-30,P012,Signature blend 12,Sports,S03,Store 03,East,0,1081.33,0.0,False,False,Rain,0,SUP-03,10,0,604.07,True,0.0,0.0
2025-12-31,P012,Signature blend 12,Sports,S03,Store 03,East,0,1081.33,0.0,False,False,Clear,0,SUP-03,10,0,604.07,True,0.0,0.0
2025-09-03,P012,Signature blend 12,Sports,S04,Store 04,West,6,1081.33,0.0,False,False,Clear,159,SUP-03,13,0,604.07,False,6487.98,2863.5599999999995
2025-09-04,P012,Signature blend 12,Sports,S04,Store 04,West,15,1081.33,0.0,False,False,Clear,144,SUP-03,13,0,604.07,False,16219.949999999999,7158.899999999998
2025-09-05,P012,Signature blend 12,Sports,S04,Store 04,West,12,1081.33,0.0,False,False,Rain,132,SUP-03,13,0,604.07,False,12975.96,5727.119999999999
2025-09-06,P012,Signature blend 12,Sports,S04,Store 04,West,8,1081.33,0.0,False,False,Clear,124,SUP-03,13,0,604.07,False,8650.64,3818.079999999999
2025-09-07,P012,Signature blend 12,Sports,S04,Store 04,West,10,1081.33,0.0,False,False,Rain,114,SUP-03,13,1,604.07,False,10813.3,4772.5999999999985
2025-09-08,P012,Signature blend 12,Sports,S04,Store 04,West,6,1081.33,0.0,False,False,Clear,108,SUP-03,13,1,604.07,False,6487.98,2863.5599999999995
2025-09-09,P012,Signature blend 12,Sports,S04,Store 04,West,6,1081.33,0.0,False,False,Clear,102,SUP-03,13,0,604.07,False,6487.98,2863.5599999999995
2025-09-10,P012,Signature blend 12,Sports,S04,Store 04,West,8,1081.33,0.0,False,False,Clear,94,SUP-03,13,0,604.07,False,8650.64,3818.079999999999
2025-09-11,P012,Signature blend 12,Sports,S04,Store 04,West,12,919.13,0.15,True,False,Clear,82,SUP-03,13,0,604.07,False,11029.56,3780.7199999999993
2025-09-12,P012,Signature blend 12,Sports,S04,Store 04,West,4,1027.26,0.05,True,False,Clear,78,SUP-03,13,0,604.07,False,4109.04,1692.7599999999998
2025-09-13,P012,Signature blend 12,Sports,S04,Store 04,West,12,973.2,0.1,True,False,Clear,66,SUP-03,13,0,604.07,False,11678.400000000001,4429.5599999999995
2025-09-14,P012,Signature blend 12,Sports,S04,Store 04,West,12,1081.33,0.0,False,False,Clear,54,SUP-03,13,1,604.07,False,12975.96,5727.119999999999
2025-09-15,P012,Signature blend 12,Sports,S04,Store 04,West,7,1081.33,0.0,False,False,Clear,47,SUP-03,13,0,604.07,False,7569.3099999999995,3340.8199999999993
2025-09-16,P012,Signature blend 12,Sports,S04,Store 04,West,9,1081.33,0.0,False,False,Clear,149,SUP-03,13,0,604.07,False,9731.97,4295.339999999999
2025-09-17,P012,Signature blend 12,Sports,S04,Store 04,West,5,1081.33,0.0,False,False,Clear,144,SUP-03,13,0,604.07,False,5406.65,2386.2999999999993
2025-09-18,P012,Signature blend 12,Sports,S04,Store 04,West,8,1081.33,0.0,False,False,Clear,136,SUP-03,13,1,604.07,False,8650.64,3818.079999999999
2025-09-19,P012,Signature blend 12,Sports,S04,Store 04,West,6,1081.33,0.0,False,False,Clear,130,SUP-03,13,0,604.07,False,6487.98,2863.5599999999995
2025-09-20,P012,Signature blend 12,Sports,S04,Store 04,West,11,973.2,0.1,True,False,Clear,119,SUP-03,13,1,604.07,False,10705.2,4060.43
2025-09-21,P012,Signature blend 12,Sports,S04,Store 04,West,11,1081.33,0.0,False,False,Clear,108,SUP-03,13,0,604.07,False,11894.63,5249.859999999999
2025-09-22,P012,Signature blend 12,Sports,S04,Store 04,West,7,1081.33,0.0,False,False,Rain,101,SUP-03,13,0,604.07,False,7569.3099999999995,3340.8199999999993
2025-09-23,P012,Signature blend 12,Sports,S04,Store 04,West,9,1081.33,0.0,False,False,Clear,92,SUP-03,13,1,604.07,False,9731.97,4295.339999999999
2025-09-24,P012,Signature blend 12,Sports,S04,Store 04,West,9,1081.33,0.0,False,False,Clear,83,SUP-03,13,1,604.07,False,9731.97,4295.339999999999
2025-09-25,P012,Signature blend 12,Sports,S04,Store 04,West,7,1081.33,0.0,False,False,Clear,76,SUP-03,13,0,604.07,False,7569.3099999999995,3340.8199999999993
2025-09-26,P012,Signature blend 12,Sports,S04,Store 04,West,9,1081.33,0.0,False,False,Clear,67,SUP-03,13,0,604.07,False,9731.97,4295.339999999999
2025-09-27,P012,Signature blend 12,Sports,S04,Store 04,West,13,865.06,0.2,True,False,Clear,54,SUP-03,13,1,604.07,False,11245.779999999999,3392.8699999999985
2025-09-28,P012,Signature blend 12,Sports,S04,Store 04,West,12,1081.33,0.0,False,False,Clear,42,SUP-03,13,0,604.07,False,12975.96,5727.119999999999
2025-09-29,P012,Signature blend 12,Sports,S04,Store 04,West,11,1081.33,0.0,False,False,Clear,139,SUP-03,13,0,604.07,False,11894.63,5249.859999999999
2025-09-30,P012,Signature blend 12,Sports,S04,Store 04,West,11,1081.33,0.0,False,False,Clear,128,SUP-03,13,0,604.07,False,11894.63,5249.859999999999
2025-10-01,P012,Signature blend 12,Sports,S04,Store 04,West,8,1081.33,0.0,False,False,Clear,120,SUP-03,13,0,604.07,False,8650.64,3818.079999999999
2025-10-02,P012,Signature blend 12,Sports,S04,Store 04,West,12,1081.33,0.0,False,True,Clear,108,SUP-03,13,0,604.07,False,12975.96,5727.119999999999
2025-10-03,P012,Signature blend 12,Sports,S04,Store 04,West,6,1081.33,0.0,False,False,Clear,102,SUP-03,13,0,604.07,False,6487.98,2863.5599999999995
2025-10-04,P012,Signature blend 12,Sports,S04,Store 04,West,12,1081.33,0.0,False,False,Clear,90,SUP-03,13,1,604.07,False,12975.96,5727.119999999999
2025-10-05,P012,Signature blend 12,Sports,S04,Store 04,West,11,1081.33,0.0,False,False,Clear,79,SUP-03,13,0,604.07,False,11894.63,5249.859999999999
2025-10-06,P012,Signature blend 12,Sports,S04,Store 04,West,7,1081.33,0.0,False,False,Clear,72,SUP-03,13,0,604.07,False,7569.3099999999995,3340.8199999999993
2025-10-07,P012,Signature blend 12,Sports,S04,Store 04,West,7,1081.33,0.0,False,False,Clear,65,SUP-03,13,0,604.07,False,7569.3099999999995,3340.8199999999993
2025-10-08,P012,Signature blend 12,Sports,S04,Store 04,West,3,1081.33,0.0,False,False,Rain,62,SUP-03,13,0,604.07,False,3243.99,1431.7799999999997
2025-10-09,P012,Signature blend 12,Sports,S04,Store 04,West,5,1081.33,0.0,False,False,Rain,57,SUP-03,13,0,604.07,False,5406.65,2386.2999999999993
2025-10-10,P012,Signature blend 12,Sports,S04,Store 04,West,3,1081.33,0.0,False,False,Clear,54,SUP-03,13,0,604.07,False,3243.99,1431.7799999999997
2025-10-11,P012,Signature blend 12,Sports,S04,Store 04,West,6,973.2,0.1,True,False,Clear,48,SUP-03,13,0,604.07,False,5839.200000000001,2214.7799999999997
2025-10-12,P012,Signature blend 12,Sports,S04,Store 04,West,13,1081.33,0.0,False,False,Rain,136,SUP-03,13,0,604.07,False,14057.289999999999,6204.379999999998
2025-10-13,P012,Signature blend 12,Sports,S04,Store 04,West,3,1081.33,0.0,False,False,Clear,133,SUP-03,13,0,604.07,False,3243.99,1431.7799999999997
2025-10-14,P012,Signature blend 12,Sports,S04,Store 04,West,4,1081.33,0.0,False,False,Clear,129,SUP-03,13,0,604.07,False,4325.32,1909.0399999999995
2025-10-15,P012,Signature blend 12,Sports,S04,Store 04,West,12,1081.33,0.0,False,False,Clear,117,SUP-03,13,1,604.07,False,12975.96,5727.119999999999
2025-10-16,P012,Signature blend 12,Sports,S04,Store 04,West,10,1081.33,0.0,False,False,Clear,107,SUP-03,13,0,604.07,False,10813.3,4772.5999999999985
2025-10-17,P012,Signature blend 12,Sports,S04,Store 04,West,3,1081.33,0.0,False,False,Clear,104,SUP-03,13,0,604.07,False,3243.99,1431.7799999999997
2025-10-18,P012,Signature blend 12,Sports,S04,Store 04,West,14,1081.33,0.0,False,False,Clear,90,SUP-03,13,0,604.07,False,15138.619999999999,6681.6399999999985
2025-10-19,P012,Signature blend 12,Sports,S04,Store 04,West,3,1081.33,0.0,False,False,Clear,87,SUP-03,13,0,604.07,False,3243.99,1431.7799999999997
2025-10-20,P012,Signature blend 12,Sports,S04,Store 04,West,3,1081.33,0.0,False,False,Clear,84,SUP-03,13,0,604.07,False,3243.99,1431.7799999999997
2025-10-21,P012,Signature blend 12,Sports,S04,Store 04,West,9,1081.33,0.0,False,False,Clear,75,SUP-03,13,0,604.07,False,9731.97,4295.339999999999
2025-10-22,P012,Signature blend 12,Sports,S04,Store 04,West,5,1081.33,0.0,False,False,Clear,70,SUP-03,13,0,604.07,False,5406.65,2386.2999999999993
2025-10-23,P012,Signature blend 12,Sports,S04,Store 04,West,8,1081.33,0.0,False,False,Clear,62,SUP-03,13,0,604.07,False,8650.64,3818.079999999999
2025-10-24,P012,Signature blend 12,Sports,S04,Store 04,West,9,919.13,0.15,True,False,Rain,53,SUP-03,13,0,604.07,False,8272.17,2835.5399999999995
2025-10-25,P012,Signature blend 12,Sports,S04,Store 04,West,12,1081.33,0.0,False,False,Clear,152,SUP-03,13,0,604.07,False,12975.96,5727.119999999999
2025-10-26,P012,Signature blend 12,Sports,S04,Store 04,West,8,1081.33,0.0,False,False,Rain,144,SUP-03,13,0,604.07,False,8650.64,3818.079999999999
2025-10-27,P012,Signature blend 12,Sports,S04,Store 04,West,18,865.06,0.2,True,False,Clear,126,SUP-03,13,1,604.07,False,15571.079999999998,4697.819999999998
2025-10-28,P012,Signature blend 12,Sports,S04,Store 04,West,9,1081.33,0.0,False,False,Clear,117,SUP-03,13,1,604.07,False,9731.97,4295.339999999999
2025-10-29,P012,Signature blend 12,Sports,S04,Store 04,West,14,1081.33,0.0,False,False,Clear,103,SUP-03,13,0,604.07,False,15138.619999999999,6681.6399999999985
2025-10-30,P012,Signature blend 12,Sports,S04,Store 04,West,14,1081.33,0.0,False,False,Clear,89,SUP-03,13,0,604.07,False,15138.619999999999,6681.6399999999985
2025-10-31,P012,Signature blend 12,Sports,S04,Store 04,West,5,1081.33,0.0,False,False,Clear,84,SUP-03,13,1,604.07,False,5406.65,2386.2999999999993
2025-11-01,P012,Signature blend 12,Sports,S04,Store 04,West,9,1081.33,0.0,False,False,Rain,75,SUP-03,13,0,604.07,False,9731.97,4295.339999999999
2025-11-02,P012,Signature blend 12,Sports,S04,Store 04,West,6,1081.33,0.0,False,False,Clear,69,SUP-03,13,0,604.07,False,6487.98,2863.5599999999995
2025-11-03,P012,Signature blend 12,Sports,S04,Store 04,West,9,1081.33,0.0,False,False,Rain,60,SUP-03,13,0,604.07,False,9731.97,4295.339999999999
2025-11-04,P012,Signature blend 12,Sports,S04,Store 04,West,6,1081.33,0.0,False,False,Clear,54,SUP-03,13,0,604.07,False,6487.98,2863.5599999999995
2025-11-05,P012,Signature blend 12,Sports,S04,Store 04,West,8,1081.33,0.0,False,False,Clear,46,SUP-03,13,0,604.07,False,8650.64,3818.079999999999
2025-11-06,P012,Signature blend 12,Sports,S04,Store 04,West,5,1081.33,0.0,False,False,Clear,41,SUP-03,13,0,604.07,False,5406.65,2386.2999999999993
2025-11-07,P012,Signature blend 12,Sports,S04,Store 04,West,8,1081.33,0.0,False,False,Clear,145,SUP-03,13,0,604.07,False,8650.64,3818.079999999999
2025-11-08,P012,Signature blend 12,Sports,S04,Store 04,West,13,1081.33,0.0,False,False,Clear,132,SUP-03,13,0,604.07,False,14057.289999999999,6204.379999999998
2025-11-09,P012,Signature blend 12,Sports,S04,Store 04,West,5,1081.33,0.0,False,False,Rain,127,SUP-03,13,0,604.07,False,5406.65,2386.2999999999993
2025-11-10,P012,Signature blend 12,Sports,S04,Store 04,West,14,865.06,0.2,True,False,Clear,113,SUP-03,13,0,604.07,False,12110.84,3653.8599999999988
2025-11-11,P012,Signature blend 12,Sports,S04,Store 04,West,11,1081.33,0.0,False,False,Rain,102,SUP-03,13,0,604.07,False,11894.63,5249.859999999999
2025-11-12,P012,Signature blend 12,Sports,S04,Store 04,West,8,1081.33,0.0,False,False,Clear,94,SUP-03,13,0,604.07,False,8650.64,3818.079999999999
2025-11-13,P012,Signature blend 12,Sports,S04,Store 04,West,6,1081.33,0.0,False,False,Clear,88,SUP-03,13,0,604.07,False,6487.98,2863.5599999999995
2025-11-14,P012,Signature blend 12,Sports,S04,Store 04,West,5,1081.33,0.0,False,False,Clear,83,SUP-03,13,0,604.07,False,5406.65,2386.2999999999993
2025-11-15,P012,Signature blend 12,Sports,S04,Store 04,West,14,1081.33,0.0,False,False,Clear,69,SUP-03,13,0,604.07,False,15138.619999999999,6681.6399999999985
2025-11-16,P012,Signature blend 12,Sports,S04,Store 04,West,6,1081.33,0.0,False,False,Rain,63,SUP-03,13,0,604.07,False,6487.98,2863.5599999999995
2025-11-17,P012,Signature blend 12,Sports,S04,Store 04,West,9,919.13,0.15,True,False,Clear,54,SUP-03,13,0,604.07,False,8272.17,2835.5399999999995
2025-11-18,P012,Signature blend 12,Sports,S04,Store 04,West,9,1081.33,0.0,False,False,Clear,45,SUP-03,13,0,604.07,False,9731.97,4295.339999999999
2025-11-19,P012,Signature blend 12,Sports,S04,Store 04,West,5,1081.33,0.0,False,False,Clear,40,SUP-03,13,0,604.07,False,5406.65,2386.2999999999993
2025-11-20,P012,Signature blend 12,Sports,S04,Store 04,West,11,1081.33,0.0,False,False,Clear,135,SUP-03,13,0,604.07,False,11894.63,5249.859999999999
2025-11-21,P012,Signature blend 12,Sports,S04,Store 04,West,13,919.13,0.15,True,False,Clear,122,SUP-03,13,0,604.07,False,11948.69,4095.7799999999993
2025-11-22,P012,Signature blend 12,Sports,S04,Store 04,West,14,1081.33,0.0,False,False,Rain,108,SUP-03,13,0,604.07,False,15138.619999999999,6681.6399999999985
2025-11-23,P012,Signature blend 12,Sports,S04,Store 04,West,9,1081.33,0.0,False,False,Clear,99,SUP-03,13,1,604.07,False,9731.97,4295.339999999999
2025-11-24,P012,Signature blend 12,Sports,S04,Store 04,West,9,1081.33,0.0,False,False,Clear,90,SUP-03,13,0,604.07,False,9731.97,4295.339999999999
2025-11-25,P012,Signature blend 12,Sports,S04,Store 04,West,4,1081.33,0.0,False,False,Clear,86,SUP-03,13,0,604.07,False,4325.32,1909.0399999999995
2025-11-26,P012,Signature blend 12,Sports,S04,Store 04,West,13,1081.33,0.0,False,False,Clear,73,SUP-03,13,0,604.07,False,14057.289999999999,6204.379999999998
2025-11-27,P012,Signature blend 12,Sports,S04,Store 04,West,14,1081.33,0.0,False,False,Clear,59,SUP-03,13,0,604.07,False,15138.619999999999,6681.6399999999985
2025-11-28,P012,Signature blend 12,Sports,S04,Store 04,West,7,1081.33,0.0,False,False,Clear,52,SUP-03,13,2,604.07,False,7569.3099999999995,3340.8199999999993
2025-11-29,P012,Signature blend 12,Sports,S04,Store 04,West,8,1081.33,0.0,False,False,Clear,44,SUP-03,13,0,604.07,False,8650.64,3818.079999999999
2025-11-30,P012,Signature blend 12,Sports,S04,Store 04,West,7,1081.33,0.0,False,False,Clear,37,SUP-03,13,0,604.07,False,7569.3099999999995,3340.8199999999993
2025-12-01,P012,Signature blend 12,Sports,S04,Store 04,West,8,1081.33,0.0,False,False,Clear,29,SUP-03,13,0,604.07,False,8650.64,3818.079999999999
2025-12-02,P012,Signature blend 12,Sports,S04,Store 04,West,4,1081.33,0.0,False,False,Clear,25,SUP-03,13,0,604.07,False,4325.32,1909.0399999999995
2025-12-03,P012,Signature blend 12,Sports,S04,Store 04,West,3,1081.33,0.0,False,False,Clear,124,SUP-03,13,0,604.07,False,3243.99,1431.7799999999997
2025-12-04,P012,Signature blend 12,Sports,S04,Store 04,West,8,1081.33,0.0,False,False,Clear,116,SUP-03,13,0,604.07,False,8650.64,3818.079999999999
2025-12-05,P012,Signature blend 12,Sports,S04,Store 04,West,6,1081.33,0.0,False,False,Clear,110,SUP-03,13,0,604.07,False,6487.98,2863.5599999999995
2025-12-06,P012,Signature blend 12,Sports,S04,Store 04,West,9,1081.33,0.0,False,False,Clear,101,SUP-03,13,0,604.07,False,9731.97,4295.339999999999
2025-12-07,P012,Signature blend 12,Sports,S04,Store 04,West,13,1081.33,0.0,False,False,Clear,88,SUP-03,13,1,604.07,False,14057.289999999999,6204.379999999998
2025-12-08,P012,Signature blend 12,Sports,S04,Store 04,West,4,1081.33,0.0,False,False,Clear,84,SUP-03,13,0,604.07,False,4325.32,1909.0399999999995
2025-12-09,P012,Signature blend 12,Sports,S04,Store 04,West,8,1081.33,0.0,False,False,Clear,76,SUP-03,13,0,604.07,False,8650.64,3818.079999999999
2025-12-10,P012,Signature blend 12,Sports,S04,Store 04,West,5,1081.33,0.0,False,False,Clear,71,SUP-03,13,0,604.07,False,5406.65,2386.2999999999993
2025-12-11,P012,Signature blend 12,Sports,S04,Store 04,West,11,1081.33,0.0,False,False,Clear,60,SUP-03,13,0,604.07,False,11894.63,5249.859999999999
2025-12-12,P012,Signature blend 12,Sports,S04,Store 04,West,5,1081.33,0.0,False,False,Clear,55,SUP-03,13,0,604.07,False,5406.65,2386.2999999999993
2025-12-13,P012,Signature blend 12,Sports,S04,Store 04,West,7,1081.33,0.0,False,False,Clear,48,SUP-03,13,0,604.07,False,7569.3099999999995,3340.8199999999993
2025-12-14,P012,Signature blend 12,Sports,S04,Store 04,West,5,1081.33,0.0,False,False,Clear,43,SUP-03,13,0,604.07,False,5406.65,2386.2999999999993
2025-12-15,P012,Signature blend 12,Sports,S04,Store 04,West,7,973.2,0.1,True,False,Clear,36,SUP-03,13,0,604.07,False,6812.400000000001,2583.91
2025-12-16,P012,Signature blend 12,Sports,S04,Store 04,West,8,1081.33,0.0,False,False,Clear,148,SUP-03,13,0,604.07,False,8650.64,3818.079999999999
2025-12-17,P012,Signature blend 12,Sports,S04,Store 04,West,8,973.2,0.1,True,False,Clear,140,SUP-03,13,1,604.07,False,7785.6,2953.04
2025-12-18,P012,Signature blend 12,Sports,S04,Store 04,West,6,1081.33,0.0,False,False,Clear,134,SUP-03,13,0,604.07,False,6487.98,2863.5599999999995
2025-12-19,P012,Signature blend 12,Sports,S04,Store 04,West,7,1081.33,0.0,False,False,Clear,127,SUP-03,13,0,604.07,False,7569.3099999999995,3340.8199999999993
2025-12-20,P012,Signature blend 12,Sports,S04,Store 04,West,7,1081.33,0.0,False,False,Clear,120,SUP-03,13,1,604.07,False,7569.3099999999995,3340.8199999999993
2025-12-21,P012,Signature blend 12,Sports,S04,Store 04,West,9,1081.33,0.0,False,False,Clear,111,SUP-03,13,1,604.07,False,9731.97,4295.339999999999
2025-12-22,P012,Signature blend 12,Sports,S04,Store 04,West,8,1081.33,0.0,False,False,Clear,103,SUP-03,13,0,604.07,False,8650.64,3818.079999999999
2025-12-23,P012,Signature blend 12,Sports,S04,Store 04,West,9,1081.33,0.0,False,False,Clear,94,SUP-03,13,0,604.07,False,9731.97,4295.339999999999
2025-12-24,P012,Signature blend 12,Sports,S04,Store 04,West,8,1081.33,0.0,False,False,Rain,86,SUP-03,13,0,604.07,False,8650.64,3818.079999999999
2025-12-25,P012,Signature blend 12,Sports,S04,Store 04,West,7,1081.33,0.0,False,True,Clear,79,SUP-03,13,0,604.07,False,7569.3099999999995,3340.8199999999993
2025-12-26,P012,Signature blend 12,Sports,S04,Store 04,West,12,1081.33,0.0,False,False,Clear,67,SUP-03,13,0,604.07,False,12975.96,5727.119999999999
2025-12-27,P012,Signature blend 12,Sports,S04,Store 04,West,13,1081.33,0.0,False,False,Clear,54,SUP-03,13,0,604.07,False,14057.289999999999,6204.379999999998
2025-12-28,P012,Signature blend 12,Sports,S04,Store 04,West,7,1081.33,0.0,False,False,Clear,47,SUP-03,13,0,604.07,False,7569.3099999999995,3340.8199999999993
2025-12-29,P012,Signature blend 12,Sports,S04,Store 04,West,9,1081.33,0.0,False,False,Clear,158,SUP-03,13,0,604.07,False,9731.97,4295.339999999999
2025-12-30,P012,Signature blend 12,Sports,S04,Store 04,West,15,973.2,0.1,True,False,Clear,143,SUP-03,13,0,604.07,False,14598.0,5536.95
2025-12-31,P012,Signature blend 12,Sports,S04,Store 04,West,9,1081.33,0.0,False,False,Clear,134,SUP-03,13,0,604.07,False,9731.97,4295.339999999999
